"_lat","_lon","access","addr:city","addr:country","addr:housenumber","addr:postcode","addr:state","addr:street","air_conditioning","alt_name","alt_name:en","amenity","barrier","building","building:levels","building:levels:aboveground","building:material","camera:direction","camera:mount","camera:type","changeset","check_date","covered","dataset","dcgis:captureyear","dcgis:dataset","dcgis:featurecode","dcgis:gis_id","dcgis:lot","dcgis:square","direction","ele","email","enforcement","facebook","fax","gnis:feature_id","government","height","highway","id","indoor","lit","man_made","manufacturer","manufacturer:wikidata","mappingdc:gid","maxspeed","name","name:be","name:el","name:en","name:es","name:pl","name:ru","not:operator:wikidata","note","office","opening_hours","operator","operator:short","operator:type","operator:wikidata","owner","phone","police","ref","roof:shape","short_name","short_name:be","short_name:en","short_name:ru","smoking","source","subject:wikidata","support","surveillance","surveillance:type","surveillance:zone","tiger:reviewed","timestamp","traffic_sign","type","uid","user","version","website","wheelchair","wikidata","wikimedia_commons","wikipedia"
"38.91531250344531","-77.08842515945435",,,,,,,,,,,,,,,,,,,,50120294,,,,,,,,,,,,,,,,,,,,"node/4957641409",,,"surveillance",,,,,,,,,,,,,,,,,,,,,,,,,,,,,,,,,,"camera",,,"2017-07-07T23:11:34Z",,,550560,"Seandebasti",1,,,,,,
"38.89963352411789","-77.0985746383667",,,,,,,,,,,,,,,,,,,,173514341,,,,,,,,,,"80",,,,,,,,,,"node/13244875991",,,"surveillance","Flock Safety","Q108485435",,,,,,,,,,,,,,"Arlington County Police Department",,,,,,,,,,,,,,,,,"camera","ALPR","traffic",,"2025-10-20T00:39:48Z",,,23414436,"PackerFan_0007!",1,,,,,,
"38.89980051764647","-77.09855318069458",,,,,,,,,,,,,,,,,,,"fixed",173514350,,,,,,,,,,"260",,,,,,,,,,"node/13244881230",,,"surveillance","Flock Safety","Q108485435",,,,,,,,,,,,,,,,,,,,,,,,,,,,,,,"traffic","ALPR","traffic",,"2025-10-20T00:40:54Z",,,23414436,"PackerFan_0007!",1,,,,,,
"38.88937936914172","-77.0917296409607",,,,,,,,,,,,,,,,,,,"fixed",174748073,,,,,,,,,,"200",,,,,,,,,,"node/7120042451",,,"surveillance","Flock Safety","Q108485435",,,,,,,,,,,,,,"Arlington County Police Department",,,,,,,,,,,,,,,,,"camera","ALPR","traffic",,"2025-11-16T22:18:23Z",,,23513215,"gravesman",2,,,,,,
"38.889713404031255","-77.08359718322754",,,,,,,,,,,,,,,,,,"pole","dome",57645735,,,,,,,,,,,,,,,,,,,,"node/1690324728",,,"surveillance",,,,,,,,,,,,,,,,,,,,,,,,,,,,,,,,,"outdoor","camera","town",,"2018-03-29T20:47:28Z",,,189712,"speaketh",4,,,,,,
"38.890014034088836","-77.08361864089966",,,,,,,,,,,,,,,,,,"pole","dome",57645735,,,,,,,,,,,,,,,,,,,,"node/1690324736",,,"surveillance",,,,,,,,,,,,,,,,,,,,,,,,,,,,,,,,,"outdoor","camera","town",,"2018-03-29T20:47:28Z",,,189712,"speaketh",4,,,,,,
"38.88091106008156","-77.0903992652893",,,,,,,,,,,,,,,,,,"light post (with solar panel)","fixed",177704803,,,,,,,,,,"319",,,,,,,,,,"node/13485289801",,,"surveillance","Leonardo","Q910379",,,,,,,,,,,,,,,,,,,,,,,,,,,,,,,"public","ALPR","traffic",,"2026-01-26T03:34:55Z",,,23435942,"Mpugs",1,,,,,,
"38.88074402213866","-77.08745956420898",,,,,,,,,,,,,,,,,,,"fixed",177044745,,,,,,,,,,"112",,,,,,,,,,"node/13443991301",,,"surveillance","Flock Safety","Q108485435",,,,,,,,,,,,,,,,,,,,,,,,,,,,,,,"public","ALPR","traffic",,"2026-01-09T23:29:26Z",,,1973252,"Ravenfc",1,,,,,,
"38.87985871448575","-77.09001302719116",,,,,,,,,,,,,,,,,,"pole","fixed",179809150,,,,,,,,,,"120",,,,,,,,,,"node/13645173601",,,"surveillance","Leonardo","Q910379",,,,,,,,,,,,,,,,,,,,,,,,,,,,,,,"public","ALPR","traffic",,"2026-03-13T12:38:17Z",,,23750221,"Nibbler3000",1,,,,,,
"38.94298854949028","-76.96480751037598",,,,,,,,,,,,,,,,,"95","pole","fixed",99836233,,,,,,,,,,,,,,,,,,,,"node/8449759179",,,"surveillance",,,,,,,,,,,,,,,,,,,,,,,,,,,,,,,,,"camera","camera","street",,"2021-02-23T14:47:57Z",,,651903,"0x0000",2,,,,,,
"38.94293848195747","-76.96470022201538",,,,,,,,,,,,,,,,,"45","wall","fixed",162925270,"2025-02-25",,,,,,,,,,,,,,,,,,,"node/8449759895",,,"surveillance",,,,,,,,,,,,,,,,,,,,,,,,,,,,,,"local knowledge",,,"outdoor","camera","street",,"2025-02-25T10:14:51Z",,,651903,"0x0000",2,,,,,,
"38.94323888662399","-76.96521520614624",,,,,,,,,,,,,,,,,"345","pole","dome",166153591,,,,,,,,,,,,,,,,,,,,"node/12830388171",,,"surveillance",,,,,,,,,,,,,,,,,,,,,,,,,,,,,,,,,"cctv","camera","area",,"2025-05-12T13:42:34Z",,,651903,"0x0000",1,,,,,,
"38.94323888662399","-76.96521520614624",,,,,,,,,,,,,,,,,"345","pole","fixed",166153591,,,,,,,,,,,,,,,,,,,,"node/12830388170",,,"surveillance",,,,,,,,,,,,,,,,,,,,,,,,,,,,,,,,,"traffic","camera","street",,"2025-05-12T13:42:34Z",,,651903,"0x0000",1,,,,,,
"38.93808176322534","-76.96081638336182",,,,,,,,,,,,,,,,,"20","pole","fixed",163267102,"2025-03-05",,,,,,,,,,,,,,,,,,,"node/8481217465",,,"surveillance",,,,,,,,,,,,,,,,,,,,,,,,,,,,,,,,,"outdoor","camera","building",,"2025-03-06T01:58:55Z",,,651903,"0x0000",2,,,,,,
"38.94539174948517","-76.94658994674683",,,,,,,,,,,,,,,,,,,"fixed",179510894,,,,,,,,,,"32",,,,,,,,,,"node/13625733401",,,"surveillance","Flock Safety","Q108485435",,,,,,,,,,,,,,,,,,,,,,,,,,,,,,,"public","ALPR","traffic",,"2026-03-07T21:21:30Z",,,23866722,"UTIL221",1,,,,,,
"38.946126044346016","-76.9462251663208",,,,,,,,,,,,,,,,,,,"fixed",179510907,,,,,,,,,,"201",,,,,,,,,,"node/13625734301",,,"surveillance","Flock Safety","Q108485435",,,,,,,,,,,,,,,,,,,,,,,,,,,,,,,"public","ALPR","traffic",,"2026-03-07T21:21:59Z",,,23866722,"UTIL221",1,,,,,,
"38.951683074755096","-76.93403720855713",,,,,,,,,,,,,,,,,,,"fixed",179541166,,,,,,,,,,"216",,,,,,,,,,"node/13627030601",,,"surveillance","Flock Safety","Q108485435",,,,,,,,,,,,,,,,,,,,,,,,,,,,,,,"public","ALPR","traffic",,"2026-03-08T16:26:02Z",,,23866722,"UTIL221",1,,,,,,
"38.893621495535996","-76.92882299423218",,,,,,,,,,,,,,,,,,,"fixed",177080443,,,,,,,,,,"63",,,,,,,,,,"node/13447212501",,,"surveillance","Flock Safety","Q108485435",,,,,,,,,,,,,,"Metro Police Department",,,,,,,,,,,,,,,,,"public","ALPR","traffic",,"2026-01-10T23:36:40Z",,,23307562,"Wedge A",1,,,,,,
"38.894940845397656","-76.92796468734741",,,,,,,,,,,,,,,,,,,"fixed",177080485,,,,,,,,,,"191",,,,,,,,,,"node/13447214601",,,"surveillance","Flock Safety","Q108485435",,,,,,,,,,,,,,"Metro Police Department",,,,,,,,,,,,,,,,,"public","ALPR","traffic",,"2026-01-10T23:39:44Z",,,23307562,"Wedge A",1,,,,,,
"38.92634749286856","-76.92893028259277",,,,,,,,,,,,,,,,,,,"fixed",179468611,,,,,,,,,,"186;229",,,,,,,,,,"node/13624133501",,,"surveillance","Flock Safety","Q108485435",,,,,,,,,,,,,,,,,,,,,,,,,,,,,,,"public","ALPR","traffic",,"2026-03-06T23:56:30Z",,,23866722,"UTIL221",1,,,,,,
"38.923209122864904","-76.93264245986938",,,,,,,,,,,,,,,,,"110","pole","fixed",179310256,,,,,,,,,,,,,,,,,,,,"node/13614880475",,,"surveillance","man_made=surveillance surveillance:type=ALPR surveillance=public camera:type=fixed surveillance:zone=traffic manufacturer=Flock Safety manufacturer:wikidata=Q108485435",,,,,,,,,,,,,,,,,,,,,,,,,,,,,,,,"private","camera","traffic",,"2026-03-03T16:17:43Z",,,23895007,"LarryFishman",1,,,,,,
"38.921406166673734","-76.93296432495117",,,,,,,,,,,,,,,,,,,,179310068,,,,,,,,,,"39",,,,,,,,,,"node/13614914212",,,"surveillance",,,,,,,,,,,,,,,,,,,,,,,,,,,,,,,,,"camera","ALPR","traffic",,"2026-03-03T16:14:08Z",,,23895007,"LarryFishman",1,,,,,,
"38.92020417042664","-76.95382118225098",,,,,,,,,,,,,,,,,,,"fixed",171944396,,,,,,,,,,"180",,,,,,,,,,"node/13143781376",,,"surveillance","Flock Safety","Q108485435",,,,,,,,,,,,,,,,,,,,,,,,,,,,,,,,"ALPR",,,"2025-09-15T04:22:36Z",,,22566125,"hello_moto",1,,,,,,
"38.920471282463495","-76.95435762405396",,,,,,,,,,,,,,,,,,,"fixed",171944428,,,,,,,,,,"175",,,,,,,,,,"node/13143740874",,,"surveillance","Flock Safety","Q108485435",,,,,,,,,,,,,,,,,,,,,,,,,,,,,,,,"ALPR",,,"2025-09-15T04:23:50Z",,,22566125,"hello_moto",1,,,,,,
"38.92522904714053","-76.96542978286743",,,,,,,,,,,,,,,,,"120","pole","fixed",110883801,,,,,,,,,,,,,,,,,,,,"node/9072330942",,,"surveillance",,,,,,,,,,,,,"Both speed and red-light; super sensitive",,,,,,,,,,,,,,,,,,,,"red_light","camera","traffic",,"2021-09-08T01:12:26Z",,,651903,"0x0000",1,,,,,,
"38.92564637969829","-76.9756007194519",,,,,,,,,,,,,,,,,,,"fixed",171965175,,,,,,,,,,"130",,,,,,,,,,"node/13144477387",,,"surveillance","Flock Safety","Q108485435",,,,,,,,,,,,,,,,,,,,,,,,,,,,,,,,"ALPR",,,"2025-09-15T13:06:58Z",,,22566125,"hello_moto",1,,,,,,
"38.9256296864431","-76.97693109512329",,,,,,,,,,,,,,,,,,,"fixed",171965272,,,,,,,,,,"245",,,,,,,,,,"node/13144504208",,,"surveillance","Flock Safety","Q108485435",,,,,,,,,,,,,,,,,,,,,,,,,,,,,,,,"ALPR",,,"2025-09-15T13:09:05Z",,,22566125,"hello_moto",1,,,,,,
"38.89841445946146","-76.9818663597107",,,,,,,,,,,,,,,,,,,"fixed",177081367,,,,,,,,,,"0",,,,,,,,,,"node/13447268101",,,"surveillance","Flock Safety","Q108485435",,,,,,,,,,,,,,"Metro Police Department",,,,,,,,,,,,,,,,,"public","ALPR","traffic",,"2026-01-11T00:44:09Z",,,23307562,"Wedge A",1,,,,,,
"38.89841445946146","-76.98182344436646",,,,,,,,,,,,,,,,,,,"fixed",177081372,,,,,,,,,,"189",,,,,,,,,,"node/13447268201",,,"surveillance","Flock Safety","Q108485435",,,,,,,,,,,,,,"Metro Police Department",,,,,,,,,,,,,,,,,"public","ALPR","traffic",,"2026-01-11T00:44:27Z",,,23307562,"Wedge A",1,,,,,,
"38.89340438498249","-76.98083639144897",,,,,,,,,,,,,,,,,,,"fixed",177081698,,,,,,,,,,"264",,,,,,,,,,"node/13447288101",,,"surveillance","Flock Safety","Q108485435",,,,,,,,,,,,,,"Metro Police Department",,,,,,,,,,,,,,,,,"public","ALPR","traffic",,"2026-01-11T01:10:22Z",,,23307562,"Wedge A",1,,,,,,
"38.893203974651726","-76.98068618774414",,,,,,,,,,,,,,,,,,,"fixed",177081721,,,,,,,,,,"88",,,,,,,,,,"node/13447291301",,,"surveillance","Flock Safety","Q108485435",,,,,,,,,,,,,,"Metro Police Department",,,,,,,,,,,,,,,,,"public","ALPR","traffic",,"2026-01-11T01:12:18Z",,,23307562,"Wedge A",1,,,,,,
"38.89853135697953","-76.98188781738281",,,,,,,,,,,,,,,,,,,"fixed",177081681,,,,,,,,,,"98",,,,,,,,,,"node/13447287101",,,"surveillance","Flock Safety","Q108485435",,,,,,,,,,,,,,,,,,,,,,,,,,,,,,,"public","ALPR","traffic",,"2026-01-11T01:09:21Z",,,23307562,"Wedge A",1,,,,,,
"38.90385833966778","-76.97405576705933",,,,,,,,,,,,,,,,,,,"fixed",177161551,,,,,,,,,,"50",,,,,,,,,,"node/13451711193",,,"surveillance","Flock Safety","Q108485435",,,,,,,,,,,,,,"Metropolitan Police Department",,,,,,,,,,,,,,,,,,"ALPR",,,"2026-01-13T03:08:24Z",,,23307562,"Wedge A",1,,,,,,
"38.90302341581449","-76.94635391235352",,,,,,,,,,,,,,,,,,,"fixed",177080693,,,,,,,,,,"160",,,,,,,,,,"node/13447227501",,,"surveillance","Flock Safety","Q108485435",,,,,,,,,,,,,,"Metro Police Department",,,,,,,,,,,,,,,,,"public","ALPR","traffic",,"2026-01-10T23:53:44Z",,,23307562,"Wedge A",1,,,,,,
"38.90205489184416","-76.9489073753357",,,,,,,,,,,,,,,,,,,"fixed",177080634,,,,,,,,,,"300",,,,,,,,,,"node/13447224901",,,"surveillance","Flock Safety","Q108485435",,,,,,,,,,,,,,"Metro Police Department",,,,,,,,,,,,,,,,,"public","ALPR","traffic",,"2026-01-10T23:49:25Z",,,23307562,"Wedge A",1,,,,,,
"38.887391829071106","-76.95214748382568",,,,,,,,,,,,,,,,,,,"fixed",177079804,,,,,,,,,,"32",,,,,,,,,,"node/13447168201",,,"surveillance","Flock Safety","Q108485435",,,,,,,,,,,,,,,,,,,,,,,,,,,,,,,"public","ALPR","traffic",,"2026-01-10T22:57:46Z",,,23307562,"Wedge A",1,,,,,,
"38.8876924689539","-76.95109605789185",,,,,,,,,,,,,,,,,,,"fixed",177079923,,,,,,,,,,"129",,,,,,,,,,"node/13447172401",,,"surveillance","Flock Safety","Q108485435",,,,,,,,,,,,,,,,,,,,,,,,,,,,,,,"public","ALPR","traffic",,"2026-01-10T23:03:59Z",,,23307562,"Wedge A",1,,,,,,
"38.92112236384057","-76.99240207672119",,,,,,,,,,,,,,,,,,,"fixed",171964046,,,,,,,,,,"65",,,,,,,,,,"node/13143761497",,,"surveillance","Flock Safety","Q108485435",,,,,,,,,,,,,,"The Home Depot",,,"Q864407",,,,,,,,,,,,,,,"ALPR",,,"2025-09-15T12:40:21Z",,,22566125,"hello_moto",2,,,,,,
"38.91956977530924","-76.99156522750854",,,,,,,,,,,,,,,,,,,"fixed",171964046,,,,,,,,,,"200",,,,,,,,,,"node/13143712577",,,"surveillance","Flock Safety","Q108485435",,,,,,,,,,,,,,"The Home Depot",,,"Q864407",,,,,,,,,,,,,,,"ALPR",,,"2025-09-15T12:40:21Z",,,22566125,"hello_moto",2,,,,,,
"38.90011780426886","-76.99482679367065",,,,,,,,,,,,,,,,,"81",,"fixed",173558136,,,,,,,,,,,,,,,,,,,,"node/13158928017",,,"surveillance","Flock Safety",,,,,,,,,,,,,,,,,,"Q108485435",,,,,,,,,,,,,,,"ALPR",,,"2025-10-20T22:32:09Z",,,19955230,"floweringnight",2,,,,,,
"38.89418931999967","-76.99652194976807",,,,,,,,,,,,,,,,,,,,158987239,,,,,,,,,,,,,,,,,,,,"node/12329220884",,,"surveillance",,,,,,,,,,,,,,,,,,,,,,,,,,,,,,,,,,"camera",,,"2024-11-10T22:08:46Z",,,8486808,"John Kastner",2,,,,,,
"38.8839844881461","-76.99489116668701",,,,,,,,,,,,,,,,,,,"fixed",180220976,,,,,,,,,,"110",,,,,,,,,,"node/13667475401",,,"surveillance","Flock Safety","Q108485435",,,,,,,,,,,,,,"Metro Police Department",,,,,,,,,,,,,,,,,"public","ALPR","traffic",,"2026-03-21T18:34:45Z",,,23307562,"Wedge A",1,,,,,,
"38.88440206322224","-76.99506282806396",,,,,,,,,,,,,,,,,"284",,"fixed",173558155,,,,,,,,,,,,,,,,,,,,"node/13179006642",,,"surveillance","Flock Safety",,,,,,,,,,,,,,,,,,"Q108485435",,,,,,,,,,,,,,,"ALPR","traffic",,"2025-10-20T22:33:26Z",,,19955230,"floweringnight",2,,,,,,
"38.879190550462965","-76.99508428573608",,,,,,,,,,,,,,,,,,,"fixed",180265589,,,,,,,,,,"182",,,,,,,,,,"node/13669753701",,,"surveillance","Flock Safety","Q108485435",,,,,,,,,,,,,,"Metro Police Department",,,,,,,,,,,,,,,,,"public","ALPR","traffic",,"2026-03-22T18:06:30Z",,,23307562,"Wedge A",1,,,,,,
"38.87934088791587","-76.99416160583496",,,,,,,,,,,,,,,,,,,"fixed",180265808,,,,,,,,,,"273",,,,,,,,,,"node/13669761201",,,"surveillance","Flock Safety","Q108485435",,,,,,,,,,,,,,"Metro Police Department",,,,,,,,,,,,,,,,,"public","ALPR","traffic",,"2026-03-22T18:10:38Z",,,23307562,"Wedge A",1,,,,,,
"38.8848697443938","-76.9261622428894",,,,,,,,,,,,,,,,,,,"fixed",177080247,,,,,,,,,,"20",,,,,,,,,,"node/13447203801",,,"surveillance","Flock Safety","Q108485435",,,,,,,,,,,,,,,,,,,,,,,,,,,,,,,"public","ALPR","traffic",,"2026-01-10T23:24:06Z",,,23307562,"Wedge A",1,,,,,,
"38.884702715757356","-76.92644119262695",,,,,,,,,,,,,,,,,,,"fixed",177080214,,,,,,,,,,"286",,,,,,,,,,"node/13447201502",,,"surveillance","Flock Safety","Q108485435",,,,,,,,,,,,,,,,,,,,,,,,,,,,,,,"public","ALPR","traffic",,"2026-01-10T23:21:55Z",,,23307562,"Wedge A",1,,,,,,
"38.88461920129191","-76.92596912384033",,,,,,,,,,,,,,,,,,,"fixed",177080265,,,,,,,,,,"92",,,,,,,,,,"node/13447204301",,,"surveillance","Flock Safety","Q108485435",,,,,,,,,,,,,,"Metro Police Department",,,,,,,,,,,,,,,,,"public","ALPR","traffic",,"2026-01-10T23:25:12Z",,,23307562,"Wedge A",1,,,,,,
"38.88338317572479","-76.95105314254761",,,,,,,,,,,,,,,,,,,"fixed",177079479,,,,,,,,,,"120",,,,,,,,,,"node/13447159701",,,"surveillance","Flock Safety","Q108485435",,,,,,,,,,,,,,"Metro Police Department",,,,,,,,,,,,,,,,,"public","ALPR","traffic",,"2026-01-10T22:43:56Z",,,23307562,"Wedge A",1,,,,,,
"38.88343328528762","-76.95154666900635",,,,,,,,,,,,,,,,,,,"fixed",177079450,,,,,,,,,,"276",,,,,,,,,,"node/13447159301",,,"surveillance","Flock Safety","Q108485435",,,,,,,,,,,,,,"Metro Police Department",,,,,,,,,,,,,,,,,"public","ALPR","traffic",,"2026-01-10T22:42:58Z",,,23307562,"Wedge A",1,,,,,,
"38.879725082183796","-76.94854259490967",,,,,,,,,,,,,,,,,,,"fixed",180082527,,,,,,,,,,"185",,,,,,,,,,"node/13660083001",,,"surveillance","Flock Safety","Q108485435",,,,,,,,,,,,,,,,,,,,,,,,,,,,,,,"public","ALPR","traffic",,"2026-03-18T23:02:47Z",,,23924244,"FiloDo4",1,,,,,,
"38.87959144963054","-76.95899248123169",,,,,,,,,,,,,,,,,,,"fixed",180082824,,,,,,,,,,"77",,,,,,,,,,"node/13660107201",,,"surveillance","Flock Safety","Q108485435",,,,,,,,,,,,,,,,,,,,,,,,,,,,,,,"public","ALPR","traffic",,"2026-03-18T23:21:52Z",,,23924244,"FiloDo4",1,,,,,,
"38.89467363727837","-77.06902742385864",,,,,,,,,,,,,,,,,,,"fixed",181557775,,,,,,,,,,"281",,,,,,,,,,"node/13743951501",,,"surveillance","Flock Safety","Q108485435",,,,,,,,,,,,,,,,,,,,,,,,,,,,,,,"public","ALPR","traffic",,"2026-04-19T22:52:39Z",,,23974203,"LivelyCorgi8171",1,,,,,,
"38.895191352096475","-77.07140922546387",,,,,,,,,,,,,,,,,,,"fixed",181557767,,,,,,,,,,"236",,,,,,,,,,"node/13743950901",,,"surveillance","Flock Safety","Q108485435",,,,,,,,,,,,,,,,,,,,,,,,,,,,,,,"public","ALPR","traffic",,"2026-04-19T22:52:23Z",,,23974203,"LivelyCorgi8171",1,,,,,,
"38.895208052511634","-77.07132339477539",,,,,,,,,,,,,,,,,,,"fixed",180379949,,,,,,,,,,"227",,,,,,,,,,"node/13676323301",,,"surveillance","Flock Safety","Q108485435",,,,,,,,,,,,,,,,,,,,,,,,,,,,,,,"public","ALPR","traffic",,"2026-03-24T22:56:39Z",,,23974203,"LivelyCorgi8171",1,,,,,,
"38.89846455842135","-77.0486855506897",,,,,,,,,,,,,,,,,,"wall","dome",180478267,,,,,,,,,,,,,,,,,,,,"node/5071740121",,,"surveillance",,,,,,,,,,,,,,,,,,,,,,,,,,,,,,,,,,"camera",,,"2026-03-26T22:31:48Z",,,9883637,"brandonbds",3,,,,,,
"38.898514657345885","-77.0486855506897",,,,,,,,,,,,,,,,,,"roof","fixed",180478267,,,,,,,,,,,,,,,,,,,,"node/5071741921",,,"surveillance",,,,,,,,,,,,,,,,,,,,,,,,,,,,,,,,,,"camera",,,"2026-03-26T22:31:48Z",,,9883637,"brandonbds",3,,,,,,
"38.90514410319881","-77.031991481781",,,,,,,,,,,,,,,,,,"pole","dome",111942725,,,,,,,,,,,,,,,,,,,,"node/4734366922",,,"surveillance",,,,,,,,,,,,,,,,,,,,,,,,,,,,,,"survey",,,"outdoor","camera",,,"2021-10-01T04:09:44Z",,,2591427,"snake21",2,,,,,,
"38.90273953946772","-77.03179836273193",,,,,,,,,,,,,,,,,"225","wall","fixed",143434825,"2023-10-31",,,,,,,,,,,,,,,,,,,"node/4734363429",,,"surveillance",,,,,,,,,,,,,,,,,,,,,,,,,,,,,,"survey",,,"outdoor","camera",,,"2023-10-31T17:29:24Z",,,7096975,"Peter Newman",2,,,,,,
"38.90145373238991","-77.03345060348511",,,,,,,,,,,,,,,,,,"wall","dome",154577747,"2024-07-29",,,,,,,,,,,,,,,,,,,"node/6390824147",,,"surveillance",,,,,,,,,,,,,,,,,,,,,,,,,,,,,,,,,"outdoor","camera","street",,"2024-07-29T19:32:32Z",,,20112842,"StrikeMind",2,,,,,,
"38.90232207219003","-77.03216314315796",,,,,,,,,,,,,,,,,"0","wall","fixed",46842983,,,,,,,,,,,,,,,,,,,,"node/4734363431",,,"surveillance",,,,,,,,,,,,,,,,,,,,,,,,,,,,,,"survey",,,"outdoor","camera",,,"2017-03-14T14:45:28Z",,,4955841,"srevilak",1,,,,,,
"38.90230537344789","-77.03214168548584",,,,,,,,,,,,,,,,,"90","wall","fixed",46842983,,,,,,,,,,,,,,,,,,,,"node/4734363430",,,"surveillance",,,,,,,,,,,,,,,,,,,,,,,,,,,,,,"survey",,,"outdoor","camera",,,"2017-03-14T14:45:28Z",,,4955841,"srevilak",1,,,,,,
"38.90213838581025","-77.03177690505981",,,,,,,,,,,,,,,,,"310","pole","fixed",46842983,,,,,,,,,,,,,,,,,,,,"node/4734363426",,,"surveillance",,,,,,,,,,,,,,,,,,,,,,,,,,,,,,"survey",,,"outdoor","camera","traffic",,"2017-03-14T14:45:28Z",,,4955841,"srevilak",1,,,,,,
"38.90213838581025","-77.0317554473877",,,,,,,,,,,,,,,,,"315","pole","fixed",46842983,,,,,,,,,,,,,,,,,,,,"node/4734363427",,,"surveillance",,,,,,,,,,,,,,,,,,,,,,,,,,,,,,"survey",,,,"camera","traffic",,"2017-03-14T14:45:28Z",,,4955841,"srevilak",1,,,,,,
"38.90148713027088","-77.03207731246948",,,,,,,,,,,,,,,,,,"pole","dome",46842729,,,,,,,,,,,,,,,,,,,,"node/4734348828",,,"surveillance",,,,,,,,,,,,,,,,,,,,,,,,,,,,,,"survey",,,"outdoor","camera",,,"2017-03-14T14:37:35Z",,,4955841,"srevilak",1,,,,,,
"38.90111975271603","-77.0317554473877",,,,,,,,,,,,,,,,,"180",,"fixed",46842729,,,,,,,,,,,,,,,,,,,,"node/4734348827",,,"surveillance",,,,,,,,,,,,,,,,,,,,,,,,,,,,,,"survey",,,"outdoor","camera",,,"2017-03-14T14:37:35Z",,,4955841,"srevilak",1,,,,,,
"38.90120324778178","-77.03383684158325",,,,,,,,,,,,,,,,,"45","wall","fixed",97833216,,,,,,,,,,,,,,,,,,,,"node/610958924",,,"surveillance",,,,,,,,,,,,,,,,,,,,,,,,,,,,,,,,,"outdoor","camera","street",,"2021-01-20T11:24:07Z",,,436419,"wvdp",2,,,,,,
"38.90008440574377","-77.03252792358398",,,,,,,,,,,,,,,,,"270","wall","fixed",138912668,"2023-07-23",,,,,,,,,,,,,,,,,,,"node/4734332212",,,"surveillance",,,,,,,,,,,,,,,,,,,,,,,,,,,,,,"survey",,,"outdoor","camera","entrance",,"2023-07-23T22:23:52Z",,,19626868,"konstantintutsch",2,,,,,,
"38.90011780426886","-77.03177690505981",,,,,,,,,,,,,,,,,,"pole","dome",143327131,"2023-10-29",,,,,,,,,,,,,,,,,,,"node/4734332211",,,"surveillance",,,,,,,,,,,,,,,,,,,,,,,,,,,,,,"survey",,,"outdoor","camera",,,"2023-10-29T19:05:09Z",,,7096975,"Peter Newman",2,,,,,,
"38.89853135697953","-77.03409433364868",,,,,,,,,,,,,,,,,,"pole","dome",96312708,,,,,,,,,,,,,,,,,,"10",,"node/4838971242",,,"surveillance",,,,,"345",,,,,,,,,,,,,,,,,,,,,,,,,,,,"public","camera","building",,"2020-12-23T09:51:46Z",,,18480,"nickvet419",3,,,,,,
"38.898998945127516","-77.03488826751709",,,,,,,,,,,,,,,,,"180","roof","panning",140671934,"2023-09-01",,,,,,,,,,,,,,,,,"30",,"node/4838971231",,,"surveillance",,,,,"448",,,,,,,,,,,,,,,,,,,,,,,,,,,,"public","camera","building",,"2023-09-01T10:15:18Z",,,6237857,"MBTY1",3,,,,,,
"38.89901564464728","-77.03482389450073",,,,,,,,,,,,,,,,,"100-260","roof","dome",140671934,"2023-09-01",,,,,,,,,,,,,,,,,"30",,"node/4838971232",,,"surveillance",,,,,"449",,,,,,,,,,,,,,,,,,,,,,,,,,,,"public","camera","building",,"2023-09-01T10:15:15Z",,,6237857,"MBTY1",2,,,,,,
"38.89888204837919","-77.03471660614014",,,,,,,,,,,,,,,,,,"pole","dome",165777176,"2023-09-01",,,,,,,,,,,,,,,,,"10",,"node/4838971259",,,"surveillance",,,,,"362",,,,,,,,,,,,,,,,,,,,,,,,,,,,"public","camera","building",,"2025-05-03T21:03:36Z",,,22417964,"Flap Slimy Outward",3,,,,,,
"38.89888204837919","-77.03463077545166",,,,,,,,,,,,,,,,,,"pole","dome",165777176,"2023-09-01",,,,,,,,,,,,,,,,,"10",,"node/4838971260",,,"surveillance",,,,,"363",,,,,,,,,,,,,,,,,,,,,,,,,,,,"public","camera","building",,"2025-05-03T21:03:36Z",,,22417964,"Flap Slimy Outward",3,,,,,,
"38.89853135697953","-77.03448057174683",,,,,,,,,,,,,,,,,,"pole","dome",96312708,,,,,,,,,,,,,,,,,,"10",,"node/4838971241",,,"surveillance",,,,,"344",,,,,,,,,,,,,,,,,,,,,,,,,,,,"public","camera","building",,"2020-12-23T09:51:46Z",,,18480,"nickvet419",3,,,,,,
"38.898548056609286","-77.03529596328735",,,,,,,,,,,,,,,,,,"pole","dome",96237727,,,,,,,,,,,,,,,,,,"10",,"node/4838971240",,,"surveillance",,,,,"343",,,,,,,,,,,,,,,,,,,,,,,,,,,,"public","camera","building",,"2020-12-22T07:16:57Z",,,18480,"nickvet419",2,,,,,,
"38.89853135697953","-77.03538179397583",,,,,,,,,,,,,,,,,,"pole","dome",96237727,,,,,,,,,,,,,,,,,,"10",,"node/4838971239",,,"surveillance",,,,,"342",,,,,,,,,,,,,,,,,,,,,,,,,,,,"public","camera","building",,"2020-12-22T07:16:57Z",,,18480,"nickvet419",2,,,,,,
"38.89844785877199","-77.0354676246643",,,,,,,,,,,,,,,,,"0-90","pole","panning",140671934,"2023-09-01",,,,,,,,,,,,,,,,,"5",,"node/4838969212",,,"surveillance",,,,,"335",,,,,,,,,,,,,,,,,,,,,,,,,,,,"outdoor","camera","building",,"2023-09-01T10:14:46Z",,,6237857,"MBTY1",2,,,,,,
"38.89888204837919","-77.03538179397583",,,,,,,,,,,,,,,,,,"pole","dome",96587576,,,,,,,,,,,,,,,,,,"10",,"node/4838971257",,,"surveillance",,,,,"360",,,,,,,,,,,,,,,,,,,,,,,,,,,,"public","camera","building",,"2020-12-29T09:25:40Z",,,18480,"nickvet419",2,,,,,,
"38.89888204837919","-77.03536033630371",,,,,,,,,,,,,,,,,,"pole","dome",96587576,,,,,,,,,,,,,,,,,,"10",,"node/4838971258",,,"surveillance",,,,,"361",,,,,,,,,,,,,,,,,,,,,,,,,,,,"public","camera","building",,"2020-12-29T09:25:40Z",,,18480,"nickvet419",2,,,,,,
"38.89888204837919","-77.03589677810669",,,,,,,,,,,,,,,,,,"pole","dome",96587576,,,,,,,,,,,,,,,,,,"10",,"node/4838971256",,,"surveillance",,,,,"359",,,,,,,,,,,,,,,,,,,,,,,,,,,,"public","camera","building",,"2020-12-29T09:25:40Z",,,18480,"nickvet419",2,,,,,,
"38.89888204837919","-77.03598260879517",,,,,,,,,,,,,,,,,,"pole","dome",96587576,,,,,,,,,,,,,,,,,,"10",,"node/4838971255",,,"surveillance",,,,,"358",,,,,,,,,,,,,,,,,,,,,,,,,,,,"public","camera","building",,"2020-12-29T09:25:40Z",,,18480,"nickvet419",2,,,,,,
"38.89853135697953","-77.03591823577881",,,,,,,,,,,,,,,,,,"pole","dome",96237727,,,,,,,,,,,,,,,,,,"10",,"node/4838971238",,,"surveillance",,,,,"341",,,,,,,,,,,,,,,,,,,,,,,,,,,,"public","camera","building",,"2020-12-22T07:16:57Z",,,18480,"nickvet419",2,,,,,,
"38.89853135697953","-77.03598260879517",,,,,,,,,,,,,,,,,,"pole","dome",96237727,,,,,,,,,,,,,,,,,,"10",,"node/4838971237",,,"surveillance",,,,,"340",,,,,,,,,,,,,,,,,,,,,,,,,,,,"public","camera","building",,"2020-12-22T07:16:57Z",,,18480,"nickvet419",2,,,,,,
"38.89853135697953","-77.0365834236145",,,,,,,,,,,,,,,,,,"pole","dome",96237727,,,,,,,,,,,,,,,,,,"10",,"node/4838971235",,,"surveillance",,,,,"338",,,,,,,,,,,,,,,,,,,,,,,,,,,,"public","camera","building",,"2020-12-22T07:16:57Z",,,18480,"nickvet419",2,,,,,,
"38.89853135697953","-77.03651905059814",,,,,,,,,,,,,,,,,,"pole","dome",96237727,,,,,,,,,,,,,,,,,,"10",,"node/4838971236",,,"surveillance",,,,,"339",,,,,,,,,,,,,,,,,,,,,,,,,,,,"public","camera","building",,"2020-12-22T07:16:57Z",,,18480,"nickvet419",2,,,,,,
"38.89853135697953","-77.03707695007324",,,,,,,,,,,,,,,,,,"pole","dome",96237727,,,,,,,,,,,,,,,,,,"10",,"node/4838971233",,,"surveillance",,,,,"336",,,,,,,,,,,,,,,,,,,,,,,,,,,,"public","camera","building",,"2020-12-22T07:16:57Z",,,18480,"nickvet419",2,,,,,,
"38.89888204837919","-77.03707695007324",,,,,,,,,,,,,,,,,,"pole","dome",96587576,,,,,,,,,,,,,,,,,,"10",,"node/4838971252",,,"surveillance",,,,,"355",,,,,,,,,,,,,,,,,,,,,,,,,,,,"public","camera","building",,"2020-12-29T09:25:40Z",,,18480,"nickvet419",2,,,,,,
"38.89888204837919","-77.0365834236145",,,,,,,,,,,,,,,,,,"pole","dome",96587576,,,,,,,,,,,,,,,,,,"10",,"node/4838971253",,,"surveillance",,,,,"356",,,,,,,,,,,,,,,,,,,,,,,,,,,,"public","camera","building",,"2020-12-29T09:25:40Z",,,18480,"nickvet419",2,,,,,,
"38.89888204837919","-77.03649759292603",,,,,,,,,,,,,,,,,,"pole","dome",96587576,,,,,,,,,,,,,,,,,,"10",,"node/4838971254",,,"surveillance",,,,,"357",,,,,,,,,,,,,,,,,,,,,,,,,,,,"public","camera","building",,"2020-12-29T09:25:40Z",,,18480,"nickvet419",2,,,,,,
"38.89894884654467","-77.03832149505615",,,,,,,,,,,,,,,,,,"roof","dome",140671934,"2023-09-01",,,,,,,,,,,,,,,,,"20",,"node/4838971228",,,"surveillance",,,,,"445",,,,,,,,,,,,,,,,,,,,,,,,,,,,"public","camera","building",,"2023-09-01T10:14:09Z",,,6237857,"MBTY1",2,,,,,,
"38.89894884654467","-77.03821420669556",,,,,,,,,,,,,,,,,"100-260","roof","panning",140671934,"2023-09-01",,,,,,,,,,,,,,,,,"30",,"node/4838971230",,,"surveillance",,,,,"447",,,,,,,,,,,,,,,,,,,,,,,,,,,,"public","camera","building",,"2023-09-01T10:14:06Z",,,6237857,"MBTY1",2,,,,,,
"38.89893214700919","-77.0381498336792",,,,,,,,,,,,,,,,,"100-260","roof","panning",140671934,"2023-09-01",,,,,,,,,,,,,,,,,"30",,"node/4838971229",,,"surveillance",,,,,"446",,,,,,,,,,,,,,,,,,,,,,,,,,,,"public","camera","building",,"2023-09-01T10:14:04Z",,,6237857,"MBTY1",2,,,,,,
"38.89888204837919","-77.0380425453186",,,,,,,,,,,,,,,,,,"pole","dome",140671934,"2023-09-01",,,,,,,,,,,,,,,,,"10",,"node/4838971248",,,"surveillance",,,,,"351",,,,,,,,,,,,,,,,,,,,,,,,,,,,"public","camera","building",,"2023-09-01T10:14:00Z",,,6237857,"MBTY1",2,,,,,,
"38.89888204837919","-77.0376992225647",,,,,,,,,,,,,,,,,,"pole","dome",96587576,,,,,,,,,,,,,,,,,,"10",,"node/4838971249",,,"surveillance",,,,,"352",,,,,,,,,,,,,,,,,,,,,,,,,,,,"public","camera","building",,"2020-12-29T09:25:40Z",,,18480,"nickvet419",2,,,,,,
"38.89888204837919","-77.03763484954834",,,,,,,,,,,,,,,,,,"pole","dome",96587576,,,,,,,,,,,,,,,,,,"10",,"node/4838971250",,,"surveillance",,,,,"353",,,,,,,,,,,,,,,,,,,,,,,,,,,,"public","camera","building",,"2020-12-29T09:25:40Z",,,18480,"nickvet419",2,,,,,,
"38.89888204837919","-77.03709840774536",,,,,,,,,,,,,,,,,,"pole","dome",96587576,,,,,,,,,,,,,,,,,,"10",,"node/4838971251",,,"surveillance",,,,,"354",,,,,,,,,,,,,,,,,,,,,,,,,,,,"public","camera","building",,"2020-12-29T09:25:40Z",,,18480,"nickvet419",2,,,,,,
"38.89853135697953","-77.03731298446655",,,,,,,,,,,,,,,,,,"pole","dome",140671934,"2023-09-01",,,,,,,,,,,,,,,,,"5",,"node/4838971226",,,"surveillance",,,,,"320",,,,,,,,,,,,,,,,,,,,,,,,,,,,"outdoor","camera","building",,"2023-09-01T10:12:36Z",,,6237857,"MBTY1",2,,,,,,
"38.89853135697953","-77.03711986541748",,,,,,,,,,,,,,,,,,"pole","dome",96237727,,,,,,,,,,,,,,,,,,"10",,"node/4838971234",,,"surveillance",,,,,"337",,,,,,,,,,,,,,,,,,,,,,,,,,,,"public","camera","building",,"2020-12-22T07:16:57Z",,,18480,"nickvet419",2,,,,,,
"38.89853135697953","-77.03742027282715",,,,,,,,,,,,,,,,,"180-360","pole","panning",165660179,"2023-09-01",,,,,,,,,,,,,,,,,"5",,"node/4838971227",,,"surveillance",,,,,"319",,,,,,,,,,,,,,,,,,,,,,,,,,,,"outdoor","camera","building",,"2025-05-01T06:16:38Z",,,18480,"nickvet419",3,,,,,,
"38.898548056609286","-77.03767776489258",,,,,,,,,,,,,,,,,,"pole","dome",96237727,,,,,,,,,,,,,,,,,,"10",,"node/4838971244",,,"surveillance",,,,,"347",,,,,,,,,,,,,,,,,,,,,,,,,,,,"public","camera","building",,"2020-12-22T07:16:57Z",,,18480,"nickvet419",2,,,,,,
"38.898548056609286","-77.03761339187622",,,,,,,,,,,,,,,,,,"pole","dome",96237727,,,,,,,,,,,,,,,,,,"10",,"node/4838971243",,,"surveillance",,,,,"346",,,,,,,,,,,,,,,,,,,,,,,,,,,,"public","camera","building",,"2020-12-22T07:16:57Z",,,18480,"nickvet419",2,,,,,,
"38.898548056609286","-77.03806400299072",,,,,,,,,,,,,,,,,,"pole","dome",96237727,,,,,,,,,,,,,,,,,,"10",,"node/4838971245",,,"surveillance",,,,,"348",,,,,,,,,,,,,,,,,,,,,,,,,,,,"public","camera","building",,"2020-12-22T07:16:57Z",,,18480,"nickvet419",2,,,,,,
"38.898548056609286","-77.03784942626953",,,,,,,,,,,,,,,,,"0-180","pole","panning",96314776,,,,,,,,,,,,,,,,,,"5",,"node/4838971225",,,"surveillance",,,,,"318",,,,,,,,,,,,,,,,,,,,,,,,,,,,"outdoor","camera","building",,"2020-12-23T10:19:02Z",,,18480,"nickvet419",3,,,,,,
"38.898481258066795","-77.03787088394165",,,,,,,,,,,,,,,,,"180-360","pole","panning",140671934,"2023-09-01",,,,,,,,,,,,,,,,,"5",,"node/4838971224",,,"surveillance",,,,,"317",,,,,,,,,,,,,,,,,,,,,,,,,,,,"outdoor","camera","building",,"2023-09-01T10:12:38Z",,,6237857,"MBTY1",2,,,,,,
"38.898548056609286","-77.03810691833496",,,,,,,,,,,,,,,,,,"pole","dome",96237727,,,,,,,,,,,,,,,,,,"10",,"node/4838971246",,,"surveillance",,,,,"349",,,,,,,,,,,,,,,,,,,,,,,,,,,,"public","camera","building",,"2020-12-22T07:16:57Z",,,18480,"nickvet419",2,,,,,,
"38.89884864927288","-77.03810691833496",,,,,,,,,,,,,,,,,,"pole","dome",140671934,"2023-09-01",,,,,,,,,,,,,,,,,"10",,"node/4838971247",,,"surveillance",,,,,"350",,,,,,,,,,,,,,,,,,,,,,,,,,,,"public","camera","building",,"2023-09-01T10:14:02Z",,,6237857,"MBTY1",2,,,,,,
"38.89529155452857","-77.0396089553833",,,,,,,,,,,,,,,,,,"wall","dome",115680090,"2022-01-02",,,,,,,,,,,,,,,,,"5",,"node/4838919079",,,"surveillance",,,,,"303",,,,,,,,,,,,,,,,,,,,,,,,,,,,"public","camera","building",,"2022-01-02T18:05:48Z",,,11047726,"Pyrox",2,,,,,,
"38.89829756175095","-77.03737735748291",,,,,,,,,,,,,,,,,,"pole","dome",173582749,"2023-09-01",,,,,,,,,,,,,,,,,"5",,"node/4838971222",,,"surveillance",,,,,"223",,,,,,,,,,,,,,,,,,,,,,,,,,,,"outdoor","camera","building",,"2025-10-21T13:29:56Z",,,18480,"nickvet419",3,,,,,,
"38.89798026699526","-77.03654050827026",,,,,,,,,,,,,,,,,,"pole","dome",165777176,"2023-09-01",,,,,,,,,,,,,,,,,"1",,"node/4838969218",,,"surveillance",,,,,"326",,,,,,,,,,,,,,,,,,,,,,,,,,,,"outdoor","camera","building",,"2025-05-03T21:03:36Z",,,22417964,"Flap Slimy Outward",3,,,,,,
"38.89808046549231","-77.03696966171265",,,,,,,,,,,,,,,,,"270-360","pole","panning",140671934,"2023-09-01",,,,,,,,,,,,,,,,,"1",,"node/4838969220",,,"surveillance",,,,,"325",,,,,,,,,,,,,,,,,,,,,,,,,,,,"outdoor","camera","building",,"2023-09-01T10:12:41Z",,,6237857,"MBTY1",2,,,,,,
"38.898063765752624","-77.03611135482788",,,,,,,,,,,,,,,,,"0-90","pole","panning",136230869,"2023-05-17",,,,,,,,,,,,,,,,,"1",,"node/4838969219",,,"surveillance",,,,,"327",,,,,,,,,,,,,,,,,,,,,,,,,,,,"outdoor","camera","building",,"2023-05-17T22:08:22Z",,,10159071,"StreetIncomplete",2,,,,,,
"38.89833096111647","-77.03540325164795",,,,,,,,,,,,,,,,,"90-180","pole","panning",140671934,"2023-09-01",,,,,,,,,,,,,,,,,"5",,"node/4838969211",,,"surveillance",,,,,"334",,,,,,,,,,,,,,,,,,,,,,,,,,,,"outdoor","camera","building",,"2023-09-01T10:14:47Z",,,6237857,"MBTY1",2,,,,,,
"38.89577586429073","-77.03379392623901",,,,,,,,,,,,,,,,,,"pole","dome",140671934,"2023-09-01",,,,,,,,,,,,,,,,,"5",,"node/4838919096",,,"surveillance",,,,,"314",,,,,,,,,,,,,,,,,,,,,,,,,,,,"public","camera","building",,"2023-09-01T10:17:29Z",,,6237857,"MBTY1",2,,,,,,
"38.89527485413305","-77.03317165374756",,,,,,,,,,,,,,,,,,"roof","dome",140671934,"2023-09-01",,,,,,,,,,,,,,,,,"30",,"node/4838919097",,,"surveillance",,,,,"292",,,,,,,,,,,,,,,,,,,,,,,,,,,,"public","camera","building",,"2023-09-01T10:20:07Z",,,6237857,"MBTY1",2,,,,,,
"38.89530825492017","-77.03173398971558",,,,,,,,,,,,,,,,,,"pole","dome",160685426,"2024-12-27",,,,,,,,,,,,,,,,,,,"node/4734332965",,,"surveillance",,,,,,,,,,,,,,,,,,,,,,,,,,,,,,"survey",,,"outdoor","camera",,,"2024-12-27T17:14:56Z",,,80285,"Sparks",2,,,,,,
"38.89530825492017","-77.03171253204346",,,,,,,,,,,,,,,,,,,"dome",160685426,"2024-12-27",,,,,,,,,,,,,,,,,,,"node/4734332966",,,"surveillance",,,,,,,,,,,,,,,,,,,,,,,,,,,,,,"survey",,,"outdoor","camera",,,"2024-12-27T17:15:04Z",,,80285,"Sparks",2,,,,,,
"38.89522475292287","-77.0322060585022",,,,,,,,,,,,,,,,,,"pole","fixed",140671934,"2023-09-01",,,,,,,,,,,,,,,,,,,"node/4734332964",,,"surveillance",,,,,,,,,,,,,,,,,,,,,,,,,,,,,,"survey",,,"outdoor","camera",,,"2023-09-01T10:19:59Z",,,6237857,"MBTY1",2,,,,,,
"38.89460683509145","-77.03349351882935",,,,,,,,,,,,,,,,,,"pole","dome",140671934,"2023-09-01",,,,,,,,,,,,,,,,,"5",,"node/4838919099",,,"surveillance",,,,,"290",,,,,,,,,,,,,,,,,,,,,,,,,,,,"public","camera","building",,"2023-09-01T10:17:31Z",,,6237857,"MBTY1",2,,,,,,
"38.895241453330186","-77.03334331512451",,,,,,,,,,,,,,,,,,"roof","dome",134869019,"2023-04-13",,,,,,,,,,,,,,,,,"30",,"node/4838919098",,,"surveillance",,,,,"291",,,,,,,,,,,,,,,,,,,,,,,,,,,,"public","camera","building",,"2023-04-13T16:29:19Z",,,7096975,"Peter Newman",2,,,,,,
"38.89470703834826","-77.03542470932007",,,,,,,,,,,,,,,,,,"pole","dome",140671934,"2023-09-01",,,,,,,,,,,,,,,,,"5",,"node/4838919067",,,"surveillance",,,,,"295",,,,,,,,,,,,,,,,,,,,,,,,,,,,"public","camera","building",,"2023-09-01T10:18:10Z",,,6237857,"MBTY1",2,,,,,,
"38.89469033781529","-77.03536033630371",,,,,,,,,,,,,,,,,,"pole","dome",149247036,"2023-09-01",,,,,,,,,,,,,,,,,,,"node/4838919068",,,"surveillance",,,,,"294",,,,,,,,,,,,,,,,,,,,,,,,,,,,"public","camera","building",,"2024-03-28T00:17:01Z",,,2376,"Bman",3,,,,,,
"38.89530825492017","-77.03656196594238",,,,,,,,,,,,,,,,,,,"fixed",176201045,,,,,,,,,,"0",,,,,,,,,,"node/13391844401",,,"surveillance","Flock Safety","Q108485435",,,,,,,,,,,,,,,,,,,,,,,,,,,,,,,"public","ALPR","traffic",,"2025-12-21T00:39:15Z",,,23442953,"cstryker",1,,,,,,
"38.895208052511634","-77.0357894897461",,,,,,,,,,,,,,,,,,"pole","dome",96494772,,,,,,,,,,,,,,,,,,"5",,"node/4838919080",,,"surveillance",,,,,"296",,,,,,,,,,,,,,,,,,,,,,,,,,,,"public","camera","building",,"2020-12-27T18:39:09Z",,,18480,"nickvet419",2,,,,,,
"38.89547525862025","-77.03527450561523",,,,,,,,,,,,,,,,,"45-135","pole","panning",48458678,,,,,,,,,,,,,,,,,,"5",,"node/4838919095",,,"surveillance",,,,,"300",,,,,,,,,,,,,,,,,,,,,,,,,,,,"public","camera","building",,"2017-05-06T18:23:45Z",,,5533199,"rouvinator",1,,,,,,
"38.89572576343403","-77.03604698181152",,,,,,,,,,,,,,,,,,"pole","dome",48458678,,,,,,,,,,,,,,,,,,"1",,"node/4838919086",,,"surveillance",,,,,"369",,,,,,,,,,,,,,,,,,,,,,,,,,,,"outdoor","camera","building",,"2017-05-06T18:23:44Z",,,5533199,"rouvinator",1,,,,,,
"38.89569236284325","-77.0356822013855",,,,,,,,,,,,,,,,,"100-240","pole","fixed",48458678,,,,,,,,,,,,,,,,,,"5",,"node/4838919087",,,"surveillance",,,,,"257",,,,,,,,,,,,,,,,,,,,,,,,,,,,"outdoor","camera","building",,"2017-05-06T18:23:44Z",,,5533199,"rouvinator",1,,,,,,
"38.89575916400909","-77.03559637069702",,,,,,,,,,,,,,,,,"100-230","pole","dome",48458678,,,,,,,,,,,,,,,,,,"5",,"node/4838919088",,,"surveillance",,,,,"298",,,,,,,,,,,,,,,,,,,,,,,,,,,,"outdoor","camera","building",,"2017-05-06T18:23:44Z",,,5533199,"rouvinator",1,,,,,,
"38.89570906314057","-77.0365834236145",,,,,,,,,,,,,,,,,"30-150","pole","panning",140671934,"2023-09-01",,,,,,,,,,,,,,,,,"1",,"node/4838919084",,,"surveillance",,,,,"365",,,,,,,,,,,,,,,,,,,,,,,,,,,,"outdoor","camera","building",,"2023-09-01T10:12:27Z",,,6237857,"MBTY1",2,,,,,,
"38.89570906314057","-77.03617572784424",,,,,,,,,,,,,,,,,"230-330","pole","panning",140671934,"2023-09-01",,,,,,,,,,,,,,,,,"1",,"node/4838919085",,,"surveillance",,,,,"364",,,,,,,,,,,,,,,,,,,,,,,,,,,,"outdoor","camera","building",,"2023-09-01T10:12:27Z",,,6237857,"MBTY1",2,,,,,,
"38.89569236284325","-77.03662633895874",,,,,,,,,,,,,,,,,"230-330","pole","panning",140671934,"2023-09-01",,,,,,,,,,,,,,,,,"1",,"node/4838919083",,,"surveillance",,,,,"367",,,,,,,,,,,,,,,,,,,,,,,,,,,,"outdoor","camera","building",,"2023-09-01T10:12:27Z",,,6237857,"MBTY1",2,,,,,,
"38.89570906314057","-77.03696966171265",,,,,,,,,,,,,,,,,,"pole","dome",140671934,"2023-09-01",,,,,,,,,,,,,,,,,"1",,"node/4838919082",,,"surveillance",,,,,"370",,,,,,,,,,,,,,,,,,,,,,,,,,,,"outdoor","camera","building",,"2023-09-01T10:12:28Z",,,6237857,"MBTY1",2,,,,,,
"38.89565896223672","-77.03720569610596",,,,,,,,,,,,,,,,,"0-90","pole","fixed",140671934,"2023-09-01",,,,,,,,,,,,,,,,,"1",,"node/4838919081",,,"surveillance",,,,,"371",,,,,,,,,,,,,,,,,,,,,,,,,,,,"outdoor","camera","building",,"2023-09-01T10:12:28Z",,,6237857,"MBTY1",2,,,,,,
"38.895241453330186","-77.03752756118774",,,,,,,,,,,,,,,,,,"pole","dome",115680090,"2022-01-02",,,,,,,,,,,,,,,,,"5",,"node/4838919074",,,"surveillance",,,,,"301",,,,,,,,,,,,,,,,,,,,,,,,,,,,"public","camera","building",,"2022-01-02T18:04:38Z",,,11047726,"Pyrox",2,,,,,,
"38.89464023619277","-77.03772068023682",,,,,,,,,,,,,,,,,,"pole","dome",115680090,"2022-01-02",,,,,,,,,,,,,,,,,"5",,"node/4838919066",,,"surveillance",,,,,"305",,,,,,,,,,,,,,,,,,,,,,,,,,,,"public","camera","building",,"2022-01-02T18:04:34Z",,,11047726,"Pyrox",2,,,,,,
"38.89467363727837","-77.03767776489258",,,,,,,,,,,,,,,,,,"pole","dome",115680090,"2022-01-02",,,,,,,,,,,,,,,,,"5",,"node/4838919065",,,"surveillance",,,,,"304",,,,,,,,,,,,,,,,,,,,,,,,,,,,"public","camera","building",,"2022-01-02T18:04:34Z",,,11047726,"Pyrox",2,,,,,,
"38.89348788912005","-77.03799962997437",,,,,,,,,,,,,,,,,,"pole","dome",115680090,"2022-01-02",,,,,,,,,,,,,,,,,"5",,"node/4838919064",,,"surveillance",,,,,"306",,,,,,,,,,,,,,,,,,,,,,,,,,,,"public","camera","building",,"2022-01-02T17:59:01Z",,,11047726,"Pyrox",2,,,,,,
"38.89352129074757","-77.0380425453186",,,,,,,,,,,,,,,,,,"pole","dome",115680090,"2022-01-02",,,,,,,,,,,,,,,,,"5",,"node/4838919063",,,"surveillance",,,,,"307",,,,,,,,,,,,,,,,,,,,,,,,,,,,"public","camera","building",,"2022-01-02T17:59:01Z",,,11047726,"Pyrox",2,,,,,,
"38.89357139315945","-77.03499555587769",,,,,,,,,,,,,,,,,,"pole","dome",140671934,"2023-09-01",,,,,,,,,,,,,,,,,"5",,"node/4838919069",,,"surveillance",,,,,"288",,,,,,,,,,,,,,,,,,,,,,,,,,,,"public","camera","building",,"2023-09-01T10:18:18Z",,,6237857,"MBTY1",2,,,,,,
"38.893604794747716","-77.03336477279663",,,,,,,,,,,,,,,,,,"roof","dome",140671934,"2023-09-01",,,,,,,,,,,,,,,,,"30",,"node/4838919101",,,"surveillance",,,,,"287",,,,,,,,,,,,,,,,,,,,,,,,,,,,"public","camera","building",,"2023-09-01T10:17:38Z",,,6237857,"MBTY1",2,,,,,,
"38.89445652994115","-77.03330039978027",,,,,,,,,,,,,,,,,,"roof","dome",134869019,"2023-04-13",,,,,,,,,,,,,,,,,"30",,"node/4838919100",,,"surveillance",,,,,"293",,,,,,,,,,,,,,,,,,,,,,,,,,,,"public","camera","building",,"2023-04-13T16:29:20Z",,,7096975,"Peter Newman",2,,,,,,
"38.892986862821914","-77.03347206115723",,,,,,,,,,,,,,,,,,"pole","dome",140671934,"2023-09-01",,,,,,,,,,,,,,,,,"5",,"node/4838919102",,,"surveillance",,,,,"287",,,,,,,,,,,,,,,,,,,,,,,,,,,,"public","camera","building",,"2023-09-01T10:17:40Z",,,6237857,"MBTY1",2,,,,,,
"38.89350458993579","-77.03505992889404",,,,,,,,,,,,,,,,,,"pole","dome",140671934,"2023-09-01",,,,,,,,,,,,,,,,,"5",,"node/4838919071",,,"surveillance",,,,,"289",,,,,,,,,,,,,,,,,,,,,,,,,,,,"public","camera","building",,"2023-09-01T10:18:16Z",,,6237857,"MBTY1",2,,,,,,
"38.89241902874474","-77.0351243019104",,,,,,,,,,,,,,,,,,"pole","dome",140671934,"2023-09-01",,,,,,,,,,,,,,,,,"5",,"node/4838919073",,,"surveillance",,,,,"285",,,,,,,,,,,,,,,,,,,,,,,,,,,,"public","camera","building",,"2023-09-01T10:17:42Z",,,6237857,"MBTY1",2,,,,,,
"38.89240232767372","-77.03499555587769",,,,,,,,,,,,,,,,,,"pole","dome",140671934,"2023-09-01",,,,,,,,,,,,,,,,,"5",,"node/4838919072",,,"surveillance",,,,,"284",,,,,,,,,,,,,,,,,,,,,,,,,,,,"public","camera","building",,"2023-09-01T10:17:44Z",,,6237857,"MBTY1",2,,,,,,
"38.89186789132842","-77.03340768814087",,,,,,,,,,,,,,,,,,"pole","dome",140671934,"2023-09-01",,,,,,,,,,,,,,,,,"5",,"node/4838786307",,,"surveillance",,,,,"282",,,,,,,,,,,,,,,,,,,,,,,,,,,,"public","camera","building",,"2023-09-01T10:18:26Z",,,6237857,"MBTY1",2,,,,,,
"38.89243572981178","-77.03330039978027",,,,,,,,,,,,,,,,,,"roof","dome",48456076,,,,,,,,,,,,,,,,,,"30",,"node/4838786308",,,"surveillance",,,,,"281",,,,,,,,,,,,,,,,,,,,,,,,,,,,"public","camera","building",,"2017-05-06T16:16:34Z",,,5533199,"rouvinator",1,,,,,,
"38.89241902874474","-77.03315019607544",,,,,,,,,,,,,,,,,,"roof","dome",140671934,"2023-09-01",,,,,,,,,,,,,,,,,"30",,"node/4838786309",,,"surveillance",,,,,"261",,,,,,,,,,,,,,,,,,,,,,,,,,,,"public","camera","building",,"2023-09-01T10:19:15Z",,,6237857,"MBTY1",2,,,,,,
"38.89231882225985","-77.03304290771484",,,,,,,,,,,,,,,,,,"pole","dome",140671934,"2023-09-01",,,,,,,,,,,,,,,,,"5",,"node/4838786310",,,"surveillance",,,,,"283",,,,,,,,,,,,,,,,,,,,,,,,,,,,"public","camera","building",,"2023-09-01T10:19:12Z",,,6237857,"MBTY1",2,,,,,,
"38.89238562659881","-77.03222751617432",,,,,,,,,,,,,,,,,,"roof","dome",140671934,"2023-09-01",,,,,,,,,,,,,,,,,"30",,"node/4838786311",,,"surveillance",,,,,"259",,,,,,,,,,,,,,,,,,,,,,,,,,,,"public","camera","building",,"2023-09-01T10:19:25Z",,,6237857,"MBTY1",2,,,,,,
"38.89238562659881","-77.03229188919067",,,,,,,,,,,,,,,,,,"roof","dome",140671934,"2023-09-01",,,,,,,,,,,,,,,,,"30",,"node/4838786312",,,"surveillance",,,,,"260",,,,,,,,,,,,,,,,,,,,,,,,,,,,"public","camera","building",,"2023-09-01T10:19:45Z",,,6237857,"MBTY1",2,,,,,,
"38.89240232767372","-77.03239917755127",,,,,,,,,,,,,,,,,,"roof","dome",140671934,"2023-09-01",,,,,,,,,,,,,,,,,"30",,"node/4838786313",,,"surveillance",,,,,"258",,,,,,,,,,,,,,,,,,,,,,,,,,,,"public","camera","building",,"2023-09-01T10:19:43Z",,,6237857,"MBTY1",2,,,,,,
"38.89188459252509","-77.03216314315796",,,,,,,,,,,,,,,,,,"pole","dome",140671934,"2023-09-01",,,,,,,,,,,,,,,,,"5",,"node/4838786299",,,"surveillance",,,,,"257",,,,,,,,,,,,,,,,,,,,,,,,,,,,"public","camera","building",,"2023-09-01T10:18:40Z",,,6237857,"MBTY1",2,,,,,,
"38.89156726911702","-77.03308582305908",,,,,,,,,,,,,,,,,,"pole","dome",140671934,"2023-09-01",,,,,,,,,,,,,,,,,"5",,"node/4838786305",,,"surveillance",,,,,"279",,,,,,,,,,,,,,,,,,,,,,,,,,,,"public","camera","building",,"2023-09-01T10:18:27Z",,,6237857,"MBTY1",2,,,,,,
"38.89145036013565","-77.03235626220703",,,,,,,,,,,,,,,,,,"pole","dome",140671934,"2023-09-01",,,,,,,,,,,,,,,,,"5",,"node/4838786302",,,"surveillance",,,,,"264",,,,,,,,,,,,,,,,,,,,,,,,,,,,"public","camera","building",,"2023-09-01T10:18:58Z",,,6237857,"MBTY1",2,,,,,,
"38.89155056784574","-77.03252792358398",,,,,,,,,,,,,,,,,,"pole","dome",97991155,,,,,,,,,,,,,,,,,,"5",,"node/4838786304",,,"surveillance",,,,,"262",,,,,,,,,,,,,,,,,,,,,,,,,,,,"public","camera","building",,"2021-01-22T18:15:54Z",,,18480,"nickvet419",2,,,,,,
"38.89153386657054","-77.03242063522339",,,,,,,,,,,,,,,,,,"pole","dome",140671934,"2023-09-01",,,,,,,,,,,,,,,,,"5",,"node/4838786303",,,"surveillance",,,,,"263",,,,,,,,,,,,,,,,,,,,,,,,,,,,"public","camera","building",,"2023-09-01T10:18:29Z",,,6237857,"MBTY1",2,,,,,,
"38.89145036013565","-77.0322060585022",,,,,,,,,,,,,,,,,,"pole","dome",140671934,"2023-09-01",,,,,,,,,,,,,,,,,"5",,"node/4838786301",,,"surveillance",,,,,"265",,,,,,,,,,,,,,,,,,,,,,,,,,,,"public","camera","building",,"2023-09-01T10:18:59Z",,,6237857,"MBTY1",2,,,,,,
"38.89136685360256","-77.03218460083008",,,,,,,,,,,,,,,,,,"wall","dome",97991155,,,,,,,,,,,,,,,,,,"1",,"node/4838786298",,,"surveillance",,,,,"266",,,,,,,,,,,,,,,,,,,,,,,,,,,,"public","camera","building",,"2021-01-22T18:15:54Z",,,18480,"nickvet419",2,,,,,,
"38.89123324294542","-77.03216314315796",,,,,,,,,,,,,,,,,,"wall","dome",97991155,,,,,,,,,,,,,,,,,,"10",,"node/4838786297",,,"surveillance",,,,,"268",,,,,,,,,,,,,,,,,,,,,,,,,,,,"public","camera","building",,"2021-01-22T18:15:54Z",,,18480,"nickvet419",2,,,,,,
"38.89104952788148","-77.03244209289551",,,,,,,,,,,,,,,,,,"wall","dome",140671934,"2023-09-01",,,,,,,,,,,,,,,,,"5",,"node/4838786296",,,"surveillance",,,,,"269",,,,,,,,,,,,,,,,,,,,,,,,,,,,"public","camera","building",,"2023-09-01T10:18:31Z",,,6237857,"MBTY1",2,,,,,,
"38.890982722285884","-77.03267812728882",,,,,,,,,,,,,,,,,,"wall","dome",140671934,"2023-09-01",,,,,,,,,,,,,,,,,"5",,"node/4838786295",,,"surveillance",,,,,"270",,,,,,,,,,,,,,,,,,,,,,,,,,,,"public","camera","building",,"2023-09-01T10:18:37Z",,,6237857,"MBTY1",2,,,,,,
"38.89096602087713","-77.03291416168213",,,,,,,,,,,,,,,,,,"wall","dome",140671934,"2023-09-01",,,,,,,,,,,,,,,,,"5",,"node/4838786293",,,"surveillance",,,,,"272",,,,,,,,,,,,,,,,,,,,,,,,,,,,"public","camera","building",,"2023-09-01T10:18:35Z",,,6237857,"MBTY1",2,,,,,,
"38.890982722285884","-77.03280687332153",,,,,,,,,,,,,,,,,,"wall","dome",140671934,"2023-09-01",,,,,,,,,,,,,,,,,"5",,"node/4838786294",,,"surveillance",,,,,"271",,,,,,,,,,,,,,,,,,,,,,,,,,,,"public","camera","building",,"2023-09-01T10:18:32Z",,,6237857,"MBTY1",2,,,,,,
"38.89083240946604","-77.0332145690918",,,,,,,,,,,,,,,,,,"pole","dome",140671934,"2023-09-01",,,,,,,,,,,,,,,,,"5",,"node/4838786292",,,"surveillance",,,,,"273",,,,,,,,,,,,,,,,,,,,,,,,,,,,"public","camera","building",,"2023-09-01T10:18:34Z",,,6237857,"MBTY1",2,,,,,,
"38.89148376272141","-77.0332145690918",,,,,,,,,,,,,,,,,,"pole","dome",140671934,"2023-09-01",,,,,,,,,,,,,,,,,"5",,"node/4838786306",,,"surveillance",,,,,"280",,,,,,,,,,,,,,,,,,,,,,,,,,,,"public","camera","building",,"2023-09-01T10:19:04Z",,,6237857,"MBTY1",2,,,,,,
"38.8925192350882","-77.03641176223755",,,,,,,,,,,,,,,,,,"pole","dome",96315940,,,,,,,,,,,,,,,,,,"5",,"node/4838919060",,,"surveillance",,,,,"310",,,,,,,,,,,,,,,,,,,,,,,,,,,,"public","camera","building",,"2020-12-23T10:31:14Z",,,18480,"nickvet419",2,,,,,,
"38.892452430874926","-77.03761339187622",,,,,,,,,,,,,,,,,,"pole","dome",140671934,"2023-09-01",,,,,,,,,,,,,,,,,"5",,"node/4838919061",,,"surveillance",,,,,"309",,,,,,,,,,,,,,,,,,,,,,,,,,,,"public","camera","building",,"2023-09-01T10:17:55Z",,,6237857,"MBTY1",2,,,,,,
"38.89248583298942","-77.03774213790894",,,,,,,,,,,,,,,,,,"pole","dome",140671934,"2023-09-01",,,,,,,,,,,,,,,,,"5",,"node/4838919062",,,"surveillance",,,,,"308",,,,,,,,,,,,,,,,,,,,,,,,,,,,"public","camera","building",,"2023-09-01T10:17:54Z",,,6237857,"MBTY1",2,,,,,,
"38.89078230512206","-77.04759120941162",,,,,,,,,,,,,,,,,"0-90","pole","fixed",140671934,"2023-09-01",,,,,,,,,,,,,,,,,"5",,"node/4838375354",,,"surveillance",,,,,"38",,,,,,,,,,,,,,,,,,,,,,,,,,,,"public","camera","memorial",,"2023-09-01T10:27:03Z",,,6237857,"MBTY1",2,,,,,,
"38.89071549927513","-77.04765558242798",,,,,,,,,,,,,,,,,"360","mast","dome",140671934,"2023-09-01",,,,,,,,,,"10",,,,,,,,,"node/4838342332",,,"surveillance",,,,,"36",,,,,,,,,,,,,,,,,,,,,,,,,,,,"public","camera","memorial",,"2023-09-01T10:27:07Z",,,6237857,"MBTY1",2,,,,,,
"38.89071549927513","-77.04771995544434",,,,,,,,,,,,,,,,,"270-360","pole","fixed",140671934,"2023-09-01",,,,,,,,,,,,,,,,,"5",,"node/4838375355",,,"surveillance",,,,,"37",,,,,,,,,,,,,,,,,,,,,,,,,,,,"public","camera","memorial",,"2023-09-01T10:27:04Z",,,6237857,"MBTY1",2,,,,,,
"38.88989712255096","-77.04890012741089",,,,,,,,,,,,,,,,,,"pole","dome",96775412,,,,,,,,,,,,,,,,,,"5",,"node/4838405716",,,"surveillance",,,,,"33",,,,,,,,,,,,,,,,,,,,,,,,,,,,"public","camera","memorial",,"2021-01-01T15:10:02Z",,,5215025,"RunTrails",2,,,,,,
"38.88991382421102","-77.04890012741089",,,,,,,,,,,,,,,,,"-1","pole","dome",96775412,,,,,,,,,,,,,,,,,,"5",,"node/4838405715",,,"surveillance",,,,,"32",,,,,,,,,,,,,,,,,,,,,,,,,,,,"public","camera","memorial",,"2021-01-01T15:10:02Z",,,5215025,"RunTrails",2,,,,,,
"38.88991382421102","-77.04887866973877",,,,,,,,,,,,,,,,,"180-270","pole","panning",96775412,,,,,,,,,,,,,,,,,,"5",,"node/4838405717",,,"surveillance",,,,,"34",,,,,,,,,,,,,,,,,,,,,,,,,,,,"public","camera","memorial",,"2021-01-01T15:10:02Z",,,5215025,"RunTrails",2,,,,,,
"38.89051508135731","-77.04720497131348",,,,,,,,,,,,,,,,,,"pole","dome",140671934,"2023-09-01",,,,,,,,,,,,,,,,,"5",,"node/4838413167",,,"surveillance",,,,,"39",,,,,,,,,,,,,,,,,,,,,,,,,,,,"public","camera","memorial",,"2023-09-01T10:27:14Z",,,6237857,"MBTY1",2,,,,,,
"38.889262456559294","-77.05018758773804",,,,,,,,,,,,,,,,,,"wall","dome",48449985,,,,,,,,,,,,,,,,,,"25",,"node/4838405708",,,"surveillance",,,,,"30",,,,,,,,,,,,,,,,,,,,,,,,,,,,"indoor","camera","memorial",,"2017-05-06T11:36:23Z",,,5533199,"rouvinator",1,,,,,,
"38.88952968503642","-77.04995155334473",,,,,,,,,,,,,,,,,,"roof","dome",140671934,"2023-09-01",,,,,,,,,,,,,,,,,"30",,"node/4412366891",,,"surveillance",,,,,"28",,,,,,,,,,,,,,,,,,,,,,,,,,,,"public","camera","memorial",,"2023-09-01T10:27:33Z",,,6237857,"MBTY1",3,,,,,,
"38.88941277270135","-77.05018758773804",,,,,,,,,,,,,,,,,,"wall","dome",48449985,,,,,,,,,,,,,,,,,,"25",,"node/4838405707",,,"surveillance",,,,,"31",,,,,,,,,,,,,,,,,,,,,,,,,,,,"indoor","camera","memorial",,"2017-05-06T11:36:22Z",,,5533199,"rouvinator",1,,,,,,
"38.88952968503642","-77.05038070678711",,,,,,,,,,,,,,,,,,"wall","dome",140671934,"2023-09-01",,,,,,,,,,,,,,,,,"30",,"node/4838405706",,,"surveillance",,,,,"35",,,,,,,,,,,,,,,,,,,,,,,,,,,,"outdoor","camera","memorial",,"2023-09-01T10:27:34Z",,,6237857,"MBTY1",2,,,,,,
"38.889011928948975","-77.05038070678711",,,,,,,,,,,,,,,,,,"wall","dome",65824092,,,,,,,,,,,,,,,,,,"25",,"node/4412363349",,,"surveillance",,,,,"29",,,,,,,,,,,,,,,,,,,,,,,,,,,,"indoor","camera","memorial",,"2018-12-27T20:24:56Z",,,9211483,"vohokudul",2,,,,,,
"38.889128841943744","-77.05018758773804",,,,,,,,,,,,,,,,,,"wall","dome",48449985,,,,,,,,,,,,,,,,,,"25",,"node/4838405709",,,"surveillance",,,,,"29",,,,,,,,,,,,,,,,,,,,,,,,,,,,"indoor","camera","memorial",,"2017-05-06T11:36:23Z",,,5533199,"rouvinator",1,,,,,,
"38.889011928948975","-77.04995155334473",,,,,,,,,,,,,,,,,,"roof","dome",140671934,"2023-09-01",,,,,,,,,,,,,,,,,"30",,"node/4412363348",,,"surveillance",,,,,"26",,,,,,,,,,,,,,,,,,,,,,,,,,,,"public","camera","memorial",,"2023-09-01T10:27:35Z",,,6237857,"MBTY1",3,,,,,,
"38.88849416908772","-77.04898595809937",,,,,,,,,,,,,,,,,,"pole","dome",96775412,,,,,,,,,,,,,,,,,,"5",,"node/4838405713",,,"surveillance",,,,,"23",,,,,,,,,,,,,,,,,,,,,,,,,,,,"public","camera","memorial",,"2021-01-01T15:10:02Z",,,5215025,"RunTrails",2,,,,,,
"38.88847746709391","-77.04892158508301",,,,,,,,,,,,,,,,,"270-360","pole","panning",48449985,,,,,,,,,,,,,,,,,,"5",,"node/4838405714",,,"surveillance",,,,,"25",,,,,,,,,,,,,,,,,,,,,,,,,,,,"public","camera","memorial",,"2017-05-06T11:36:23Z",,,5533199,"rouvinator",1,,,,,,
"38.88849416908772","-77.04890012741089",,,,,,,,,,,,,,,,,,"pole","dome",96775412,,,,,,,,,,,,,,,,,,"5",,"node/4838405712",,,"surveillance",,,,,"24",,,,,,,,,,,,,,,,,,,,,,,,,,,,"public","camera","memorial",,"2021-01-01T15:10:02Z",,,5215025,"RunTrails",2,,,,,,
"38.887959703337145","-77.04741954803467",,,,,,,,,,,,,,,,,,"pole","dome",140671934,"2023-09-01",,,,,,,,,,,,,,,,,"5",,"node/4838393642",,,"surveillance",,,,,"20",,,,,,,,,,,,,,,,,,,,,,,,,,,,"public","camera","memorial",,"2023-09-01T10:28:00Z",,,6237857,"MBTY1",3,,,,,,
"38.887959703337145","-77.04739809036255",,,,,,,,,,,,,,,,,"120-180","pole","fixed",140671934,"2023-09-01",,,,,,,,,,,,,,,,,"5",,"node/4838393644",,,"surveillance",,,,,"22",,,,,,,,,,,,,,,,,,,,,,,,,,,,"public","camera","memorial",,"2023-09-01T10:28:02Z",,,6237857,"MBTY1",2,,,,,,
"38.887959703337145","-77.04737663269043",,,,,,,,,,,,,,,,,"180-240","pole","fixed",140671934,"2023-09-01",,,,,,,,,,,,,,,,,"5",,"node/4838393643",,,"surveillance",,,,,"21",,,,,,,,,,,,,,,,,,,,,,,,,,,,"public","camera","memorial",,"2023-09-01T10:27:59Z",,,6237857,"MBTY1",3,,,,,,
"38.8904649767895","-77.03619718551636",,,,,,,,,,,,,,,,,,"pole","dome",136599305,"2023-05-26",,,,,,,,,,,,,,,,,"10",,"node/4838792675",,,"surveillance",,,,,"274",,,,,,,,,,,,,,,,,,,,,,,,,,,,"public","camera","memorial",,"2023-05-26T17:53:33Z",,,18097325,"Kexis",2,,,,,,
"38.89043157372467","-77.03413724899292",,,,,,,,,,,,,,,,,,"pole","dome",48456190,,,,,,,,,,,,,,,,,,"10",,"node/4838792676",,,"surveillance",,,,,"275",,,,,,,,,,,,,,,,,,,,,,,,,,,,"public","camera","memorial",,"2017-05-06T16:21:40Z",,,5533199,"rouvinator",1,,,,,,
"38.89051508135731","-77.0085597038269",,,,,,,,,,,,,,,,,"30-120","wall","fixed",98835617,,,,,,,,,,,,,,,,,,"5",,"node/804642084",,,"surveillance",,,,,"85",,,,,,,,,,,,,,,,,,,,,,,,,,,,"public","camera","building",,"2021-02-07T00:57:04Z",,,18480,"nickvet419",7,,,,,,
"38.89041487218637","-77.00495481491089",,,,,,,,,,,,,,,,,,"wall","dome",48452879,,,,,,,,,,,,,,,,,,"5",,"node/4838579434",,,"surveillance",,,,,"99",,,,,,,,,,,,,,,,,,,,,,,,,,,,"public","camera","building",,"2017-05-06T13:52:42Z",,,5533199,"rouvinator",1,,,,,,
"38.89044827525905","-77.0036244392395",,,,,,,,,,,,,,,,,,"pole","dome",48452879,,,,,,,,,,,,,,,,,,"5",,"node/4838579455",,,"surveillance",,,,,"118",,,,,,,,,,,,,,,,,,,,,,,,,,,,"public","camera","building",,"2017-05-06T13:52:45Z",,,5533199,"rouvinator",1,,,,,,
"38.89043157372467","-77.0036244392395",,,,,,,,,,,,,,,,,,"pole","dome",48452879,,,,,,,,,,,,,,,,,,"5",,"node/4838579456",,,"surveillance",,,,,"119",,,,,,,,,,,,,,,,,,,,,,,,,,,,"public","camera","building",,"2017-05-06T13:52:45Z",,,5533199,"rouvinator",1,,,,,,
"38.891951397272464","-77.00386047363281",,,,,,,,,,,,,,,,,,"pole","dome",48452879,,,,,,,,,,,,,,,,,,"5",,"node/4838579453",,,"surveillance",,,,,"114",,,,,,,,,,,,,,,,,,,,,,,,,,,,"public","camera","building",,"2017-05-06T13:52:45Z",,,5533199,"rouvinator",1,,,,,,
"38.89193469609151","-77.00381755828857",,,,,,,,,,,,,,,,,,"pole","dome",48452879,,,,,,,,,,,,,,,,,,"5",,"node/4838579450",,,"surveillance",,,,,"116",,,,,,,,,,,,,,,,,,,,,,,,,,,,"public","camera","traffic",,"2017-05-06T13:52:44Z",,,5533199,"rouvinator",1,,,,,,
"38.891951397272464","-77.0037317276001",,,,,,,,,,,,,,,,,,"pole","dome",48452879,,,,,,,,,,,,,,,,,,"5",,"node/4838579451",,,"surveillance",,,,,"115",,,,,,,,,,,,,,,,,,,,,,,,,,,,"public","camera","building",,"2017-05-06T13:52:44Z",,,5533199,"rouvinator",1,,,,,,
"38.891767684066","-77.00364589691162",,,,,,,,,,,,,,,,,,"pole","dome",48452879,,,,,,,,,,,,,,,,,,"5",,"node/4838579448",,,"surveillance",,,,,"111",,,,,,,,,,,,,,,,,,,,,,,,,,,,"public","camera","building",,"2017-05-06T13:52:44Z",,,5533199,"rouvinator",1,,,,,,
"38.891767684066","-77.00366735458374",,,,,,,,,,,,,,,,,,"pole","dome",48452879,,,,,,,,,,,,,,,,,,"5",,"node/4838579449",,,"surveillance",,,,,"112",,,,,,,,,,,,,,,,,,,,,,,,,,,,"public","camera","building",,"2017-05-06T13:52:44Z",,,5533199,"rouvinator",1,,,,,,
"38.89106622927059","-77.00454711914062",,,,,,,,,,,,,,,,,,"wall","dome",48452879,,,,,,,,,,,,,,,,,,"1",,"node/4838579442",,,"surveillance",,,,,"107",,,,,,,,,,,,,,,,,,,,,,,,,,,,"public","camera","building",,"2017-05-06T13:52:43Z",,,5533199,"rouvinator",1,,,,,,
"38.89103282648847","-77.00439691543579",,,,,,,,,,,,,,,,,,"wall","dome",48452879,,,,,,,,,,,,,,,,,,"5",,"node/4838579441",,,"surveillance",,,,,"108",,,,,,,,,,,,,,,,,,,,,,,,,,,,"public","camera","building",,"2017-05-06T13:52:43Z",,,5533199,"rouvinator",1,,,,,,
"38.89108293065573","-77.00426816940308",,,,,,,,,,,,,,,,,,"wall","dome",48452879,,,,,,,,,,,,,,,,,,"1",,"node/4838579443",,,"surveillance",,,,,"106",,,,,,,,,,,,,,,,,,,,,,,,,,,,"public","camera","building",,"2017-05-06T13:52:43Z",,,5533199,"rouvinator",1,,,,,,
"38.89104952788148","-77.00392484664917",,,,,,,,,,,,,,,,,,"wall","dome",149199479,,,,,,,,,,,,,,,,,,"5",,"node/4838579444",,,"surveillance",,,,,"109",,,,,,,,,,,,,,,,,,,,,,,,,,,,"public","camera","building",,"2024-03-26T23:50:40Z",,,15476210,"evkalina",4,,,,,,
"38.89151716529145","-77.00435400009155",,,,,,,,,,,,,,,,,,"pole","dome",48452879,,,,,,,,,,,,,,,,,,"5",,"node/4838579438",,,"surveillance",,,,,"103",,,,,,,,,,,,,,,,,,,,,,,,,,,,"public","camera","building",,"2017-05-06T13:52:43Z",,,5533199,"rouvinator",1,,,,,,
"38.89148376272141","-77.00441837310791",,,,,,,,,,,,,,,,,,"pole","dome",48452879,,,,,,,,,,,,,,,,,,"5",,"node/4838579437",,,"surveillance",,,,,"102",,,,,,,,,,,,,,,,,,,,,,,,,,,,"public","camera","building",,"2017-05-06T13:52:42Z",,,5533199,"rouvinator",1,,,,,,
"38.89135015228416","-77.0047402381897",,,,,,,,,,,,,,,,,,"pole","dome",48452879,,,,,,,,,,,,,,,,,,"5",,"node/4838579439",,,"surveillance",,,,,"101",,,,,,,,,,,,,,,,,,,,,,,,,,,,"public","camera","building",,"2017-05-06T13:52:43Z",,,5533199,"rouvinator",1,,,,,,
"38.89133345096184","-77.00480461120605",,,,,,,,,,,,,,,,,,"pole","dome",48452879,,,,,,,,,,,,,,,,,,"5",,"node/4838579440",,,"surveillance",,,,,"100",,,,,,,,,,,,,,,,,,,,,,,,,,,,"public","camera","building",,"2017-05-06T13:52:43Z",,,5533199,"rouvinator",1,,,,,,
"38.89101612509151","-77.0055341720581",,,,,,,,,,,,,,,,,,"pole","dome",134740548,"2023-04-10",,,,,,,,,,,,,,,,,"5",,"node/4838579435",,,"surveillance",,,,,"94",,,,,,,,,,,,,,,,,,,,,,,,,,,,"public","camera","building",,"2023-04-10T17:27:03Z",,,7096975,"Peter Newman",2,,,,,,
"38.89103282648847","-77.00549125671387",,,,,,,,,,,,,,,,,,"pole","dome",134740548,"2023-04-10",,,,,,,,,,,,,,,,,"5",,"node/4838579436",,,"surveillance",,,,,"93",,,,,,,,,,,,,,,,,,,,,,,,,,,,"public","camera","building",,"2023-04-10T17:27:02Z",,,7096975,"Peter Newman",2,,,,,,
"38.890799006573985","-77.00497627258301",,,,,,,,,,,,,,,,,,"wall","dome",48452879,,,,,,,,,,,,,,,,,,"5",,"node/4838579433",,,"surveillance",,,,,"98",,,,,,,,,,,,,,,,,,,,,,,,,,,,"public","camera","building",,"2017-05-06T13:52:42Z",,,5533199,"rouvinator",1,,,,,,
"38.890849110906174","-77.00581312179565",,,,,,,,,,,,,,,,,,"pole","dome",48452879,,,,,,,,,,,,,,,,,,"5",,"node/4838579431",,,"surveillance",,,,,"95",,,,,,,,,,,,,,,,,,,,,,,,,,,,"public","camera","building",,"2017-05-06T13:52:42Z",,,5533199,"rouvinator",1,,,,,,
"38.89081570802196","-77.00581312179565",,,,,,,,,,,,,,,,,,"pole","dome",48452879,,,,,,,,,,,,,,,,,,"5",,"node/4838579432",,,"surveillance",,,,,"96",,,,,,,,,,,,,,,,,,,,,,,,,,,,"public","camera","building",,"2017-05-06T13:52:42Z",,,5533199,"rouvinator",1,,,,,,
"38.89094931946451","-77.00645685195923",,,,,,,,,,,,,,,,,,"pole","dome",48452158,,,,,,,,,,,,,,,,,,"5",,"node/4838549368",,,"surveillance",,,,,"92",,,,,,,,,,,,,,,,,,,,,,,,,,,,"public","camera","building",,"2017-05-06T13:23:26Z",,,5533199,"rouvinator",1,,,,,,
"38.89093261804794","-77.00643539428711",,,,,,,,,,,,,,,,,,"pole","dome",48452158,,,,,,,,,,,,,,,,,,"5",,"node/4838549369",,,"surveillance",,,,,"91",,,,,,,,,,,,,,,,,,,,,,,,,,,,"public","camera","building",,"2017-05-06T13:23:26Z",,,5533199,"rouvinator",1,,,,,,
"38.89091591662745","-77.00742244720459",,,,,,,,,,,,,,,,,,"pole","dome",48452158,,,,,,,,,,,,,,,,,,"5",,"node/4838549367",,,"surveillance",,,,,"87",,,,,,,,,,,,,,,,,,,,,,,,,,,,"public","camera","building",,"2017-05-06T13:23:26Z",,,5533199,"rouvinator",1,,,,,,
"38.89093261804794","-77.00744390487671",,,,,,,,,,,,,,,,,,"pole","dome",48452158,,,,,,,,,,,,,,,,,,"5",,"node/4838549366",,,"surveillance",,,,,"86",,,,,,,,,,,,,,,,,,,,,,,,,,,,"public","camera","building",,"2017-05-06T13:23:26Z",,,5533199,"rouvinator",1,,,,,,
"38.89163407416285","-77.00403213500977",,,,,,,,,,,,,,,,,,"pole","dome",48452879,,,,,,,,,,,,,,,,,,"5",,"node/4838579446",,,"surveillance",,,,,"104",,,,,,,,,,,,,,,,,,,,,,,,,,,,"public","camera","building",,"2017-05-06T13:52:44Z",,,5533199,"rouvinator",1,,,,,,
"38.89166747666221","-77.00396776199341",,,,,,,,,,,,,,,,,,"pole","dome",48452879,,,,,,,,,,,,,,,,,,"5",,"node/4838579447",,,"surveillance",,,,,"105",,,,,,,,,,,,,,,,,,,,,,,,,,,,"public","camera","building",,"2017-05-06T13:52:44Z",,,5533199,"rouvinator",1,,,,,,
"38.891951397272464","-77.00390338897705",,,,,,,,,,,,,,,,,,"pole","dome",48452879,,,,,,,,,,,,,,,,,,"5",,"node/4838579452",,,"surveillance",,,,,"113",,,,,,,,,,,,,,,,,,,,,,,,,,,,"public","camera","building",,"2017-05-06T13:52:44Z",,,5533199,"rouvinator",1,,,,,,
"38.89166747666221","-77.01061964035034",,,,,,,,,,,,,,,,,,"pole","dome",48452158,,,,,,,,,,,,,,,,,,"10",,"node/4838549348",,,"surveillance",,,,,"72",,,,,,,,,,,,,,,,,,,,,,,,,,,,"public","camera","building",,"2017-05-06T13:23:23Z",,,5533199,"rouvinator",1,,,,,,
"38.891700879145844","-77.01053380966187",,,,,,,,,,,,,,,,,,"pole","dome",48452158,,,,,,,,,,,,,,,,,,"10",,"node/4838549349",,,"surveillance",,,,,"71",,,,,,,,,,,,,,,,,,,,,,,,,,,,"public","camera","building",,"2017-05-06T13:23:23Z",,,5533199,"rouvinator",1,,,,,,
"38.891300048305425","-77.00903177261353",,,,,,,,,,,,,,,,,,"pole","dome",48452158,,,,,,,,,,,,,,,,,,"10",,"node/4838549354",,,"surveillance",,,,,"73",,,,,,,,,,,,,,,,,,,,,,,,,,,,"public","camera","building",,"2017-05-06T13:23:24Z",,,5533199,"rouvinator",1,,,,,,
"38.89145036013565","-77.00873136520386",,,,,,,,,,,,,,,,,,"pole","dome",48452158,,,,,,,,,,,,,,,,,,"5",,"node/4838549355",,,"surveillance",,,,,"84",,,,,,,,,,,,,,,,,,,,,,,,,,,,"public","camera","building",,"2017-05-06T13:23:24Z",,,5533199,"rouvinator",1,,,,,,
"38.89145036013565","-77.00870990753174",,,,,,,,,,,,,,,,,,"pole","dome",48452158,,,,,,,,,,,,,,,,,,"5",,"node/4838549356",,,"surveillance",,,,,"83",,,,,,,,,,,,,,,,,,,,,,,,,,,,"public","camera","building",,"2017-05-06T13:23:24Z",,,5533199,"rouvinator",1,,,,,,
"38.89153386657054","-77.00830221176147",,,,,,,,,,,,,,,,,,"roof","dome",134740548,"2023-04-10",,,,,,,,,,,,,,,,,"5",,"node/804638137",,,"surveillance",,,,,"77",,,,,,,,,,,,,,,,,,,,,,,,,,,,"public","camera","building",,"2023-04-10T16:52:01Z",,,7096975,"Peter Newman",3,,,,,,
"38.891283346971306","-77.00847387313843",,,,,,,,,,,,,,,,,,"pole","dome",48452158,,,,,,,,,,,,,,,,,,"5",,"node/4838549358",,,"surveillance",,,,,"82",,,,,,,,,,,,,,,,,,,,,,,,,,,,"public","camera","building",,"2017-05-06T13:23:25Z",,,5533199,"rouvinator",1,,,,,,
"38.8912499442913","-77.00845241546631",,,,,,,,,,,,,,,,,,"pole","dome",48452158,,,,,,,,,,,,,,,,,,"5",,"node/4838549357",,,"surveillance",,,,,"81",,,,,,,,,,,,,,,,,,,,,,,,,,,,"public","camera","building",,"2017-05-06T13:23:24Z",,,5533199,"rouvinator",1,,,,,,
"38.89108293065573","-77.00875282287598",,,,,,,,,,,,,,,,,,"pole","dome",48452158,,,,,,,,,,,,,,,,,,"10",,"node/4838549365",,,"surveillance",,,,,"74",,,,,,,,,,,,,,,,,,,,,,,,,,,,"public","camera","building",,"2017-05-06T13:23:25Z",,,5533199,"rouvinator",1,,,,,,
"38.89104952788148","-77.00808763504028",,,,,,,,,,,,,,,,,,"pole","dome",48452158,,,,,,,,,,,,,,,,,,"5",,"node/4838549360",,,"surveillance",,,,,"89",,,,,,,,,,,,,,,,,,,,,,,,,,,,"public","camera","building",,"2017-05-06T13:23:25Z",,,5533199,"rouvinator",1,,,,,,
"38.89106622927059","-77.0081090927124",,,,,,,,,,,,,,,,,,"pole","dome",48452158,,,,,,,,,,,,,,,,,,"5",,"node/4838549359",,,"surveillance",,,,,"88",,,,,,,,,,,,,,,,,,,,,,,,,,,,"public","camera","building",,"2017-05-06T13:23:25Z",,,5533199,"rouvinator",1,,,,,,
"38.890849110906174","-77.00862407684326",,,,,,,,,,,,,,,,,,"roof","dome",48452158,,,,,,,,,,,,,,,,,,"5",,"node/4838549361",,,"surveillance",,,,,"78",,,,,,,,,,,,,,,,,,,,,,,,,,,,"public","camera","building",,"2017-05-06T13:23:25Z",,,5533199,"rouvinator",1,,,,,,
"38.890799006573985","-77.00860261917114",,,,,,,,,,,,,,,,,,"pole","dome",97237404,,,,,,,,,,,,,,,,,,"5",,"node/804642869",,,"surveillance",,,,,"81",,,,,,,,,,,,,,,,,,,,,,,,,,,,"public","camera","building",,"2021-01-10T07:12:14Z",,,18480,"nickvet419",6,,,,,,
"38.89086581234238","-77.00868844985962",,,,,,,,,,,,,,,,,,"roof","dome",48452158,,,,,,,,,,,,,,,,,,"5",,"node/4838549362",,,"surveillance",,,,,"79",,,,,,,,,,,,,,,,,,,,,,,,,,,,"public","camera","building",,"2017-05-06T13:23:25Z",,,5533199,"rouvinator",1,,,,,,
"38.890849110906174","-77.00883865356445",,,,,,,,,,,,,,,,,,"pole","dome",97237404,,,,,,,,,,,,,,,,,,"5",,"node/804640117",,,"surveillance",,,,,"80",,,,,,,,,,,,,,,,,,,,,,,,,,,,"public","camera","building",,"2021-01-10T07:12:14Z",,,18480,"nickvet419",6,,,,,,
"38.89145036013565","-77.00995445251465",,,,,,,,,,,,,,,,,,"pole","dome",143792604,"2023-11-08",,,,,,,,,,,,,,,,,"10",,"node/4838549350",,,"surveillance",,,,,"70",,,,,,,,,,,,,,,,,,,,,,,,,,,,"public","camera","building",,"2023-11-08T18:11:48Z",,,7096975,"Peter Newman",4,,,,,,
"38.8911831388842","-77.01051235198975",,,,,,,,,,,,,,,,,,"pole","dome",48452158,,,,,,,,,,,,,,,,,,"10",,"node/4838549347",,,"surveillance",,,,,"69",,,,,,,,,,,,,,,,,,,,,,,,,,,,"public","camera","building",,"2017-05-06T13:23:23Z",,,5533199,"rouvinator",1,,,,,,
"38.89081570802196","-77.0107913017273",,,,,,,,,,,,,,,,,,"pole","dome",48452158,,,,,,,,,,,,,,,,,,"5",,"node/4838549345",,,"surveillance",,,,,"62",,,,,,,,,,,,,,,,,,,,,,,,,,,,"public","camera","building",,"2017-05-06T13:23:23Z",,,5533199,"rouvinator",1,,,,,,
"38.89081570802196","-77.01074838638306",,,,,,,,,,,,,,,,,,"pole","dome",48452158,,,,,,,,,,,,,,,,,,"5",,"node/4838549346",,,"surveillance",,,,,"63",,,,,,,,,,,,,,,,,,,,,,,,,,,,"public","camera","building",,"2017-05-06T13:23:23Z",,,5533199,"rouvinator",1,,,,,,
"38.89073220074275","-77.01340913772583",,,,,,,,,,,,,,,,,,"pole","dome",97260926,,,,,,,,,,,,,,,,,,"10",,"node/4838475454",,,"surveillance",,,,,"61",,,,,,,,,,,,,,,,,,,,,,,,,,,,"public","camera","area",,"2021-01-10T19:16:23Z",,,18480,"nickvet419",2,,,,,,
"38.89078230512206","-77.01358079910278",,,,,,,,,,,,,,,,,,"pole","dome",97260926,,,,,,,,,,,,,,,,,,"10",,"node/4838475453",,,"surveillance",,,,,"60",,,,,,,,,,,,,,,,,,,,,,,,,,,,"public","camera","area",,"2021-01-10T19:16:23Z",,,18480,"nickvet419",2,,,,,,
"38.89094931946451","-77.0146107673645",,,,,,,,,,,,,,,,,,"pole","dome",48450941,,,,,,,,,,,,,,,,,,"5",,"node/4838475450",,,"surveillance",,,,,"59",,,,,,,,,,,,,,,,,,,,,,,,,,,,"public","camera","traffic",,"2017-05-06T12:25:35Z",,,5533199,"rouvinator",1,,,,,,
"38.89089921520298","-77.01581239700317",,,,,,,,,,,,,,,,,"250-360","pole","panning",48450741,,,,,,,,,,,,,,,,,,"10",,"node/4838466343",,,"surveillance",,,,,"195",,,,,,,,,,,,,,,,,,,,,,,,,,,,"public","camera","building",,"2017-05-06T12:17:05Z",,,5533199,"rouvinator",1,,,,,,
"38.89088251377464","-77.01576948165894",,,,,,,,,,,,,,,,,"90-270","pole","panning",48450741,,,,,,,,,,,,,,,,,,"10",,"node/4838466344",,,"surveillance",,,,,"194",,,,,,,,,,,,,,,,,,,,,,,,,,,,"public","camera","building",,"2017-05-06T12:17:05Z",,,5533199,"rouvinator",1,,,,,,
"38.89091591662745","-77.01579093933105",,,,,,,,,,,,,,,,,"300-60","pole","panning",48450741,,,,,,,,,,,,,,,,,,"10",,"node/4838466342",,,"surveillance",,,,,"192",,,,,,,,,,,,,,,,,,,,,,,,,,,,"public","camera","building",,"2017-05-06T12:17:05Z",,,5533199,"rouvinator",1,,,,,,
"38.89091591662745","-77.0157265663147",,,,,,,,,,,,,,,,,"270-360","pole","panning",48450741,,,,,,,,,,,,,,,,,,"5",,"node/4838466345",,,"surveillance",,,,,"193",,,,,,,,,,,,,,,,,,,,,,,,,,,,"public","camera","building",,"2017-05-06T12:17:05Z",,,5533199,"rouvinator",1,,,,,,
"38.89109963203694","-77.01576948165894",,,,,,,,,,,,,,,,,"180-360","pole","panning",48450741,,,,,,,,,,,,,,,,,,"5",,"node/4838466338",,,"surveillance",,,,,"58",,,,,,,,,,,,,,,,,,,,,,,,,,,,"public","camera","building",,"2017-05-06T12:17:04Z",,,5533199,"rouvinator",1,,,,,,
"38.89131674963559","-77.01579093933105",,,,,,,,,,,,,,,,,"18-270","pole","panning",48450741,,,,,,,,,,,,,,,,,,"25",,"node/4838466337",,,"surveillance",,,,,"57",,,,,,,,,,,,,,,,,,,,,,,,,,,,"public","camera","building",,"2017-05-06T12:17:04Z",,,5533199,"rouvinator",1,,,,,,
"38.891266645633266","-77.0161771774292",,,,,,,,,,,,,,,,,"0-90","wall","panning",48450741,,,,,,,,,,,,,,,,,,"25",,"node/4838466336",,,"surveillance",,,,,"56",,,,,,,,,,,,,,,,,,,,,,,,,,,,"public","camera","building",,"2017-05-06T12:17:04Z",,,5533199,"rouvinator",1,,,,,,
"38.89091591662745","-77.01737880706787",,,,,,,,,,,,,,,,,"0-90","pole","panning",99857245,,,,,,,,,,,,,,,,,,"10",,"node/4838466339",,,"surveillance",,,,,"53",,,,,,,,,,,,,,,,,,,,,,,,,,,,"public","camera","building",,"2021-02-23T22:09:19Z",,,18480,"nickvet419",2,,,,,,
"38.89083240946604","-77.01720714569092",,,,,,,,,,,,,,,,,"0-90","pole","panning",134740548,"2023-04-10",,,,,,,,,,,,,,,,,"10",,"node/4838466341",,,"surveillance",,,,,"55",,,,,,,,,,,,,,,,,,,,,,,,,,,,"public","camera","building",,"2023-04-10T17:44:11Z",,,7096975,"Peter Newman",3,,,,,,
"38.89086581234238","-77.0172929763794",,,,,,,,,,,,,,,,,"270-90","pole","panning",99857245,,,,,,,,,,,,,,,,,,"10",,"node/4838466340",,,"surveillance",,,,,"54",,,,,,,,,,,,,,,,,,,,,,,,,,,,"public","camera","building",,"2021-02-23T22:09:19Z",,,18480,"nickvet419",2,,,,,,
"38.89109963203694","-77.01851606369019",,,,,,,,,,,,,,,,,,"wall","dome",99873710,,,,,,,,,,,,,,,,,,"5",,"node/4838441837",,,"surveillance",,,,,"51",,,,,,,,,,,,,,,,,,,,,,,,,,,,"public","camera","building",,"2021-02-24T05:46:45Z",,,18480,"nickvet419",3,,,,,,
"38.89089921520298","-77.01924562454224",,,,,,,,,,,,,,,,,,"wall","dome",99873710,,,,,,,,,,,,,,,,,,"5",,"node/804640727",,,"surveillance",,,,,"48",,,,,,,,,,,,,,,,,,,,,,,,,,,,"public","camera","building",,"2021-02-24T05:46:45Z",,,18480,"nickvet419",5,,,,,,
"38.89096602087713","-77.01903104782104",,,,,,,,,,,,,,,,,,"roof","dome",99855731,,,,,,,,,,,,,,,,,,"5",,"node/4838441830",,,"surveillance",,,,,"195",,,,,,,,,,,,,,,,,,,,,,,,,,,,"public","camera","building",,"2021-02-23T21:25:04Z",,,18480,"nickvet419",2,,,,,,
"38.89091591662745","-77.0187520980835",,,,,,,,,,,,,,,,,,"roof","dome",99873710,,,,,,,,,,,,,,,,,,"20",,"node/804642661",,,"surveillance",,,,,"50",,,,,,,,,,,,,,,,,,,,,,,,,,,,"public","camera","building",,"2021-02-24T05:46:45Z",,,18480,"nickvet419",5,,,,,,
"38.89109963203694","-77.0187520980835",,,,,,,,,,,,,,,,,,"wall","dome",99873710,,,,,,,,,,,,,,,,,,"5",,"node/804638721",,,"surveillance",,,,,"49",,,,,,,,,,,,,,,,,,,,,,,,,,,,"public","camera","building",,"2021-02-24T05:46:45Z",,,18480,"nickvet419",5,,,,,,
"38.89156726911702","-77.0187520980835",,,,,,,,,,,,,,,,,"0-90","wall","panning",99873710,,,,,,,,,,,,,,,,,,"5",,"node/804639840",,,"surveillance",,,,,"44",,,,,,,,,,,,,,,,,,,,,,,,,,,,"public","camera","building",,"2021-02-24T05:46:45Z",,,18480,"nickvet419",5,,,,,,
"38.89156726911702","-77.01851606369019",,,,,,,,,,,,,,,,,,"wall","panning",99873710,,,,,,,,,,,,,,,,,,"5",,"node/804638532",,,"surveillance",,,,,"45",,,,,,,,,,,,,,,,,,,,,,,,,,,,"public","camera","building",,"2021-02-24T05:46:45Z",,,18480,"nickvet419",5,,,,,,
"38.891500464008374","-77.01828002929688",,,,,,,,,,,,,,,,,,"pole","dome",99873710,,,,,,,,,,,,,,,,,,"5",,"node/4838441841",,,"surveillance",,,,,"43",,,,,,,,,,,,,,,,,,,,,,,,,,,,"public","camera","building",,"2021-02-24T05:46:45Z",,,18480,"nickvet419",2,,,,,,
"38.89111633341426","-77.01785087585449",,,,,,,,,,,,,,,,,,"pole","dome",48450481,,,,,,,,,,,,,,,,,,"5",,"node/4838441840",,,"surveillance",,,,,"52",,,,,,,,,,,,,,,,,,,,,,,,,,,,"public","camera","building",,"2017-05-06T12:03:54Z",,,5533199,"rouvinator",1,,,,,,
"38.89160067164781","-77.01780796051025",,,,,,,,,,,,,,,,,,"pole","dome",99873710,,,,,,,,,,,,,,,,,,"5",,"node/4838441839",,,"surveillance",,,,,"47",,,,,,,,,,,,,,,,,,,,,,,,,,,,"public","camera","building",,"2021-02-24T05:46:45Z",,,18480,"nickvet419",2,,,,,,
"38.89175098284184","-77.01877355575562",,,,,,,,,,,,,,,,,"270-360","wall","panning",99873710,,,,,,,,,,,,,,,,,,"5",,"node/804639701",,,"surveillance",,,,,"45",,,,,,,,,,,,,,,,,,,,,,,,,,,,"public","camera","building",,"2021-02-24T05:46:45Z",,,18480,"nickvet419",5,,,,,,
"38.89175098284184","-77.01926708221436",,,,,,,,,,,,,,,,,,"wall","dome",99873710,,,,,,,,,,,,,,,,,,"5",,"node/804640266",,,"surveillance",,,,,"46",,,,,,,,,,,,,,,,,,,,,,,,,,,,"public","camera","building",,"2021-02-24T05:46:45Z",,,18480,"nickvet419",5,,,,,,
"38.89165077541449","-77.0230221748352",,,,,,,,,,,,,,,,,,"pole","dome",48455349,,,,,,,,,,,,,,,,,,"5",,"node/4838717219",,,"surveillance",,,,,"214",,,,,,,,,,,,,,,,,,,,,,,,,,,,"public","camera","building",,"2017-05-06T15:40:20Z",,,5533199,"rouvinator",1,,,,,,
"38.89165077541449","-77.02287197113037",,,,,,,,,,,,,,,,,,"pole","dome",48455349,,,,,,,,,,,,,,,,,,"5",,"node/4838717220",,,"surveillance",,,,,"215",,,,,,,,,,,,,,,,,,,,,,,,,,,,"public","camera","building",,"2017-05-06T15:40:20Z",,,5533199,"rouvinator",1,,,,,,
"38.89166747666221","-77.01969623565674",,,,,,,,,,,,,,,,,,"roof","dome",99873710,,,,,,,,,,,,,,,,,,"25",,"node/804638053",,,"surveillance",,,,,"42",,,,,,,,,,,,,,,,,,,,,,,,,,,,"public","camera","building",,"2021-02-24T05:46:45Z",,,18480,"nickvet419",5,,,,,,
"38.89166747666221","-77.02012538909912",,,,,,,,,,,,,,,,,,"wall","dome",99873710,,,,,,,,,,,,,,,,,,"5",,"node/804639402",,,"surveillance",,,,,"201",,,,,,,,,,,,,,,,,,,,,,,,,,,,"public","camera","building",,"2021-02-24T05:46:45Z",,,18480,"nickvet419",5,,,,,,
"38.891734281613765","-77.0205545425415",,,,,,,,,,,,,,,,,,"pole","dome",99873710,,,,,,,,,,,,,,,,,,"10",,"node/804640698",,,"surveillance",,,,,"204",,,,,,,,,,,,,,,,,,,,,,,,,,,,"public","camera","building",,"2021-02-24T05:46:45Z",,,18480,"nickvet419",5,,,,,,
"38.891717580381794","-77.02106952667236",,,,,,,,,,,,,,,,,,"pole","dome",99873710,,,,,,,,,,,,,,,,,,"25",,"node/804638749",,,"surveillance",,,,,"40",,,,,,,,,,,,,,,,,,,,,,,,,,,,"public","camera","building",,"2021-02-24T05:46:45Z",,,18480,"nickvet419",5,,,,,,
"38.89153386657054","-77.02128410339355",,,,,,,,,,,,,,,,,,"roof","dome",99873710,,,,,,,,,,,,,,,,,,"25",,"node/804637965",,,"surveillance",,,,,"41",,,,,,,,,,,,,,,,,,,,,,,,,,,,"public","camera","building",,"2021-02-24T05:46:45Z",,,18480,"nickvet419",5,,,,,,
"38.89153386657054","-77.02104806900024",,,,,,,,,,,,,,,,,,"wall","dome",99873710,,,,,,,,,,,,,,,,,,"5",,"node/804641365",,,"surveillance",,,,,"197",,,,,,,,,,,,,,,,,,,,,,,,,,,,"public","camera","building",,"2021-02-24T05:46:45Z",,,18480,"nickvet419",5,,,,,,
"38.891416957534204","-77.02128410339355",,,,,,,,,,,,,,,,,,"wall","dome",99875481,,,,,,,,,,,,,,,,,,"5",,"node/4838441816",,,"surveillance",,,,,"206",,,,,,,,,,,,,,,,,,,,,,,,,,,,"public","camera","building",,"2021-02-24T06:08:09Z",,,18480,"nickvet419",3,,,,,,
"38.89133345096184","-77.02128410339355",,,,,,,,,,,,,,,,,,"wall","dome",99875481,,,,,,,,,,,,,,,,,,"5",,"node/4838441817",,,"surveillance",,,,,"207",,,,,,,,,,,,,,,,,,,,,,,,,,,,"public","camera","building",,"2021-02-24T06:08:09Z",,,18480,"nickvet419",2,,,,,,
"38.8911664375226","-77.01988935470581",,,,,,,,,,,,,,,,,,"roof","dome",99873710,,,,,,,,,,,,,,,,,,"25",,"node/4838441828",,,"surveillance",,,,,"196",,,,,,,,,,,,,,,,,,,,,,,,,,,,"public","camera","building",,"2021-02-24T05:46:45Z",,,18480,"nickvet419",3,,,,,,
"38.89094931946451","-77.02008247375488",,,,,,,,,,,,,,,,,,"pole","dome",99878082,,,,,,,,,,,,,,,,,,"10",,"node/804638642",,,"surveillance",,,,,"200",,,,,,,,,,,,,,,,,,,,,,,,,,,,"public","camera","building",,"2021-02-24T06:37:45Z",,,18480,"nickvet419",6,,,,,,
"38.89096602087713","-77.01969623565674",,,,,,,,,,,,,,,,,,"wall","dome",99878082,,,,,,,,,,,,,,,,,,"5",,"node/804641695",,,"surveillance",,,,,"198",,,,,,,,,,,,,,,,,,,,,,,,,,,,"public","camera","building",,"2021-02-24T06:37:45Z",,,18480,"nickvet419",6,,,,,,
"38.89088251377464","-77.02053308486938",,,,,,,,,,,,,,,,,,"wall","dome",99873710,,,,,,,,,,,,,,,,,,"5",,"node/804639881",,,"surveillance",,,,,"203",,,,,,,,,,,,,,,,,,,,,,,,,,,,"public","camera","building",,"2021-02-24T05:46:45Z",,,18480,"nickvet419",5,,,,,,
"38.89088251377464","-77.02104806900024",,,,,,,,,,,,,,,,,,"wall","dome",99873710,,,,,,,,,,,,,,,,,,"5",,"node/804640264",,,"surveillance",,,,,"202",,,,,,,,,,,,,,,,,,,,,,,,,,,,"public","camera","building",,"2021-02-24T05:46:45Z",,,18480,"nickvet419",5,,,,,,
"38.89106622927059","-77.02104806900024",,,,,,,,,,,,,,,,,,"wall","dome",99873710,,,,,,,,,,,,,,,,,,"5",,"node/804638177",,,"surveillance",,,,,"199",,,,,,,,,,,,,,,,,,,,,,,,,,,,"public","camera","building",,"2021-02-24T05:46:45Z",,,18480,"nickvet419",5,,,,,,
"38.89106622927059","-77.02128410339355",,,,,,,,,,,,,,,,,,"roof","dome",99873710,,,,,,,,,,,,,,,,,,"25",,"node/804640788",,,"surveillance",,,,,"205",,,,,,,,,,,,,,,,,,,,,,,,,,,,"public","camera","building",,"2021-02-24T05:46:45Z",,,18480,"nickvet419",5,,,,,,
"38.8912499442913","-77.02244281768799",,,,,,,,,,,,,,,,,,"pole","dome",48455349,,,,,,,,,,,,,,,,,,"5",,"node/4838736723",,,"surveillance",,,,,"211",,,,,,,,,,,,,,,,,,,,,,,,,,,,"public","camera","building",,"2017-05-06T15:40:20Z",,,5533199,"rouvinator",1,,,,,,
"38.8912499442913","-77.02231407165527",,,,,,,,,,,,,,,,,,"pole","dome",48455349,,,,,,,,,,,,,,,,,,"5",,"node/4838736722",,,"surveillance",,,,,"208",,,,,,,,,,,,,,,,,,,,,,,,,,,,"public","camera","building",,"2017-05-06T15:40:20Z",,,5533199,"rouvinator",1,,,,,,
"38.89131674963559","-77.0222282409668",,,,,,,,,,,,,,,,,,"pole","dome",99932769,,,,,,,,,,,,,,,,,,"5",,"node/4838736721",,,"surveillance",,,,,"209",,,,,,,,,,,,,,,,,,,,,,,,,,,,"public","camera","building",,"2021-02-24T22:12:32Z",,,18480,"nickvet419",2,,,,,,
"38.89111633341426","-77.02246427536011",,,,,,,,,,,,,,,,,,"pole","dome",99920360,,,,,,,,,,,,,,,,,,"5",,"node/4838736726",,,"surveillance",,,,,"210",,,,,,,,,,,,,,,,,,,,,,,,,,,,"public","camera","building",,"2021-02-24T17:00:29Z",,,18480,"nickvet419",2,,,,,,
"38.8911664375226","-77.02336549758911",,,,,,,,,,,,,,,,,,"pole","dome",48455349,,,,,,,,,,,,,,,,,,"5",,"node/4838736729",,,"surveillance",,,,,"217",,,,,,,,,,,,,,,,,,,,,,,,,,,,"public","camera","building",,"2017-05-06T15:40:21Z",,,5533199,"rouvinator",1,,,,,,
"38.89101612509151","-77.02325820922852",,,,,,,,,,,,,,,,,,"pole","dome",48455349,,,,,,,,,,,,,,,,,,"5",,"node/4838736728",,,"surveillance",,,,,"216",,,,,,,,,,,,,,,,,,,,,,,,,,,,"public","camera","building",,"2017-05-06T15:40:21Z",,,5533199,"rouvinator",1,,,,,,
"38.89083240946604","-77.02280759811401",,,,,,,,,,,,,,,,,,"pole","dome",99920360,,,,,,,,,,,,,,,,,,"5",,"node/4838736724",,,"surveillance",,,,,"212",,,,,,,,,,,,,,,,,,,,,,,,,,,,"public","camera","building",,"2021-02-24T17:00:29Z",,,18480,"nickvet419",2,,,,,,
"38.89083240946604","-77.02308654785156",,,,,,,,,,,,,,,,,,"pole","dome",99920360,,,,,,,,,,,,,,,,,,"5",,"node/4838736725",,,"surveillance",,,,,"213",,,,,,,,,,,,,,,,,,,,,,,,,,,,"public","camera","building",,"2021-02-24T17:00:29Z",,,18480,"nickvet419",2,,,,,,
"38.89071549927513","-77.02373027801514",,,,,,,,,,,,,,,,,,"pole","dome",48455349,,,,,,,,,,,,,,,,,,"5",,"node/4838736727",,,"surveillance",,,,,"218",,,,,,,,,,,,,,,,,,,,,,,,,,,,"public","camera","building",,"2017-05-06T15:40:21Z",,,5533199,"rouvinator",1,,,,,,
"38.89109963203694","-77.02439546585083",,,,,,,,,,,,,,,,,,"roof","dome",99972145,,,,,,,,,,,,,,,,,,"25",,"node/804642296",,,"surveillance",,,,,"219",,,,,,,,,,,,,,,,,,,,,,,,,,,,"public","camera","building",,"2021-02-25T11:20:51Z",,,18480,"nickvet419",2,,,,,,
"38.89081570802196","-77.02497482299805",,,,,,,,,,,,,,,,,,"roof","dome",99972145,,,,,,,,,,,,,,,,,,"25",,"node/804642857",,,"surveillance",,,,,"246",,,,,,,,,,,,,,,,,,,,,,,,,,,,"public","camera","building",,"2021-02-25T11:20:51Z",,,18480,"nickvet419",2,,,,,,
"38.89180108650251","-77.02377319335938",,,,,,,,,,,,,,,,,,"pole","dome",48455349,,,,,,,,,,,,,,,,,,"5",,"node/4838736730",,,"surveillance",,,,,"222",,,,,,,,,,,,,,,,,,,,,,,,,,,,"public","camera","building",,"2017-05-06T15:40:21Z",,,5533199,"rouvinator",1,,,,,,
"38.89165077541449","-77.0236873626709",,,,,,,,,,,,,,,,,,"pole","dome",48455349,,,,,,,,,,,,,,,,,,"5",,"node/4838736731",,,"surveillance",,,,,"223",,,,,,,,,,,,,,,,,,,,,,,,,,,,"public","camera","building",,"2017-05-06T15:40:21Z",,,5533199,"rouvinator",1,,,,,,
"38.89161737290726","-77.02439546585083",,,,,,,,,,,,,,,,,,"roof","dome",99972145,,,,,,,,,,,,,,,,,,"25",,"node/804642620",,,"surveillance",,,,,"220",,,,,,,,,,,,,,,,,,,,,,,,,,,,"public","camera","building",,"2021-02-25T11:20:51Z",,,18480,"nickvet419",2,,,,,,
"38.89193469609151","-77.0237946510315",,,,,,,,,,,,,,,,,,"pole","dome",48455349,,,,,,,,,,,,,,,,,,"5",,"node/4838736733",,,"surveillance",,,,,"224",,,,,,,,,,,,,,,,,,,,,,,,,,,,"public","camera","building",,"2017-05-06T15:40:22Z",,,5533199,"rouvinator",1,,,,,,
"38.8922687189644","-77.02370882034302",,,,,,,,,,,,,,,,,,"pole","dome",48455349,,,,,,,,,,,,,,,,,,"5",,"node/4838736736",,,"surveillance",,,,,"226",,,,,,,,,,,,,,,,,,,,,,,,,,,,"public","camera","building",,"2017-05-06T15:40:22Z",,,5533199,"rouvinator",1,,,,,,
"38.8922687189644","-77.02366590499878",,,,,,,,,,,,,,,,,,"pole","dome",48455349,,,,,,,,,,,,,,,,,,"5",,"node/4838736735",,,"surveillance",,,,,"225",,,,,,,,,,,,,,,,,,,,,,,,,,,,"public","camera","building",,"2017-05-06T15:40:22Z",,,5533199,"rouvinator",1,,,,,,
"38.892252017858056","-77.02484607696533",,,,,,,,,,,,,,,,,,"roof","dome",48455634,,,,,,,,,,,,,,,,,,"15",,"node/4838748227",,,"surveillance",,,,,"227",,,,,,,,,,,,,,,,,,,,,,,,,,,,"public","camera","building",,"2017-05-06T15:54:14Z",,,5533199,"rouvinator",1,,,,,,
"38.89165077541449","-77.02510356903076",,,,,,,,,,,,,,,,,,"roof","dome",99972145,,,,,,,,,,,,,,,,,,"25",,"node/804639318",,,"surveillance",,,,,"228",,,,,,,,,,,,,,,,,,,,,,,,,,,,"public","camera","building",,"2021-02-25T11:20:51Z",,,18480,"nickvet419",2,,,,,,
"38.89175098284184","-77.02576875686646",,,,,,,,,,,,,,,,,,"roof","dome",99972145,,,,,,,,,,,,,,,,,,"25",,"node/804638104",,,"surveillance",,,,,"229",,,,,,,,,,,,,,,,,,,,,,,,,,,,"public","camera","building",,"2021-02-25T11:20:51Z",,,18480,"nickvet419",2,,,,,,
"38.891734281613765","-77.02619791030884",,,,,,,,,,,,,,,,,,"roof","dome",99972145,,,,,,,,,,,,,,,,,,"25",,"node/804641620",,,"surveillance",,,,,"230",,,,,,,,,,,,,,,,,,,,,,,,,,,,"public","camera","building",,"2021-02-25T11:20:51Z",,,18480,"nickvet419",2,,,,,,
"38.89238562659881","-77.02564001083374",,,,,,,,,,,,,,,,,,"roof","dome",48455634,,,,,,,,,,,,,,,,,,"30",,"node/4838748228",,,"surveillance",,,,,"235",,,,,,,,,,,,,,,,,,,,,,,,,,,,"public","camera","building",,"2017-05-06T15:54:14Z",,,5533199,"rouvinator",1,,,,,,
"38.892368925519946","-77.02731370925903",,,,,,,,,,,,,,,,,,"roof","dome",48455634,,,,,,,,,,,,,,,,,,"30",,"node/4838748229",,,"surveillance",,,,,"236",,,,,,,,,,,,,,,,,,,,,,,,,,,,"public","camera","building",,"2017-05-06T15:54:15Z",,,5533199,"rouvinator",1,,,,,,
"38.89166747666221","-77.0268201828003",,,,,,,,,,,,,,,,,,"roof","dome",99972145,,,,,,,,,,,,,,,,,,"25",,"node/804642200",,,"surveillance",,,,,"231",,,,,,,,,,,,,,,,,,,,,,,,,,,,"public","camera","building",,"2021-02-25T11:20:51Z",,,18480,"nickvet419",2,,,,,,
"38.890799006573985","-77.02694892883301",,,,,,,,,,,,,,,,,,"roof","dome",99972145,,,,,,,,,,,,,,,,,,"25",,"node/804640302",,,"surveillance",,,,,"245",,,,,,,,,,,,,,,,,,,,,,,,,,,,"public","camera","building",,"2021-02-25T11:20:51Z",,,18480,"nickvet419",2,,,,,,
"38.89106622927059","-77.02754974365234",,,,,,,,,,,,,,,,,,"roof","dome",99972145,,,,,,,,,,,,,,,,,,"25",,"node/804641563",,,"surveillance",,,,,"244",,,,,,,,,,,,,,,,,,,,,,,,,,,,"public","camera","building",,"2021-02-25T11:20:51Z",,,18480,"nickvet419",2,,,,,,
"38.89156726911702","-77.02754974365234",,,,,,,,,,,,,,,,,,"roof","dome",165911399,"2025-05-06",,,,,,,,,,,,,,,,,"25",,"node/804640839",,,"surveillance",,,,,"234",,,,,,,,,,,,,,,,,,,,,,,,,,,,"public","camera","building",,"2025-05-06T20:48:01Z",,,22579445,"Lm2345",3,,,,,,
"38.89123324294542","-77.02911615371704",,,,,,,,,,,,,,,,,,"roof","dome",48455770,,,,,,,,,,,,,,,,,,"30",,"node/4838758498",,,"surveillance",,,,,"248",,,,,,,,,,,,,,,,,,,,,,,,,,,,"public","camera","building",,"2017-05-06T16:01:02Z",,,5533199,"rouvinator",1,,,,,,
"38.89086581234238","-77.0289659500122",,,,,,,,,,,,,,,,,"90-160","wall","fixed",48455770,,,,,,,,,,,,,,,,,,"5",,"node/4838758502",,,"surveillance",,,,,"249",,,,,,,,,,,,,,,,,,,,,,,,,,,,"public","camera","building",,"2017-05-06T16:01:02Z",,,5533199,"rouvinator",1,,,,,,
"38.89103282648847","-77.02875137329102",,,,,,,,,,,,,,,,,,"wall","dome",99997313,,,,,,,,,,,,,,,,,,"5",,"node/4838758500",,,"surveillance",,,,,"252",,,,,,,,,,,,,,,,,,,,,,,,,,,,"public","camera","building",,"2021-02-25T18:40:27Z",,,18480,"nickvet419",2,,,,,,
"38.89086581234238","-77.02875137329102",,,,,,,,,,,,,,,,,"200-270","wall","fixed",48455770,,,,,,,,,,,,,,,,,,"5",,"node/4838758501",,,"surveillance",,,,,"250",,,,,,,,,,,,,,,,,,,,,,,,,,,,"public","camera","building",,"2017-05-06T16:01:02Z",,,5533199,"rouvinator",1,,,,,,
"38.89081570802196","-77.02900886535645",,,,,,,,,,,,,,,,,,"wall","dome",99984117,,,,,,,,,,,,,,,,,,"5",,"node/804641076",,,"surveillance",,,,,"251",,,,,,,,,,,,,,,,,,,,,,,,,,,,"public","camera","building",,"2021-02-25T14:41:02Z",,,18480,"nickvet419",5,,,,,,
"38.89094931946451","-77.03010320663452",,,,,,,,,,,,,,,,,,"roof","dome",48455770,,,,,,,,,,,,,,,,,,"30",,"node/4838758494",,,"surveillance",,,,,"247",,,,,,,,,,,,,,,,,,,,,,,,,,,,"public","camera","building",,"2017-05-06T16:01:01Z",,,5533199,"rouvinator",1,,,,,,
"38.89123324294542","-77.03085422515869",,,,,,,,,,,,,,,,,,"roof","dome",48455770,,,,,,,,,,,,,,,,,,"30",,"node/4838758495",,,"surveillance",,,,,"253",,,,,,,,,,,,,,,,,,,,,,,,,,,,"public","camera","building",,"2017-05-06T16:01:01Z",,,5533199,"rouvinator",1,,,,,,
"38.89151716529145","-77.03010320663452",,,,,,,,,,,,,,,,,,"roof","dome",48455770,,,,,,,,,,,,,,,,,,"30",,"node/4838758496",,,"surveillance",,,,,"254",,,,,,,,,,,,,,,,,,,,,,,,,,,,"public","camera","building",,"2017-05-06T16:01:01Z",,,5533199,"rouvinator",1,,,,,,
"38.89155056784574","-77.03001737594604",,,,,,,,,,,,,,,,,,"wall","dome",48455770,,,,,,,,,,,,,,,,,,"5",,"node/4838758497",,,"surveillance",,,,,"255",,,,,,,,,,,,,,,,,,,,,,,,,,,,"public","camera","building",,"2017-05-06T16:01:01Z",,,5533199,"rouvinator",1,,,,,,
"38.8923021211653","-77.03027486801147",,,,,,,,,,,,,,,,,,"roof","dome",48455770,,,,,,,,,,,,,,,,,,"30",,"node/4838758503",,,"surveillance",,,,,"256",,,,,,,,,,,,,,,,,,,,,,,,,,,,"public","camera","building",,"2017-05-06T16:01:02Z",,,5533199,"rouvinator",1,,,,,,
"38.891968098449496","-77.02789306640625",,,,,,,,,,,,,,,,,,"pole","dome",160687758,"2024-12-27",,,,,,,,,,,,,,,,,"10",,"node/4838748235",,,"surveillance",,,,,"243",,,,,,,,,,,,,,,,,,,,,,,,,,,,"public","camera","building",,"2024-12-27T18:22:54Z",,,80285,"Sparks",2,,,,,,
"38.89183448892334","-77.02804327011108",,,,,,,,,,,,,,,,,"330-30","pole","fixed",160687758,"2024-12-27",,,,,,,,,,,,,,,,,"5",,"node/4838748236",,,"surveillance",,,,,"237-241",,,,,,,,,,,,,,,,,,,,,,,,,,,,"public","camera","traffic",,"2024-12-27T18:22:46Z",,,80285,"Sparks",2,,,,,,
"38.89181778771487","-77.02767848968506",,,,,,,,,,,,,,,,,,"pole","dome",48455634,,,,,,,,,,,,,,,,,,"5",,"node/4838748234",,,"surveillance",,,,,"241",,,,,,,,,,,,,,,,,,,,,,,,,,,,"public","camera","building",,"2017-05-06T15:54:15Z",,,5533199,"rouvinator",1,,,,,,
"38.89602636804415","-77.02939510345459",,,,,,,,,,,,,,,,,"0","wall","fixed",138898745,"2023-07-23",,,,,,,,,,,,,,,,,,,"node/4734407835",,,"surveillance",,,,,,,,,,,,,,,,,,,,,,,,,,,,,,"survey",,,"outdoor","camera",,,"2023-07-23T15:24:03Z",,,19626868,"konstantintutsch",2,,,,,,
"38.89626017075014","-77.02939510345459",,,,,,,,,,,,,,,,,,,"dome",138898745,"2023-07-23",,,,,,,,,,,,,,,,,,,"node/4734407834",,,"surveillance",,,,,,,,,,,,,,,,,,,,,,,,,,,,,,"survey",,,"outdoor","camera","entrance",,"2023-07-23T15:23:20Z",,,19626868,"konstantintutsch",2,,,,,,
"38.89993411218657","-77.01948165893555",,,,,,,,,,,,,,,,,"135","wall","fixed",46868720,,,,,,,,,,,,,,,,,,,,"node/4736105814",,,"surveillance",,,,,,,,,,,,,,,,,,,,,,,,,,,,,,"survey",,,"outdoor","camera",,,"2017-03-15T13:09:43Z",,,4955841,"srevilak",1,,,,,,
"38.89993411218657","-77.01943874359131",,,,,,,,,,,,,,,,,"135","wall","fixed",46868720,,,,,,,,,,,,,,,,,,,,"node/4736105816",,,"surveillance",,,,,,,,,,,,,,,,,,,,,,,,,,,,,,"survey",,,"outdoor","camera",,,"2017-03-15T13:09:44Z",,,4955841,"srevilak",1,,,,,,
"38.89993411218657","-77.01943874359131",,,,,,,,,,,,,,,,,"225","wall","fixed",46868720,,,,,,,,,,,,,,,,,,,,"node/4736105815",,,"surveillance",,,,,,,,,,,,,,,,,,,,,,,,,,,,,,"survey",,,"outdoor","camera",,,"2017-03-15T13:09:44Z",,,4955841,"srevilak",1,,,,,,
"38.90095276228999","-77.02003955841064",,,,,,,,,,,,,,,,,,"pole","dome",46868509,,,,,,,,,,,,,,,,,,,,"node/4736096893",,,"surveillance",,,,,,,,,,,,,,,,,,,,"Metropolitan Police Department",,,,,,,,,,"survey",,,"camera","camera",,,"2017-03-15T13:01:09Z",,,4955841,"srevilak",1,,,,,,
"38.90170421611441","-77.0197606086731",,,,,,,,,,,,,,,,,,"ceiling","fixed",46868436,,,,,,,,,,,,,,,,,,,,"node/4736090245",,,"surveillance",,,,,,,,,,,,,,,,,,,,,,,,,,,,,,"survey",,,"outdoor","camera","entrance",,"2017-03-15T12:58:53Z",,,4955841,"srevilak",1,,,,,,
"38.89990071357511","-77.02006101608276",,,,,,,,,,,,,,,,,,"pole","dome",46868568,,,,,,,,,,,,,,,,,,,,"node/4736098379",,,"surveillance",,,,,,,,,,,,,,,,,,,,"Metropolitan Police Department",,,,,,,,,,"survey",,,"outdoor","camera",,,"2017-03-15T13:03:17Z",,,4955841,"srevilak",1,,,,,,
"38.90182110821678","-77.03102588653564",,,,,,,,,,,,,,,,,"320","pole","fixed",63425280,,,,,,,,,,,,,,,,,,,,"node/1668206317",,,"surveillance",,,,,,,,,,,,,,,,,,,,,,,,,,,,,,"survey",,,"outdoor","camera","traffic",,"2018-10-11T15:59:07Z",,,8929764,"MariaL64",2,,,,,,
"38.90193800012668","-77.02411651611328",,,,,,,,,,,,,,,,,,,"fixed",173773570,,,,,,,,,,"161",,,,,,,,,,"node/13256764001",,,"surveillance","Flock Safety","Q108485435",,,,,,,,,,,,,,,,,,,,,,,,,,,,,,,"public","ALPR","traffic",,"2025-10-25T21:47:39Z",,,23307562,"Wedge A",1,,,,,,
"38.90263934754495","-77.01883792877197",,,,,,,,,,,,,,,,,"210","pole","fixed",46868352,,,,,,,,,,,,,,,,,,,,"node/4736087292",,,"surveillance",,,,,,,,,,,,,,,,,,,,"Metropolitan Police Department",,,,,,,,,,"survey",,,"outdoor","camera","traffic",,"2017-03-15T12:56:07Z",,,4955841,"srevilak",1,,,,,,
"38.90263934754495","-77.01883792877197",,,,,,,,,,,,,,,,,,"pole","dome",46868352,,,,,,,,,,,,,,,,,,,,"node/4736087293",,,"surveillance",,,,,,,,,,,,,,,,,,,,"Metropolitan Police Dept",,,,,,,,,,"survey",,,"outdoor","camera",,,"2017-03-15T12:56:07Z",,,4955841,"srevilak",1,,,,,,
"38.90272284082374","-77.01765775680542",,,,,,,,,,,,,,,,,"180","wall","fixed",143327131,"2023-10-29",,,,,,,,,,,,,,,,,,,"node/4736116264",,,"surveillance",,,,,,,,,,,,,,,,,,,,,,,,,,,,,,"survey",,,"outdoor","camera",,,"2023-10-29T19:04:40Z",,,7096975,"Peter Newman",2,,,,,,
"38.90272284082374","-77.01765775680542",,,,,,,,,,,,,,,,,"90","wall","fixed",143327131,"2023-10-29",,,,,,,,,,,,,,,,,,,"node/4736116263",,,"surveillance",,,,,,,,,,,,,,,,,,,,,,,,,,,,,,"survey",,,"outdoor","camera",,,"2023-10-29T19:04:40Z",,,7096975,"Peter Newman",2,,,,,,
"38.90275623810777","-77.01731443405151",,,,,,,,,,,,,,,,,"180","wall","fixed",46868838,,,,,,,,,,,,,,,,,,,,"node/4736116893",,,"surveillance",,,,,,,,,,,,,,,,,,,,,,,,,,,,,,"survey",,,"outdoor","camera",,,"2017-03-15T13:15:08Z",,,4955841,"srevilak",1,,,,,,
"38.90278963537611","-77.01645612716675",,,,,,,,,,,,,,,,,"180","wall","fixed",135161327,"2023-04-20",,,,,,,,,,,,,,,,,,,"node/4736113865",,,"surveillance",,,,,,,,,,,,,,,,,,,,,,,,,,,,,,"survey",,,"outdoor","camera",,,"2023-04-20T17:45:11Z",,,7096975,"Peter Newman",2,,,,,,
"38.90280633400437","-77.01643466949463",,,,,,,,,,,,,,,,,"90","wall","fixed",135161327,"2023-04-20",,,,,,,,,,,,,,,,,,,"node/4736113864",,,"surveillance",,,,,,,,,,,,,,,,,,,,,,,,,,,,,,"survey",,,"outdoor","camera",,,"2023-04-20T17:45:11Z",,,7096975,"Peter Newman",2,,,,,,
"38.905878814761735","-77.0190954208374",,,,,,,,,,,,,,,,,,"pole","dome",46868240,,,,,,,,,,,,,,,,,,,,"node/4736082921",,,"surveillance",,,,,,,,,,,,,,,,,,,,,,,,,,,,,,"survey",,,"outdoor","camera","parking",,"2017-03-15T12:52:21Z",,,4955841,"srevilak",1,,,,,,
"38.91709891921005","-77.02551126480103",,,,,,,,,,,,,,,,,,,"fixed",172136298,,,,,,,,,,"245",,,,,,,,,,"node/13154331848",,,"surveillance","Flock Safety","Q108485435",,,,,,,,,,,,,,,,,,,,,,,,,,,,,,,,"ALPR",,,"2025-09-18T23:42:05Z",,,23307562,"Wedge A",1,,,,,,
"38.916898575755624","-77.0237946510315",,,,,,,,,,,,,,,,,,,"fixed",172136471,,,,,,,,,,"105",,,,,,,,,,"node/13154358813",,,"surveillance","Flock Safety","Q108485435",,,,,,,,,,,,,,,,,,,,,,,,,,,,,,,,"ALPR",,,"2025-09-18T23:52:35Z",,,23307562,"Wedge A",1,,,,,,
"38.91372639568718","-77.01624155044556",,,,,,,,,,,,,,,,,"108",,,173558173,,,,,,,,,,"103",,,,,,,,,,"node/13166796505",,,"surveillance","Flock Safety",,,,,,,,,,,,,,,,,,"Q108485435",,,,,,,,,,,,,,,"ALPR",,,"2025-10-20T22:34:13Z",,,19955230,"floweringnight",2,,,,,,
"38.908633915403215","-77.01903104782104",,,,,,,,,,,,,,,,,"135","pole","fixed",116408433,"2022-01-21",,,,,,,,,,,,,,,,,,,"node/4736070039",,,"surveillance",,,,,,,,,,,,,,,,,,,,,,,,,,,,,,"survey",,,"outdoor","camera","traffic",,"2022-01-21T01:43:12Z",,,242694,"Yom",2,,,,,,
"38.908633915403215","-77.01903104782104",,,,,,,,,,,,,,,,,,"pole","dome",116408433,"2022-01-21",,,,,,,,,,,,,,,,,,,"node/4736059583",,,"surveillance",,,,,,,,,,,,,,,,,,,,,,,,,,,,,,"survey",,,"outdoor","camera",,,"2022-01-21T01:43:12Z",,,242694,"Yom",2,,,,,,
"38.90786583748911","-77.0189881324768",,,,,,,,,,,,,,,,,,,"fixed",173775485,,,,,,,,,,"19",,,,,,,,,,"node/13256870801",,,"surveillance","Flock Safety","Q108485435",,,,,,,,,,,,,,"Metro Police Department",,,,,,,,,,,,,,,,,"public","ALPR","traffic",,"2025-10-25T23:13:02Z",,,23307562,"Wedge A",1,,,,,,
"38.90726472723756","-77.01903104782104",,,,,,,,,,,,,,,,,,,"fixed",173775322,,,,,,,,,,"263",,,,,,,,,,"node/13256865201",,,"surveillance","Flock Safety","Q108485435",,,,,,,,,,,,,,"Metro Police Department",,,,,,,,,,,,,,,,,"public","ALPR","traffic",,"2025-10-25T23:04:16Z",,,23307562,"Wedge A",1,,,,,,
"38.90718123930006","-77.01883792877197",,,,,,,,,,,,,,,,,,,"fixed",173775292,,,,,,,,,,"84",,,,,,,,,,"node/13256864301",,,"surveillance","Flock Safety","Q108485435",,,,,,,,,,,,,,"Metro Police Department",,,,,,,,,,,,,,,,,"public","ALPR","traffic",,"2025-10-25T23:02:22Z",,,23307562,"Wedge A",1,,,,,,
"38.90718123930006","-77.01900959014893",,,,,,,,,,,,,,,,,,"pole","dome",46868182,,,,,,,,,,,,,,,,,,,,"node/4736078600",,,"surveillance",,,,,,,,,,,,,,,,,,,,"Metropolitan Police Department",,,,,,,,,,"survey",,,"outdoor","camera",,,"2017-03-15T12:50:25Z",,,4955841,"srevilak",1,,,,,,
"38.907348215076894","-77.03156232833862",,,,,,,,,,,,,,,,,,"wall","fixed",46843163,,,,,,,,,,,,,,,,,,,,"node/4734370933",,,"surveillance",,,,,,,,,,,,,,,,,,,,,,,,,,,,,,"survey",,,"outdoor","camera",,,"2017-03-14T14:51:19Z",,,4955841,"srevilak",1,,,,,,
"38.907348215076894","-77.03169107437134",,,,,,,,,,,,,,,,,,"wall","fixed",46843163,,,,,,,,,,,,,,,,,,,,"node/4734370934",,,"surveillance",,,,,,,,,,,,,,,,,,,,,,,,,,,,,,"survey",,,"outdoor","camera",,,"2017-03-14T14:51:19Z",,,4955841,"srevilak",1,,,,,,
"38.908149693338544","-77.03214168548584",,,,,,,,,,,,,,,,,"90","wall","fixed",46843238,,,,,,,,,,,,,,,,,,,,"node/4734372965",,,"surveillance",,,,,,,,,,,,,,,,,,,,,,,,,,,,,,"survey",,,"outdoor","camera","entrance",,"2017-03-14T14:53:42Z",,,4955841,"srevilak",1,,,,,,
"38.90736491263297","-77.0337724685669",,,,,,,,,,,,,,,,,,,"fixed",64375390,,,,,,,,,,,,,,,,,,,,"node/6052754941",,,"surveillance",,,,,,,,,,,,,,,,,,,,,,,,,,,,,,,,,"yes","camera","residential",,"2018-11-11T14:06:16Z",,,7602382,"West Virginian",1,,,,,,
"38.90736491263297","-77.03372955322266",,,,,,,,,,,,,,,,,,,"fixed",64375390,,,,,,,,,,,,,,,,,,,,"node/6052754942",,,"surveillance",,,,,,,,,,,,,,,,,,,,,,,,,,,,,,,,,"yes","camera","residential",,"2018-11-11T14:06:16Z",,,7602382,"West Virginian",1,,,,,,
"38.911438998922534","-77.03214168548584",,,,,,,,,,,,,,,,,"90","wall","fixed",46843558,,,,,,,,,,,,,,,,,,,,"node/4734398425",,,"surveillance",,,,,,,,,,,,,,,,,,,,,,,,,,,,,,"survey",,,"outdoor","camera",,,"2017-03-14T15:03:50Z",,,4955841,"srevilak",1,,,,,,
"38.91142230232481","-77.03214168548584",,,,,,,,,,,,,,,,,"90","wall","fixed",46843558,,,,,,,,,,,,,,,,,,,,"node/4734398424",,,"surveillance",,,,,,,,,,,,,,,,,,,,,,,,,,,,,,"survey",,,"outdoor","camera",,,"2017-03-14T15:03:50Z",,,4955841,"srevilak",1,,,,,,
"38.92073839349476","-77.05166816711426",,,,,,,,,,,,,,,,,,,"fixed",179608005,,,,,,,,,,"190",,,,,,,,,,"node/13631244401",,,"surveillance","Flock Safety","Q108485435",,,,,,,,,,,,,,,,,,,,,,,,,,,,,,,"public","ALPR","traffic",,"2026-03-09T23:08:42Z",,,226869,"Natty",1,,,,,,
"38.92037111556749","-77.05156087875366",,,,,,,,,,,,,,,,,,,"fixed",179608479,,,,,,,,,,"21",,,,,,,,,,"node/13631284301",,,"surveillance","Flock Safety","Q108485435",,,,,,,,,,,,,,,,,,,,,,,,,,,,,,,"public","ALPR","traffic",,"2026-03-09T23:38:19Z",,,226869,"Natty",1,,,,,,
"38.92168996837171","-77.04351425170898",,,,,,,,,,,,,,,,,"194",,"fixed",173159620,,,,,,,,,,,,,,,,,,,,"node/13226901329",,,"surveillance","Flock Safety",,,,,,,,,,,,,,,,,,,,,,,,,,,,,,,,,"ALPR",,,"2025-10-12T00:11:12Z",,,23307562,"Wedge A",1,,,,"Q108485435",,
"38.91693196637064","-77.04040288925171",,,,,,,,,,,,,,,,,,,"fixed",172135755,,,,,,,,,,"70",,,,,,,,,,"node/13154255961",,,"surveillance","Flock Safety","Q108485435",,,,,,,,,,,,,,,,,,,,,,,,,,,,,,,,"ALPR",,,"2025-09-18T23:00:36Z",,,23307562,"Wedge A",1,,,,,,
"38.91676501313847","-77.04184055328369",,,,,,,,,,,,,,,,,,,"fixed",173777131,,,,,,,,,,"209",,,,,,,,,,"node/13256954701",,,"surveillance","Flock Safety","Q108485435",,,,,,,,,,,,,,"Metro Police Department",,,,,,,,,,,,,,,,,"public","ALPR","traffic",,"2025-10-26T01:12:17Z",,,23307562,"Wedge A",1,,,,,,
"38.916614754893686","-77.0417332649231",,,,,,,,,,,,,,,,,,,"fixed",173777114,,,,,,,,,,"174",,,,,,,,,,"node/13256953001",,,"surveillance","Flock Safety","Q108485435",,,,,,,,,,,,,,,,,,,,,,,,,,,,,,,"public","ALPR","traffic",,"2025-10-26T01:10:30Z",,,23307562,"Wedge A",1,,,,,,
"38.917149004985276","-77.04160451889038",,,,,,,,,,,,,,,,,,,"fixed",173777161,,,,,,,,,,"348",,,,,,,,,,"node/13256956601",,,"surveillance","Flock Safety","Q108485435",,,,,,,,,,,,,,"Metro Police Department",,,,,,,,,,,,,,,,,"public","ALPR","traffic",,"2025-10-26T01:14:26Z",,,23307562,"Wedge A",1,,,,,,
"38.91728256687972","-77.0407247543335",,,,,,,,,,,,,,,,,,,"fixed",174629083,,,,,,,,,,"31",,,,,,,,,,"node/13302800001",,,"surveillance","Flock Safety","Q108485435",,,,,,,,,,,,,,"Metro Police Department",,,,,,,,,,,,,,,,,"public","ALPR","traffic",,"2025-11-14T01:43:26Z",,,23307562,"Wedge A",1,,,,,,
"38.917366042936095","-77.0320987701416",,,,,,,,,,,,,,,,,,,,41455766,,,,,,,,,,,,,,,,,,,,"node/4350322335",,,"surveillance",,,,,,,,,,,,,,,,,,,,,,,,,,,,,,,,,"outdoor","camera","traffic",,"2016-08-14T22:18:41Z",,,408282,"andrewwiseman",1,,,,,,
"38.917416128522774","-77.03179836273193",,,,,,,,,,,,,,,,,"315","pole","fixed",46843432,,,,,,,,,,,,,,,,,,,,"node/4734386090",,,"surveillance",,,,,,,,,,,,,,,,,,,,,,,,,,,,,,"survey",,,"outdoor","camera","traffic",,"2017-03-14T15:00:19Z",,,4955841,"srevilak",1,,,,,,
"38.91711561447235","-77.03216314315796",,,,,,,,,,,,,,,,,,"pole","dome",46843432,,,,,,,,,,,,,,,,,,,,"node/4734386089",,,"surveillance",,,,,,,,,,,,,,,,,,,,,,,,,,,,,,"survey",,,"outdoor","camera",,,"2017-03-14T15:00:19Z",,,4955841,"srevilak",1,,,,,,
"38.91709891921005","-77.03216314315796",,,,,,,,,,,,,,,,,,"pole","dome",46843432,,,,,,,,,,,,,,,,,,,,"node/4734386088",,,"surveillance",,,,,,,,,,,,,,,,,,,,,,,,,,,,,,"survey",,,"outdoor","camera",,,"2017-03-14T15:00:19Z",,,4955841,"srevilak",1,,,,,,
"38.92881802690641","-77.0325493812561",,,,,,,,,,,,,,,,,,"pole","dome",168852894,"2025-07-12",,,,,,,,,,,,,,,,,,,"node/6416257421",,,"surveillance",,,,,,,,,,,,,,,,,,,,,,,,,,,,,,,,,"outdoor","camera","street",,"2025-07-12T21:35:32Z",,,8486808,"John Kastner",2,,,,,,
"38.922858551638114","-77.04231262207031",,,,,,,,,,,,,,,,,"41",,"fixed",173159529,,,,,,,,,,,,,,,,,,,,"node/13226901848",,,"surveillance","Flock Safety",,,,,,,,,,,,,,,,,,,,,,,,,,,,,,,,,"ALPR",,,"2025-10-12T00:04:47Z",,,23307562,"Wedge A",1,,,,"Q108485435",,
"38.9361623496803","-77.03656196594238",,,,,,,,,,,,,,,,,,,"fixed",172227515,,,,,,,,,,"140",,,,,,,,,,"node/13158951821",,,"surveillance","Flock Safety","Q108485435",,,,,,,,,,,,,,,,,,,,,,,,,,,,,,,,"ALPR",,,"2025-09-21T02:00:29Z",,,22566125,"hello_moto",1,,,,,,
"38.93736407554613","-77.03634738922119",,,,,,,,,,,,,,,,,,,"fixed",171944155,,,,,,,,,,"345",,,,,,,,,,"node/13143737413",,,"surveillance","Flock Safety","Q108485435",,,,,,,,,,,,,,,,,,,,,,,,,,,,,,,,"ALPR",,,"2025-09-15T04:10:34Z",,,22566125,"hello_moto",2,,,,,,
"38.928267172040734","-77.0048475265503",,,,,,,,,,,,,,,,,,"pole","fixed",180221326,,,,,,,,,,"13",,,,,,,,,,"node/13667426501",,,"surveillance","Motorola Solutions","Q634815",,,,,,,,,,,,,,,,,,,,,,,,,,,,,,,"public","ALPR","traffic",,"2026-03-21T18:45:18Z",,,23924244,"FiloDo4",2,,,,,,
"38.92828386467525","-77.00501918792725",,,,,,,,,,,,,,,,,,,"fixed",180221354,,,,,,,,,,"185",,,,,,,,,,"node/13667430801",,,"surveillance","Motorola Solutions","Q634815",,,,,,,,,,,,,,,,,,,,,,,,,,,,,,,"public","ALPR","traffic",,"2026-03-21T18:46:00Z",,,23924244,"FiloDo4",2,,,,,,
"38.93993436528612","-77.03516721725464",,,,,,,,,,,,,,,,,,,"fixed",180475790,,,,,,,,,,"153",,,,,,,,,,"node/13597112080",,,"surveillance","Flock Safety","Q108485435",,,,,,,,,,,,,,,,,,,,,,,,,,,,,,,"public","ALPR","traffic",,"2026-03-26T21:09:36Z",,,23981943,"Deflockdc",3,,,,,,
"38.939884295596585","-77.03514575958252",,,,,,,,,,,,,,,,,,,"fixed",181864621,,,,,,,,,,"134",,,,,,,,,,"node/13764984801",,,"surveillance","Flock Safety","Q108485435",,,,,,,,,,,,,,,,,,,,,,,,,,,,,,,"public","ALPR","traffic",,"2026-04-26T21:00:44Z",,,226869,"Natty",1,,,,,,
"38.94213739662396","-77.06218242645264",,,,,,,,,,,,,,,,,,,"fixed",171931546,,,,,,,,,,"315",,,,,,,,,,"node/13143016730",,,"surveillance","Flock Safety","Q108485435",,,,,,,,,,,,,,,,,,,,,,,,,,,,,,,,"ALPR",,,"2025-09-14T18:23:16Z",,,22566125,"hello_moto",1,,,,,,
"38.940268162312975","-77.06143140792847",,,,,,,,,,,,,,,,,,,"fixed",171989552,,,,,,,,,,"135",,,,,,,,,,"node/13146150310",,,"surveillance","Flock Safety","Q108485435",,,,,,,,,,,,,,,,,,,,,,,,,,,,,,,,"ALPR",,,"2025-09-16T00:08:26Z",,,22566125,"hello_moto",1,,,,,,
"38.88874469852408","-77.0365834236145",,,,,,,,,,,,,,,,,,"pole","dome",114499774,"2021-12-02",,,,,,,,,,,,,,,,,"10",,"node/4838792678",,,"surveillance",,,,,"278",,,,,,,,,,,,,,,,,,,,,,,,,,,,"public","camera","memorial",,"2021-12-02T21:59:16Z",,,215568,"Fabian N",2,,,,,,
"38.8885943809683","-77.03398704528809",,,,,,,,,,,,,,,,,,"pole","dome",114499774,"2021-12-02",,,,,,,,,,,,,,,,,"10",,"node/4838792677",,,"surveillance",,,,,"277",,,,,,,,,,,,,,,,,,,,,,,,,,,,"public","camera","memorial",,"2021-12-02T22:02:11Z",,,215568,"Fabian N",2,,,,,,
"38.88697427156765","-77.03336477279663",,,,,,,,,,,,,,,,,,"wall","dome",48456638,,,,,,,,,,,,,,,,,,"10",,"node/4838814777",,,"surveillance",,,,,"377",,,,,,,,,,,,,,,,,,,,,,,,,,,,"public","camera","building",,"2017-05-06T16:42:11Z",,,5533199,"rouvinator",1,,,,,,
"38.8871078902358","-77.0329999923706",,,,,,,,,,,,,,,,,"90-270","wall","panning",48456638,,,,,,,,,,,,,,,,,,"20",,"node/4838814779",,,"surveillance",,,,,"379",,,,,,,,,,,,,,,,,,,,,,,,,,,,"public","camera","building",,"2017-05-06T16:42:11Z",,,5533199,"rouvinator",1,,,,,,
"38.88682395026561","-77.03289270401001",,,,,,,,,,,,,,,,,,"wall","dome",48456638,,,,,,,,,,,,,,,,,,"5",,"node/4838814768",,,"surveillance",,,,,"382",,,,,,,,,,,,,,,,,,,,,,,,,,,,"public","camera","building",,"2017-05-06T16:42:10Z",,,5533199,"rouvinator",1,,,,,,
"38.88704108093313","-77.03224897384644",,,,,,,,,,,,,,,,,,"pole","dome",48456638,,,,,,,,,,,,,,,,,,"5",,"node/4838814774",,,"surveillance",,,,,"384",,,,,,,,,,,,,,,,,,,,,,,,,,,,"public","camera","building",,"2017-05-06T16:42:11Z",,,5533199,"rouvinator",1,,,,,,
"38.88704108093313","-77.03269958496094",,,,,,,,,,,,,,,,,,"roof","dome",48456638,,,,,,,,,,,,,,,,,,"20",,"node/4838814778",,,"surveillance",,,,,"378",,,,,,,,,,,,,,,,,,,,,,,,,,,,"public","camera","building",,"2017-05-06T16:42:11Z",,,5533199,"rouvinator",1,,,,,,
"38.88705778326468","-77.03257083892822",,,,,,,,,,,,,,,,,,"roof","dome",48456638,,,,,,,,,,,,,,,,,,,,"node/4838814776",,,"surveillance",,,,,"381",,,,,,,,,,,,,,,,,,,,,,,,,,,,"public","camera","building",,"2017-05-06T16:42:11Z",,,5533199,"rouvinator",1,,,,,,
"38.88704108093313","-77.03248500823975",,,,,,,,,,,,,,,,,,"wall","dome",48456638,,,,,,,,,,,,,,,,,,"10",,"node/4838814775",,,"surveillance",,,,,"380",,,,,,,,,,,,,,,,,,,,,,,,,,,,"public","camera","building",,"2017-05-06T16:42:11Z",,,5533199,"rouvinator",1,,,,,,
"38.88704108093313","-77.03212022781372",,,,,,,,,,,,,,,,,,"pole","dome",48456638,,,,,,,,,,,,,,,,,,"5",,"node/4838814773",,,"surveillance",,,,,"385",,,,,,,,,,,,,,,,,,,,,,,,,,,,"public","camera","building",,"2017-05-06T16:42:10Z",,,5533199,"rouvinator",1,,,,,,
"38.88942947447529","-77.0350170135498",,,,,,,,,,,,,,,,,,"wall","dome",170882139,,,,,,,,,,,,,,,,,,"5",,"node/4838792674",,,"surveillance",,,,,"444",,,,,,,,,,,,,,,,,,,,,,,,,,,"wall_mounted","outdoor","camera","entrance",,"2025-08-23T13:54:43Z",,,10869342,"rollercoasting",5,,,,,,
"38.88951298328604","-77.0350170135498",,,,,,,,,,,,,,,,,,"wall","dome",170882139,,,,,,,,,,,,,,,,,,"5",,"node/4838792673",,,"surveillance",,,,,"276",,,,,,,,,,,,,,,,,,,,,,,,,,,"wall_mounted","outdoor","camera","entrance",,"2025-08-23T13:54:43Z",,,10869342,"rollercoasting",5,,,,,,
"38.887775979806634","-77.02349424362183",,,,,,,,,,,,,,,,,"45-135","wall","dome",48456946,,,,,,,,,,,,,,,,,,"5",,"node/4838828071",,,"surveillance",,,,,"439",,,,,,,,,,,,,,,,,,,,,,,,,,,,"public","camera","building",,"2017-05-06T16:56:20Z",,,5533199,"rouvinator",1,,,,,,
"38.88784278841814","-77.0235800743103",,,,,,,,,,,,,,,,,"300-45","wall","fixed",48456946,,,,,,,,,,,,,,,,,,"5",,"node/4838828070",,,"surveillance",,,,,"399",,,,,,,,,,,,,,,,,,,,,,,,,,,,"public","camera","building",,"2017-05-06T16:56:20Z",,,5533199,"rouvinator",1,,,,,,
"38.88862778489707","-77.0235800743103",,,,,,,,,,,,,,,,,"200-270","wall","fixed",171110143,,,,,,,,,,,,,,,,,,"5",,"node/2553946714",,,"surveillance",,,,,"394",,,,,,,,,,,,,,,,,,,,,,,,,,,,"public","camera","building",,"2025-08-28T02:14:40Z",,,18480,"nickvet419",4,,,,,,
"38.889011928948975","-77.02602624893188",,,,,,,,,,,,,,,,,,"roof","dome",99599445,,,,,,,,,,,,,,,,,,"25",,"node/528552022",,,"surveillance",,,,,"392",,,,,,,,,,,,,,,,,,,,,,,,,,,,"public","camera","building",,"2021-02-19T14:00:30Z",,,18480,"nickvet419",3,,,,,,
"38.889011928948975","-77.02594041824341",,,,,,,,,,,,,,,,,,"wall","dome",99599445,,,,,,,,,,,,,,,,,,"25",,"node/528552029",,,"surveillance",,,,,"393",,,,,,,,,,,,,,,,,,,,,,,,,,,,"public","camera","building",,"2021-02-19T14:00:30Z",,,18480,"nickvet419",3,,,,,,
"38.88897852520083","-77.01722860336304",,,,,,,,,,,,,,,,,,"pole","dome",134122505,"2023-03-25",,,,,,,,,,,,,,,,,"5",,"node/4838475451",,,"surveillance",,,,,"390",,,,,,,,,,,,,,,,,,,,,,,,,,,,"public","camera","traffic",,"2023-03-26T01:37:54Z",,,14002023,"Qs382",2,,,,,,
"38.88897852520083","-77.01716423034668",,,,,,,,,,,,,,,,,,"pole","dome",134122505,"2023-03-25",,,,,,,,,,,,,,,,,"5",,"node/4838475452",,,"surveillance",,,,,"391",,,,,,,,,,,,,,,,,,,,,,,,,,,,"public","camera","traffic",,"2023-03-26T01:37:56Z",,,14002023,"Qs382",2,,,,,,
"38.88867789076079","-77.01735734939575",,,,,,,,,,,,,,,,,,"pole","dome",99483084,,,,,,,,,,,,,,,,,,"5",,"node/8417967017",,,"surveillance",,,,,"432",,,,,,,,,,,,,,,,,,,,,,,,,,,,"public","camera","building",,"2021-02-18T01:10:21Z",,,18480,"nickvet419",2,,,,,,
"38.888410659079256","-77.01894521713257",,,,,,,,,,,,,,,,,,"wall","dome",48457161,,,,,,,,,,,,,,,,,,"5",,"node/4838837912",,,"surveillance",,,,,"408",,,,,,,,,,,,,,,,,,,,,,,,,,,,"public","camera","building",,"2017-05-06T17:06:45Z",,,5533199,"rouvinator",1,,,,,,
"38.88800980967207","-77.01810836791992",,,,,,,,,,,,,,,,,,"wall","dome",48457161,,,,,,,,,,,,,,,,,,"5",,"node/4838837914",,,"surveillance",,,,,"434",,,,,,,,,,,,,,,,,,,,,,,,,,,,"indoor","camera","building",,"2017-05-06T17:06:46Z",,,5533199,"rouvinator",1,,,,,,
"38.88794300121762","-77.0181941986084",,,,,,,,,,,,,,,,,,"wall","dome",48457161,,,,,,,,,,,,,,,,,,"5",,"node/4838837915",,,"surveillance",,,,,"435",,,,,,,,,,,,,,,,,,,,,,,,,,,,"indoor","camera","building",,"2017-05-06T17:06:46Z",,,5533199,"rouvinator",1,,,,,,
"38.88805991597167","-77.01800107955933",,,,,,,,,,,,,,,,,,"wall","dome",48457161,,,,,,,,,,,,,,,,,,"5",,"node/4838837913",,,"surveillance",,,,,"413",,,,,,,,,,,,,,,,,,,,,,,,,,,,"indoor","camera","building",,"2017-05-06T17:06:46Z",,,5533199,"rouvinator",1,,,,,,
"38.88826034081663","-77.01800107955933",,,,,,,,,,,,,,,,,,"wall","dome",48457161,,,,,,,,,,,,,,,,,,"5",,"node/4838837911",,,"surveillance",,,,,"412",,,,,,,,,,,,,,,,,,,,,,,,,,,,"indoor","camera","building",,"2017-05-06T17:06:45Z",,,5533199,"rouvinator",1,,,,,,
"38.88846076509614","-77.0185375213623",,,,,,,,,,,,,,,,,,"roof","dome",48457161,,,,,,,,,,,,,,,,,,"15",,"node/4838837908",,,"surveillance",,,,,"406",,,,,,,,,,,,,,,,,,,,,,,,,,,,"public","camera","building",,"2017-05-06T17:06:45Z",,,5533199,"rouvinator",1,,,,,,
"38.88847746709391","-77.01720714569092",,,,,,,,,,,,,,,,,,"wall","dome",99172304,,,,,,,,,,,,,,,,,,"5",,"node/4838854219",,,"surveillance",,,,,"431",,,,,,,,,,,,,,,,,,,,,,,,,,,,"public","camera","building",,"2021-02-12T11:32:12Z",,,18480,"nickvet419",2,,,,,,
"38.88847746709391","-77.01677799224854",,,,,,,,,,,,,,,,,,"wall","dome",99172304,,,,,,,,,,,,,,,,,,"10",,"node/4838854220",,,"surveillance",,,,,"429",,,,,,,,,,,,,,,,,,,,,,,,,,,,"public","camera","building",,"2021-02-12T11:32:12Z",,,18480,"nickvet419",2,,,,,,
"38.88849416908772","-77.01637029647827",,,,,,,,,,,,,,,,,,"roof","dome",99171343,,,,,,,,,,,,,,,,,,"25",,"node/4270169910",,,"surveillance",,,,,"430",,,,,,,,,,,,,,,,,,,,,,,,,,,,"public","camera","building",,"2021-02-12T11:17:49Z",,,18480,"nickvet419",2,,,,,,
"38.88851087107764","-77.01594114303589",,,,,,,,,,,,,,,,,,"roof","dome",99172304,,,,,,,,,,,,,,,,,,"25",,"node/4838855223",,,"surveillance",,,,,"433",,,,,,,,,,,,,,,,,,,,,,,,,,,,"public","camera","building",,"2021-02-12T11:32:12Z",,,18480,"nickvet419",2,,,,,,
"38.888444063094454","-77.01604843139648",,,,,,,,,,,,,,,,,,"wall","dome",135028136,"2023-04-17",,,,,,,,,,,,,,,,,"5",,"node/4838855222",,,"surveillance",,,,,"428",,,,,,,,,,,,,,,,,,,,,,,,,,,,"public","camera","building",,"2023-04-17T18:42:30Z",,,7096975,"Peter Newman",3,,,,,,
"38.888427361088816","-77.01579093933105",,,,,,,,,,,,,,,,,,"wall","dome",99172304,,,,,,,,,,,,,,,,,,"5",,"node/4838855224",,,"surveillance",,,,,"427",,,,,,,,,,,,,,,,,,,,,,,,,,,,"public","camera","building",,"2021-02-12T11:32:12Z",,,18480,"nickvet419",2,,,,,,
"38.888293744902484","-77.01576948165894",,,,,,,,,,,,,,,,,,"wall","dome",99172304,,,,,,,,,,,,,,,,,,"5",,"node/4838855225",,,"surveillance",,,,,"426",,,,,,,,,,,,,,,,,,,,,,,,,,,,"public","camera","building",,"2021-02-12T11:32:12Z",,,18480,"nickvet419",2,,,,,,
"38.888193532597796","-77.0160698890686",,,,,,,,,,,,,,,,,,"wall","dome",48457578,,,,,,,,,,,,,,,,,,"10",,"node/4838855227",,,"surveillance",,,,,"423",,,,,,,,,,,,,,,,,,,,,,,,,,,,"public","camera","building",,"2017-05-06T17:26:47Z",,,5533199,"rouvinator",1,,,,,,
"38.887959703337145","-77.01637029647827",,,,,,,,,,,,,,,,,,"pole","dome",48457578,,,,,,,,,,,,,,,,,,"5",,"node/4838855233",,,"surveillance",,,,,"416",,,,,,,,,,,,,,,,,,,,,,,,,,,,"public","camera","building",,"2017-05-06T17:26:48Z",,,5533199,"rouvinator",1,,,,,,
"38.88805991597167","-77.01634883880615",,,,,,,,,,,,,,,,,,"pole","dome",99171343,,,,,,,,,,,,,,,,,,"5",,"node/4838855234",,,"surveillance",,,,,"415",,,,,,,,,,,,,,,,,,,,,,,,,,,,"public","camera","building",,"2021-02-12T11:17:49Z",,,18480,"nickvet419",2,,,,,,
"38.88812672431615","-77.01632738113403",,,,,,,,,,,,,,,,,,"wall","dome",48457578,,,,,,,,,,,,,,,,,,"5",,"node/4838855229",,,"surveillance",,,,,"418",,,,,,,,,,,,,,,,,,,,,,,,,,,,"public","camera","building",,"2017-05-06T17:26:47Z",,,5533199,"rouvinator",1,,,,,,
"38.8881768305333","-77.01619863510132",,,,,,,,,,,,,,,,,,"wall","dome",99171343,,,,,,,,,,,,,,,,,,"5",,"node/4838855228",,,"surveillance",,,,,"422",,,,,,,,,,,,,,,,,,,,,,,,,,,,"public","camera","building",,"2021-02-12T11:17:49Z",,,18480,"nickvet419",2,,,,,,
"38.88732502003549","-77.01682090759277",,,,,,,,,,,,,,,,,,"roof","dome",48457578,,,,,,,,,,,,,,,,,,"25",,"node/4838855238",,,"surveillance",,,,,"417",,,,,,,,,,,,,,,,,,,,,,,,,,,,"public","camera","building",,"2017-05-06T17:26:48Z",,,5533199,"rouvinator",1,,,,,,
"38.88732502003549","-77.01602697372437",,,,,,,,,,,,,,,,,,"roof","dome",48457578,,,,,,,,,,,,,,,,,,"25",,"node/4838855235",,,"surveillance",,,,,"419",,,,,,,,,,,,,,,,,,,,,,,,,,,,"public","camera","building",,"2017-05-06T17:26:48Z",,,5533199,"rouvinator",1,,,,,,
"38.88730831776675","-77.0162844657898",,,,,,,,,,,,,,,,,,"wall","dome",48457578,,,,,,,,,,,,,,,,,,"10",,"node/4838855237",,,"surveillance",,,,,"421",,,,,,,,,,,,,,,,,,,,,,,,,,,,"public","camera","building",,"2017-05-06T17:26:48Z",,,5533199,"rouvinator",1,,,,,,
"38.88732502003549","-77.0161771774292",,,,,,,,,,,,,,,,,,"wall","dome",48457578,,,,,,,,,,,,,,,,,,"10",,"node/4838855236",,,"surveillance",,,,,"420",,,,,,,,,,,,,,,,,,,,,,,,,,,,"public","camera","building",,"2017-05-06T17:26:48Z",,,5533199,"rouvinator",1,,,,,,
"38.887375126818114","-77.02003955841064",,,,,,,,,,,,,,,,,,"pole","dome",134120647,"2023-03-25",,,,,,,,,,,,,,,,,"5",,"node/4838837907",,,"surveillance",,,,,"437",,,,,,,,,,,,,,,,,,,,,,,,,,,,"public","camera","building",,"2023-03-25T22:49:53Z",,,14002023,"Qs382",2,,,,,,
"38.887391829071106","-77.01971769332886",,,,,,,,,,,,,,,,,,"pole","dome",160691973,"2024-12-27",,,,,,,,,,,,,,,,,"5",,"node/4838837906",,,"surveillance",,,,,"436",,,,,,,,,,,,,,,,,,,,,,,,,,,,"public","camera","building",,"2024-12-27T20:41:33Z",,,80285,"Sparks",2,,,,,,
"38.888410659079256","-77.02040433883667",,,,,,,,,,,,,,,,,,"wall","dome",134120647,"2023-03-25",,,,,,,,,,,,,,,,,"5",,"node/4838837905",,,"surveillance",,,,,"407",,,,,,,,,,,,,,,,,,,,,,,,,,,,"public","camera","building",,"2023-03-25T22:49:35Z",,,14002023,"Qs382",2,,,,,,
"38.888427361088816","-77.02104806900024",,,,,,,,,,,,,,,,,,"roof","dome",48457161,,,,,,,,,,,,,,,,,,"25",,"node/4838837903",,,"surveillance",,,,,"464",,,,,,,,,,,,,,,,,,,,,,,,,,,,"public","camera","building",,"2017-05-06T17:06:44Z",,,5533199,"rouvinator",1,,,,,,
"38.88782608627116","-77.02102661132812",,,,,,,,,,,,,,,,,,"roof","dome",134120647,"2023-03-25",,,,,,,,,,,,,,,,,"25",,"node/4838837904",,,"surveillance",,,,,"405",,,,,,,,,,,,,,,,,,,,,,,,,,,,"public","camera","building",,"2023-03-25T22:49:31Z",,,14002023,"Qs382",4,,,,,,
"38.88774257547732","-77.02231407165527",,,,,,,,,,,,,,,,,"225-330","wall","fixed",99600619,,,,,,,,,,,,,,,,,,"5",,"node/2553946710",,,"surveillance",,,,,"438",,,,,,,,,,,,,,,,,,,,,,,,,,,,"public","camera","building",,"2021-02-19T14:23:17Z",,,18480,"nickvet419",3,,,,,,
"38.887892894835545","-77.02229261398315",,,,,,,,,,,,,,,,,,"pole","dome",134120647,"2023-03-25",,,,,,,,,,,,,,,,,"10",,"node/4838828072",,,"surveillance",,,,,"403",,,,,,,,,,,,,,,,,,,,,,,,,,,,"public","camera","building",,"2023-03-25T22:50:34Z",,,14002023,"Qs382",2,,,,,,
"38.88812672431615","-77.02229261398315",,,,,,,,,,,,,,,,,,"pole","dome",99599445,,,,,,,,,,,,,,,,,,"10",,"node/4838828066",,,"surveillance",,,,,"402",,,,,,,,,,,,,,,,,,,,,,,,,,,,"public","camera","building",,"2021-02-19T14:00:30Z",,,18480,"nickvet419",2,,,,,,
"38.88857767899802","-77.02231407165527",,,,,,,,,,,,,,,,,"135-235","wall","fixed",48456946,,,,,,,,,,,,,,,,,,"5",,"node/4838828065",,,"surveillance",,,,,"401",,,,,,,,,,,,,,,,,,,,,,,,,,,,"public","camera","building",,"2017-05-06T16:56:20Z",,,5533199,"rouvinator",1,,,,,,
"38.88862778489707","-77.02235698699951",,,,,,,,,,,,,,,,,"215-330","wall","fixed",48456946,,,,,,,,,,,,,,,,,,"5",,"node/4838828064",,,"surveillance",,,,,"400",,,,,,,,,,,,,,,,,,,,,,,,,,,,"public","camera","building",,"2017-05-06T16:56:19Z",,,5533199,"rouvinator",1,,,,,,
"38.88864448685558","-77.02325820922852",,,,,,,,,,,,,,,,,"45-135","wall","fixed",99600619,,,,,,,,,,,,,,,,,,"5",,"node/8437902097",,,"surveillance",,,,,"397",,,,,,,,,,,,,,,,,,,,,,,,,,,,"public","camera","building",,"2021-02-19T14:23:17Z",,,18480,"nickvet419",2,,,,,,
"38.88804321387573","-77.02306509017944",,,,,,,,,,,,,,,,,,"wall","dome",99657706,,,,,,,,,,,,,,,,,,"5",,"node/4838828068",,,"surveillance",,,,,"395",,,,,,,,,,,,,,,,,,,,,,,,,,,,"public","camera","building",,"2021-02-20T19:42:29Z",,,18480,"nickvet419",2,,,,,,
"38.88804321387573","-77.02282905578613",,,,,,,,,,,,,,,,,,"wall","dome",99657706,,,,,,,,,,,,,,,,,,"5",,"node/4838828067",,,"surveillance",,,,,"396",,,,,,,,,,,,,,,,,,,,,,,,,,,,"public","camera","building",,"2021-02-20T19:42:29Z",,,18480,"nickvet419",2,,,,,,
"38.88772587330678","-77.02272176742554",,,,,,,,,,,,,,,,,,"pole","dome",134120647,"2023-03-25",,,,,,,,,,,,,,,,,"10",,"node/4838828074",,,"surveillance",,,,,"437",,,,,,,,,,,,,,,,,,,,,,,,,,,,"public","camera","building",,"2023-03-25T22:50:39Z",,,14002023,"Qs382",2,,,,,,
"38.887775979806634","-77.00823783874512",,,,,,,,,,,,,,,,,,"pole","dome",98933353,,,,,,,,,,,,,,,,,,"5",,"node/4838549396",,,"surveillance",,,,,"176",,,,,,,,,,,,,,,,,,,,,,,,,,,,"public","camera","building",,"2021-02-08T22:06:45Z",,,18480,"nickvet419",2,,,,,,
"38.88775927764394","-77.00817346572876",,,,,,,,,,,,,,,,,,"pole","dome",48452158,,,,,,,,,,,,,,,,,,"5",,"node/4838549395",,,"surveillance",,,,,"175",,,,,,,,,,,,,,,,,,,,,,,,,,,,"public","camera","building",,"2017-05-06T13:23:29Z",,,5533199,"rouvinator",1,,,,,,
"38.888410659079256","-77.008216381073",,,,,,,,,,,,,,,,,,"pole","dome",98933353,,,,,,,,,,,,,,,,,,"5",,"node/8395808407",,,"surveillance",,,,,"175",,,,,,,,,,,,,,,,,,,,,,,,,,,,"public","camera","building",,"2021-02-08T22:06:45Z",,,18480,"nickvet419",3,,,,,,
"38.88847746709391","-77.00817346572876",,,,,,,,,,,,,,,,,,"pole","dome",98933353,,,,,,,,,,,,,,,,,,"5",,"node/8395808406",,,"surveillance",,,,,"174",,,,,,,,,,,,,,,,,,,,,,,,,,,,"public","camera","traffic",,"2021-02-08T22:06:45Z",,,18480,"nickvet419",3,,,,,,
"38.88864448685558","-77.00969696044922",,,,,,,,,,,,,,,,,,,"dome",48452158,,,,,,,,,,,,,,,,,,"30",,"node/4838549402",,,"surveillance",,,,,"184",,,,,,,,,,,,,,,,,,,,,,,,,,,,"public","camera","building",,"2017-05-06T13:23:30Z",,,5533199,"rouvinator",1,,,,,,
"38.88816012846485","-77.00939655303955",,,,,,,,,,,,,,,,,,"pole","dome",154976646,"2024-08-08",,,,,,,,,,,,,,,,,"5",,"node/4838549407",,,"surveillance",,,,,"179",,,,,,,,,,,,,,,,,,,,,,,,,,,,"public","camera","building",,"2024-08-08T12:30:09Z",,,224420,"cactux",2,,,,,,
"38.88816012846485","-77.00935363769531",,,,,,,,,,,,,,,,,,"pole","dome",154976646,"2024-08-08",,,,,,,,,,,,,,,,,"5",,"node/4838549406",,,"surveillance",,,,,"178",,,,,,,,,,,,,,,,,,,,,,,,,,,,"public","camera","building",,"2024-08-08T12:30:12Z",,,224420,"cactux",2,,,,,,
"38.88854427504569","-77.01076984405518",,,,,,,,,,,,,,,,,,"pole","dome",50313523,,,,,,,,,,,,,,,,,,"10",,"node/804640157",,,"surveillance",,,,,"182",,,,,,,,,,,,,,,,,,,,,,,,,,,,"public","camera","building",,"2017-07-15T20:27:20Z",,,2601744,"sctrojan79",2,,,,,,
"38.8885943809683","-77.01074838638306",,,,,,,,,,,,,,,,,"0-60","pole","fixed",48452158,,,,,,,,,,,,,,,,,,"10",,"node/4838549410",,,"surveillance",,,,,"183",,,,,,,,,,,,,,,,,,,,,,,,,,,,"public","camera","building",,"2017-05-06T13:23:31Z",,,5533199,"rouvinator",1,,,,,,
"38.8883939570658","-77.01130628585815",,,,,,,,,,,,,,,,,,"pole","dome",48452158,,,,,,,,,,,,,,,,,,"5",,"node/4838549411",,,"surveillance",,,,,"180",,,,,,,,,,,,,,,,,,,,,,,,,,,,"public","camera","building",,"2017-05-06T13:23:31Z",,,5533199,"rouvinator",1,,,,,,
"38.8883939570658","-77.0112419128418",,,,,,,,,,,,,,,,,,"pole","dome",48452158,,,,,,,,,,,,,,,,,,"5",,"node/4838549412",,,"surveillance",,,,,"181",,,,,,,,,,,,,,,,,,,,,,,,,,,,"public","camera","building",,"2017-05-06T13:23:31Z",,,5533199,"rouvinator",1,,,,,,
"38.88988042088698","-77.00989007949829",,,,,,,,,,,,,,,,,,"pole","dome",48452158,,,,,,,,,,,,,,,,,,"30",,"node/4838549386",,,"surveillance",,,,,"190",,,,,,,,,,,,,,,,,,,,,,,,,,,,"public","camera","building",,"2017-05-06T13:23:28Z",,,5533199,"rouvinator",1,,,,,,
"38.88974680743382","-77.00989007949829",,,,,,,,,,,,,,,,,,"pole","dome",48452158,,,,,,,,,,,,,,,,,,"30",,"node/4838549388",,,"surveillance",,,,,"189",,,,,,,,,,,,,,,,,,,,,,,,,,,,"public","camera","building",,"2017-05-06T13:23:28Z",,,5533199,"rouvinator",1,,,,,,
"38.88874469852408","-77.01081275939941",,,,,,,,,,,,,,,,,,"pole","dome",48452158,,,,,,,,,,,,,,,,,,"5",,"node/4838549414",,,"surveillance",,,,,"187",,,,,,,,,,,,,,,,,,,,,,,,,,,,"public","camera","building",,"2017-05-06T13:23:31Z",,,5533199,"rouvinator",1,,,,,,
"38.88877810238219","-77.01081275939941",,,,,,,,,,,,,,,,,,"pole","dome",48452158,,,,,,,,,,,,,,,,,,"5",,"node/4838549413",,,"surveillance",,,,,"186",,,,,,,,,,,,,,,,,,,,,,,,,,,,"public","camera",,,"2017-05-06T13:23:31Z",,,5533199,"rouvinator",1,,,,,,
"38.889095438250564","-77.01049089431763",,,,,,,,,,,,,,,,,,"pole","dome",48452158,,,,,,,,,,,,,,,,,,"5",,"node/4838549405",,,"surveillance",,,,,"68",,,,,,,,,,,,,,,,,,,,,,,,,,,,"public","camera","building",,"2017-05-06T13:23:30Z",,,5533199,"rouvinator",1,,,,,,
"38.889128841943744","-77.01046943664551",,,,,,,,,,,,,,,,,,"pole","dome",48452158,,,,,,,,,,,,,,,,,,"5",,"node/4838549404",,,"surveillance",,,,,"67",,,,,,,,,,,,,,,,,,,,,,,,,,,,"public","camera","building",,"2017-05-06T13:23:30Z",,,5533199,"rouvinator",1,,,,,,
"38.888911717657436","-77.00952529907227",,,,,,,,,,,,,,,,,,"building","dome",48452158,,,,,,,,,,,,,,,,,,"15",,"node/4838549389",,,"surveillance",,,,,"188",,,,,,,,,,,,,,,,,,,,,,,,,,,,"indoor","camera","building",,"2017-05-06T13:23:28Z",,,5533199,"rouvinator",1,,,,,,
"38.88876140045508","-77.00971841812134",,,,,,,,,,,,,,,,,,"wall","dome",97171807,,,,,,,,,,,,,,,,,,"10",,"node/4838549403",,,"surveillance",,,,,"185",,,,,,,,,,,,,,,,,,,,,,,,,,,,"public","camera","building",,"2021-01-08T13:02:19Z",,,18480,"nickvet419",2,,,,,,
"38.889112140099144","-77.0085597038269",,,,,,,,,,,,,,,,,"30-120","wall","fixed",98835533,,,,,,,,,,,,,,,,,,"5",,"node/804642244",,,"surveillance",,,,,"171",,,,,,,,,,,,,,,,,,,,,,,,,,,,"public","camera","building",,"2021-02-07T00:50:10Z",,,18480,"nickvet419",6,,,,,,
"38.888911717657436","-77.0085597038269",,,,,,,,,,,,,,,,,,"pole","dome",97238745,,,,,,,,,,,,,,,,,,"5",,"node/804642938",,,"surveillance",,,,,"169",,,,,,,,,,,,,,,,,,,,,,,,,,,,"public","camera","building",,"2021-01-10T08:35:44Z",,,18480,"nickvet419",6,,,,,,
"38.888811506224556","-77.00860261917114",,,,,,,,,,,,,,,,,,"pole","dome",97237404,,,,,,,,,,,,,,,,,,"5",,"node/804641698",,,"surveillance",,,,,"170",,,,,,,,,,,,,,,,,,,,,,,,,,,,"public","camera","building",,"2021-01-10T07:12:14Z",,,18480,"nickvet419",5,,,,,,
"38.88884491005123","-77.00868844985962",,,,,,,,,,,,,,,,,,"wall","dome",48452158,,,,,,,,,,,,,,,,,,"25",,"node/4838549401",,,"surveillance",,,,,"173",,,,,,,,,,,,,,,,,,,,,,,,,,,,"public","camera","building",,"2017-05-06T13:23:30Z",,,5533199,"rouvinator",1,,,,,,
"38.88877810238219","-77.00789451599121",,,,,,,,,,,,,,,,,,"pole","dome",154976646,"2024-08-08",,,,,,,,,,,,,,,,,"5",,"node/4838549399",,,"surveillance",,,,,"167",,,,,,,,,,,,,,,,,,,,,,,,,,,,"public","camera","building",,"2024-08-08T12:28:15Z",,,224420,"cactux",2,,,,,,
"38.888911717657436","-77.00789451599121",,,,,,,,,,,,,,,,,,,"dome",98837233,,,,,,,,,,,,,,,,,,"5",,"node/4838549400",,,"surveillance",,,,,"168",,,,,,,,,,,,,,,,,,,,,,,,,,,,"public","camera","building",,"2021-02-07T03:09:37Z",,,18480,"nickvet419",2,,,,,,
"38.88983031587148","-77.00948238372803",,,,,,,,,,,,,,,,,,"pole","dome",48452158,,,,,,,,,,,,,,,,,,"20",,"node/4838549387",,,"surveillance",,,,,"191",,,,,,,,,,,,,,,,,,,,,,,,,,,,"public","camera","building",,"2017-05-06T13:23:28Z",,,5533199,"rouvinator",1,,,,,,
"38.88986371921911","-77.00707912445068",,,,,,,,,,,,,,,,,,,"dome",98735105,,,,,,,,,,,,,,,,,,"10",,"node/5339666447",,,"surveillance",,,,,"164",,,,,,,,,,,,,,,,,,,,,,,,,,,,"public","camera","building",,"2021-02-05T03:16:41Z",,,18480,"nickvet419",4,,,,,,
"38.889730105734515","-77.00707912445068",,,,,,,,,,,,,,,,,,"wall","dome",98735105,,,,,,,,,,,,,,,,,,"10",,"node/5339666444",,,"surveillance",,,,,"165",,,,,,,,,,,,,,,,,,,,,,,,,,,,"public","camera","building",,"2021-02-05T03:16:41Z",,,18480,"nickvet419",5,,,,,,
"38.890047437350006","-77.00707912445068",,,,,,,,,,,,,,,,,,"wall","dome",97239059,,,,,,,,,,,,,,,,,,"5",,"node/4838549371",,,"surveillance",,,,,"90",,,,,,,,,,,,,,,,,,,,,,,,,,,,"public","camera","building",,"2021-01-10T08:52:49Z",,,18480,"nickvet419",3,,,,,,
"38.89006413897471","-77.00722932815552",,,,,,,,,,,,,,,,,,"pole","dome",97250491,,,,,,,,,,,,,,,,,,"5",,"node/5339666438",,,"surveillance",,,,,"166",,,,,,,,,,,,,,,,,,,,,,,,,,,,"public","camera","building",,"2021-01-10T14:43:02Z",,,18480,"nickvet419",3,,,,,,
"38.89019775183098","-77.00491189956665",,,,,,,,,,,,,,,,,,"wall","dome",48452879,,,,,,,,,,,,,,,,,,"1",,"node/4838579457",,,"surveillance",,,,,"157",,,,,,,,,,,,,,,,,,,,,,,,,,,,"public","camera","building",,"2017-05-06T13:52:45Z",,,5533199,"rouvinator",1,,,,,,
"38.89019775183098","-77.00392484664917",,,,,,,,,,,,,,,,,,"wall","dome",149199479,,,,,,,,,,,,,,,,,,"5",,"node/4838579463",,,"surveillance",,,,,"121",,,,,,,,,,,,,,,,,,,,,,,,,,,,"public","camera","building",,"2024-03-26T23:50:40Z",,,15476210,"evkalina",4,,,,,,
"38.89014764703933","-77.0042896270752",,,,,,,,,,,,,,,,,,"wall","dome",48452879,,,,,,,,,,,,,,,,,,"1",,"node/4838579460",,,"surveillance",,,,,"156",,,,,,,,,,,,,,,,,,,,,,,,,,,,"public","camera","building",,"2017-05-06T13:52:45Z",,,5533199,"rouvinator",1,,,,,,
"38.89006413897471","-77.0048475265503",,,,,,,,,,,,,,,,,,"pole","dome",48452879,,,,,,,,,,,,,,,,,,"5",,"node/4838579459",,,"surveillance",,,,,"154",,,,,,,,,,,,,,,,,,,,,,,,,,,,"public","camera","building",,"2017-05-06T13:52:45Z",,,5533199,"rouvinator",1,,,,,,
"38.890047437350006","-77.00433254241943",,,,,,,,,,,,,,,,,,"pole","dome",48452879,,,,,,,,,,,,,,,,,,"5",,"node/4838579461",,,"surveillance",,,,,"153",,,,,,,,,,,,,,,,,,,,,,,,,,,,"public","camera","building",,"2017-05-06T13:52:46Z",,,5533199,"rouvinator",1,,,,,,
"38.890047437350006","-77.0042896270752",,,,,,,,,,,,,,,,,,"pole","dome",48452879,,,,,,,,,,,,,,,,,,"5",,"node/4838579462",,,"surveillance",,,,,"154",,,,,,,,,,,,,,,,,,,,,,,,,,,,"public","camera","building",,"2017-05-06T13:52:46Z",,,5533199,"rouvinator",1,,,,,,
"38.88964659717902","-77.00523376464844",,,,,,,,,,,,,,,,,,"pole","dome",48455035,,,,,,,,,,,,,,,,,,"5",,"node/4838713746",,,"surveillance",,,,,"150",,,,,,,,,,,,,,,,,,,,,,,,,,,,"public","camera","building",,"2017-05-06T15:27:12Z",,,5533199,"rouvinator",1,,,,,,
"38.890047437350006","-77.00491189956665",,,,,,,,,,,,,,,,,,"pole","dome",48452879,,,,,,,,,,,,,,,,,,"5",,"node/4838579458",,,"surveillance",,,,,"155",,,,,,,,,,,,,,,,,,,,,,,,,,,,"public","camera","building",,"2017-05-06T13:52:45Z",,,5533199,"rouvinator",1,,,,,,
"38.88964659717902","-77.00566291809082",,,,,,,,,,,,,,,,,,"pole","dome",157091118,"2024-09-25",,,,,,,,,,,,,,,,,"5",,"node/4838713766",,,"surveillance",,,,,"148",,,,,,,,,,,,,,,,,,,,,,,,,,,,"public","camera","building",,"2024-09-25T16:11:42Z",,,131211,"tilsti",2,,,,,,
"38.88962989545615","-77.00570583343506",,,,,,,,,,,,,,,,,,"pole","dome",157091118,"2024-09-25",,,,,,,,,,,,,,,,,"5",,"node/4838713767",,,"surveillance",,,,,"149",,,,,,,,,,,,,,,,,,,,,,,,,,,,"public","camera","building",,"2024-09-25T16:11:43Z",,,131211,"tilsti",2,,,,,,
"38.88961319372933","-77.00514793395996",,,,,,,,,,,,,,,,,,"pole","dome",48455035,,,,,,,,,,,,,,,,,,"5",,"node/4838713745",,,"surveillance",,,,,"151",,,,,,,,,,,,,,,,,,,,,,,,,,,,"public","camera","building",,"2017-05-06T15:27:12Z",,,5533199,"rouvinator",1,,,,,,
"38.889312561975316","-77.00396776199341",,,,,,,,,,,,,,,,,,"wall","dome",100079483,,,,,,,,,,,,,,,,,,"5",,"node/4838713751",,,"surveillance",,,,,"126",,,,,,,,,,,,,,,,,,,,,,,,,,,,"public","camera","building",,"2021-02-27T00:12:34Z",,,11697944,"kguenther24",2,,,,,,
"38.889279158368566","-77.00396776199341",,,,,,,,,,,,,,,,,,"wall","dome",155300427,"2024-08-15",,,,,,,,,,,,,,,,,"5",,"node/4838713752",,,"surveillance",,,,,"127",,,,,,,,,,,,,,,,,,,,,,,,,,,,"public","camera","building",,"2024-08-15T20:18:41Z",,,10802115,"Jewfro193",2,,,,,,
"38.88889501576179","-77.00531959533691",,,,,,,,,,,,,,,,,,"wall","dome",48455035,,,,,,,,,,,,,,,,,,"5",,"node/4838713749",,,"surveillance",,,,,"142",,,,,,,,,,,,,,,,,,,,,,,,,,,,"public","camera",,,"2017-05-06T15:27:12Z",,,5533199,"rouvinator",1,,,,,,
"38.88914554378442","-77.00497627258301",,,,,,,,,,,,,,,,,,"roof","dome",48455035,,,,,,,,,,,,,,,,,,"25",,"node/4838713747",,,"surveillance",,,,,"146",,,,,,,,,,,,,,,,,,,,,,,,,,,,"public","camera","building",,"2017-05-06T15:27:12Z",,,5533199,"rouvinator",1,,,,,,
"38.889112140099144","-77.00579166412354",,,,,,,,,,,,,,,,,,"pole","dome",48455035,,,,,,,,,,,,,,,,,,"5",,"node/4838713770",,,"surveillance",,,,,"145",,,,,,,,,,,,,,,,,,,,,,,,,,,,"public","camera","building",,"2017-05-06T15:27:15Z",,,5533199,"rouvinator",1,,,,,,
"38.88914554378442","-77.00579166412354",,,,,,,,,,,,,,,,,,"pole","dome",48455035,,,,,,,,,,,,,,,,,,"5",,"node/4838713769",,,"surveillance",,,,,"144",,,,,,,,,,,,,,,,,,,,,,,,,,,,"public","camera","building",,"2017-05-06T15:27:15Z",,,5533199,"rouvinator",1,,,,,,
"38.88871129465028","-77.00637102127075",,,,,,,,,,,,,,,,,,"pole","dome",48452158,,,,,,,,,,,,,,,,,,"5",,"node/4838549377",,,"surveillance",,,,,"160",,,,,,,,,,,,,,,,,,,,,,,,,,,,"public","camera","building",,"2017-05-06T13:23:27Z",,,5533199,"rouvinator",1,,,,,,
"38.88874469852408","-77.00639247894287",,,,,,,,,,,,,,,,,,"pole","dome",98801593,,,,,,,,,,,,,,,,,,"5",,"node/4838549376",,,"surveillance",,,,,"159",,,,,,,,,,,,,,,,,,,,,,,,,,,,"public","camera","building",,"2021-02-06T06:30:58Z",,,18480,"nickvet419",2,,,,,,
"38.889546386782825","-77.00705766677856",,,,,,,,,,,,,,,,,,"wall","dome",55443714,,,,,,,,,,,,,,,,,,"5",,"node/4838549372",,,"surveillance",,,,,"163",,,,,,,,,,,,,,,,,,,,,,,,,,,,"public","camera","building",,"2018-01-14T21:17:40Z",,,6757296,"gionax",2,,,,,,
"38.888444063094454","-77.00673580169678",,,,,,,,,,,,,,,,,,"pole","dome",48452158,,,,,,,,,,,,,,,,,,"5",,"node/4838549378",,,"surveillance",,,,,"161",,,,,,,,,,,,,,,,,,,,,,,,,,,,"public","camera","building",,"2017-05-06T13:23:27Z",,,5533199,"rouvinator",1,,,,,,
"38.88846076509614","-77.00669288635254",,,,,,,,,,,,,,,,,,"pole","dome",48452158,,,,,,,,,,,,,,,,,,"5",,"node/4838549379",,,"surveillance",,,,,"162",,,,,,,,,,,,,,,,,,,,,,,,,,,,"public","camera","building",,"2017-05-06T13:23:27Z",,,5533199,"rouvinator",1,,,,,,
"38.887892894835545","-77.00469732284546",,,,,,,,,,,,,,,,,,"pole","dome",48455035,,,,,,,,,,,,,,,,,,"5",,"node/4838713761",,,"surveillance",,,,,"135",,,,,,,,,,,,,,,,,,,,,,,,,,,,"public","camera","building",,"2017-05-06T15:27:14Z",,,5533199,"rouvinator",1,,,,,,
"38.887909596966864","-77.00471878051758",,,,,,,,,,,,,,,,,,"pole","dome",48455035,,,,,,,,,,,,,,,,,,"5",,"node/4838713762",,,"surveillance",,,,,"136",,,,,,,,,,,,,,,,,,,,,,,,,,,,"public","camera","building",,"2017-05-06T15:27:14Z",,,5533199,"rouvinator",1,,,,,,
"38.887859490561226","-77.00555562973022",,,,,,,,,,,,,,,,,,"pole","dome",48455035,,,,,,,,,,,,,,,,,,"5",,"node/4838713764",,,"surveillance",,,,,"136",,,,,,,,,,,,,,,,,,,,,,,,,,,,"public","camera","building",,"2017-05-06T15:27:14Z",,,5533199,"rouvinator",1,,,,,,
"38.88787619270036","-77.0055341720581",,,,,,,,,,,,,,,,,,"pole","dome",48455035,,,,,,,,,,,,,,,,,,"5",,"node/4838713763",,,"surveillance",,,,,"137",,,,,,,,,,,,,,,,,,,,,,,,,,,,"public","camera","building",,"2017-05-06T15:27:14Z",,,5533199,"rouvinator",1,,,,,,
"38.88847746709391","-77.00579166412354",,,,,,,,,,,,,,,,,,"pole","dome",48455035,,,,,,,,,,,,,,,,,,"5",,"node/4838713772",,,"surveillance",,,,,"141",,,,,,,,,,,,,,,,,,,,,,,,,,,,"public","camera","building",,"2017-05-06T15:27:15Z",,,5533199,"rouvinator",1,,,,,,
"38.88849416908772","-77.00579166412354",,,,,,,,,,,,,,,,,,"pole","dome",48455035,,,,,,,,,,,,,,,,,,"5",,"node/4838713771",,,"surveillance",,,,,"140",,,,,,,,,,,,,,,,,,,,,,,,,,,,"public","camera","building",,"2017-05-06T15:27:15Z",,,5533199,"rouvinator",1,,,,,,
"38.888444063094454","-77.00527667999268",,,,,,,,,,,,,,,,,,"wall","dome",48455035,,,,,,,,,,,,,,,,,,"143",,"node/4838713750",,,"surveillance",,,,,"143",,,,,,,,,,,,,,,,,,,,,,,,,,,,"public","camera","building",,"2017-05-06T15:27:12Z",,,5533199,"rouvinator",1,,,,,,
"38.88794300121762","-77.00366735458374",,,,,,,,,,,,,,,,,,"pole","dome",48455035,,,,,,,,,,,,,,,,,,"5",,"node/4838713756",,,"surveillance",,,,,"131",,,,,,,,,,,,,,,,,,,,,,,,,,,,"public","camera","building",,"2017-05-06T15:27:13Z",,,5533199,"rouvinator",1,,,,,,
"38.887926299094204","-77.00368881225586",,,,,,,,,,,,,,,,,,"pole","dome",48455035,,,,,,,,,,,,,,,,,,"5",,"node/4838713757",,,"surveillance",,,,,"130",,,,,,,,,,,,,,,,,,,,,,,,,,,,"public","camera","building",,"2017-05-06T15:27:13Z",,,5533199,"rouvinator",1,,,,,,
"38.887909596966864","-77.00347423553467",,,,,,,,,,,,,,,,,,"pole","dome",48455035,,,,,,,,,,,,,,,,,,"5",,"node/4838713758",,,"surveillance",,,,,"132",,,,,,,,,,,,,,,,,,,,,,,,,,,,"public","camera","building",,"2017-05-06T15:27:13Z",,,5533199,"rouvinator",1,,,,,,
"38.88787619270036","-77.00345277786255",,,,,,,,,,,,,,,,,,"pole","dome",48455035,,,,,,,,,,,,,,,,,,"10",,"node/4838713760",,,"surveillance",,,,,"134",,,,,,,,,,,,,,,,,,,,,,,,,,,,"public","camera","building",,"2017-05-06T15:27:14Z",,,5533199,"rouvinator",1,,,,,,
"38.88787619270036","-77.00349569320679",,,,,,,,,,,,,,,,,,"pole","dome",48455035,,,,,,,,,,,,,,,,,,"10",,"node/4838713759",,,"surveillance",,,,,"133",,,,,,,,,,,,,,,,,,,,,,,,,,,,"public","camera","building",,"2017-05-06T15:27:14Z",,,5533199,"rouvinator",1,,,,,,
"38.88869459270748","-77.00386047363281",,,,,,,,,,,,,,,,,,"wall","dome",48455035,,,,,,,,,,,,,,,,,,"5",,"node/4838713755",,,"surveillance",,,,,"129",,,,,,,,,,,,,,,,,,,,,,,,,,,,"public","camera","building",,"2017-05-06T15:27:13Z",,,5533199,"rouvinator",1,,,,,,
"38.890014034088836","-77.0036244392395",,,,,,,,,,,,,,,,,,"pole","dome",48452879,,,,,,,,,,,,,,,,,,"5",,"node/4838579467",,,"surveillance",,,,,"124",,,,,,,,,,,,,,,,,,,,,,,,,,,,"public","camera","building",,"2017-05-06T13:52:46Z",,,5533199,"rouvinator",1,,,,,,
"38.88999733245234","-77.0036244392395",,,,,,,,,,,,,,,,,,"pole","dome",48452879,,,,,,,,,,,,,,,,,,"5",,"node/4838579468",,,"surveillance",,,,,"125",,,,,,,,,,,,,,,,,,,,,,,,,,,,"public","camera","building",,"2017-05-06T13:52:46Z",,,5533199,"rouvinator",1,,,,,,
"38.890130945434265","-77.0036244392395",,,,,,,,,,,,,,,,,,"roof","dome",55515336,,,,,,,,,,,,,,,,,,"5",,"node/4838579465",,,"surveillance",,,,,"122",,,,,,,,,,,,,,,,,,,,,,,,,,,,"public","camera","building",,"2018-01-17T08:51:13Z",,,6757296,"gionax",3,,,,,,
"38.89011424382528","-77.00364589691162",,,,,,,,,,,,,,,,,,"roof","dome",55515336,,,,,,,,,,,,,,,,,,"5",,"node/4838579466",,,"surveillance",,,,,"123",,,,,,,,,,,,,,,,,,,,,,,,,,,,"public","camera","building",,"2018-01-17T08:51:13Z",,,6757296,"gionax",3,,,,,,
"38.88000905052505","-77.05593824386597",,,,,,,,,,,,,,,,,,,"fixed",173514385,,,,,,,,,,"80",,,,,,,,,,"node/13244765533",,,"surveillance","Flock Safety","Q108485435",,,,,,,,,,,,,,,,,,,,,,,,,,,,,,,"traffic","ALPR","traffic",,"2025-10-20T00:44:06Z",,,23414436,"PackerFan_0007!",1,,,,,,
"38.882715044843565","-77.0415186882019",,,,,,,,,,,,,,,,,,"pole","dome",140671934,"2023-09-01",,,,,,,,,,,,,,,,,"15",,"node/4838375356",,,"surveillance",,,,,,,,,,,,,,,,,,,,,,,"1",,,,,,,,,,"public","camera","memorial",,"2023-09-01T10:29:06Z",,,6237857,"MBTY1",3,,,,,,
"38.88034312947366","-77.03463077545166",,,,,,,,,,,,,,,,,,,"fixed",180789383,,,,,,,,,,"253",,,,,,,,,,"node/13702630701",,,"surveillance","Flock Safety","Q108485435",,,,,,,,,,,,,,,,,,,,,,,,,,,,,,,"public","ALPR","traffic",,"2026-04-02T22:37:26Z",,,23467270,"Ted_G",1,,,,,,
"38.88136206056595","-77.03643321990967",,,,,,,,,,,,,,,,,"270-360","wall","fixed",135277506,"2023-04-23",,,,,,,,,,,,,,,,,"20",,"node/4838801101",,,"surveillance",,,,,"441",,,,,,,,,,,,,,,,,,,,,,,,,,,,"public","camera","memorial",,"2023-04-23T21:00:08Z",,,7096975,"Peter Newman",3,,,,,,
"38.88147898615017","-77.03643321990967",,,,,,,,,,,,,,,,,"180-270","wall","fixed",135277506,"2023-04-23",,,,,,,,,,,,,,,,,"20",,"node/4838801100",,,"surveillance",,,,,"440",,,,,,,,,,,,,,,,,,,,,,,,,,,,"public","camera","memorial",,"2023-04-23T21:00:07Z",,,7096975,"Peter Newman",3,,,,,,
"38.88149568978935","-77.03662633895874",,,,,,,,,,,,,,,,,"90-180","wall","fixed",135277506,"2023-04-23",,,,,,,,,,,,,,,,,"20",,"node/4838801103",,,"surveillance",,,,,"443",,,,,,,,,,,,,,,,,,,,,,,,,,,,"public","camera","building",,"2023-04-23T21:00:07Z",,,7096975,"Peter Newman",4,,,,,,
"38.88137876423261","-77.03662633895874",,,,,,,,,,,,,,,,,"0-90","wall","fixed",135277506,"2023-04-23",,,,,,,,,,,,,,,,,"20",,"node/4838801102",,,"surveillance",,,,,"442",,,,,,,,,,,,,,,,,,,,,,,,,,,,"public","camera","memorial",,"2023-04-23T21:00:08Z",,,7096975,"Peter Newman",3,,,,,,
"38.886456496854805","-77.03218460083008",,,,,,,,,,,,,,,,,,"pole","dome",48456638,,,,,,,,,,,,,,,,,,"5",,"node/4838814766",,,"surveillance",,,,,"387",,,,,,,,,,,,,,,,,,,,,,,,,,,,"public","camera","building",,"2017-05-06T16:42:10Z",,,5533199,"rouvinator",1,,,,,,
"38.88630617445713","-77.03227043151855",,,,,,,,,,,,,,,,,,"roof","dome",48456638,,,,,,,,,,,,,,,,,,"25",,"node/4838814764",,,"surveillance",,,,,"388",,,,,,,,,,,,,,,,,,,,,,,,,,,,"public","camera","building",,"2017-05-06T16:42:09Z",,,5533199,"rouvinator",1,,,,,,
"38.886439794381886","-77.03259229660034",,,,,,,,,,,,,,,,,,"roof","dome",48456638,,,,,,,,,,,,,,,,,,"20",,"node/4838814767",,,"surveillance",,,,,"389",,,,,,,,,,,,,,,,,,,,,,,,,,,,"public","camera","building",,"2017-05-06T16:42:10Z",,,5533199,"rouvinator",1,,,,,,
"38.88659011649682","-77.03229188919067",,,,,,,,,,,,,,,,,,"wall","dome",48456638,,,,,,,,,,,,,,,,,,"15",,"node/4838814770",,,"surveillance",,,,,"384",,,,,,,,,,,,,,,,,,,,,,,,,,,,"public","camera","building",,"2017-05-06T16:42:10Z",,,5533199,"rouvinator",1,,,,,,
"38.886423091905016","-77.03289270401001",,,,,,,,,,,,,,,,,,,,108376369,,,,,,,,,,,,,,,,,,,,"node/8939320291",,,"surveillance",,,,,,,,,,,,,,,,,,,,,,,,,,,,,,,,,,"camera",,,"2021-07-21T16:26:41Z",,,13741316,"TanviB28",1,,,,,,
"38.886423091905016","-77.03272104263306",,,,,,,,,,,,,,,,,,,,108376369,,,,,,,,,,,,,,,,,,,,"node/8939320293",,,"surveillance",,,,,,,,,,,,,,,,,,,,,,,,,,,,,,,,,,"camera",,,"2021-07-21T16:26:41Z",,,13741316,"TanviB28",1,,,,,,
"38.886423091905016","-77.03282833099365",,,,,,,,,,,,,,,,,,,,108376369,,,,,,,,,,,,,,,,,,,,"node/8939320292",,,"surveillance",,,,,,,,,,,,,,,,,,,,,,,,,,,,,,,,,,"camera",,,"2021-07-21T16:26:41Z",,,13741316,"TanviB28",1,,,,,,
"38.886256066920566","-77.03325748443604",,,,,,,,,,,,,,,,,,"roof","dome",48456638,,,,,,,,,,,,,,,,,,"25",,"node/4838814762",,,"surveillance",,,,,"375",,,,,,,,,,,,,,,,,,,,,,,,,,,,"public","camera","building",,"2017-05-06T16:42:09Z",,,5533199,"rouvinator",1,,,,,,
"38.88633957946189","-77.0332145690918",,,,,,,,,,,,,,,,,,"roof","dome",48456638,,,,,,,,,,,,,,,,,,"25",,"node/4838814763",,,"surveillance",,,,,"276",,,,,,,,,,,,,,,,,,,,,,,,,,,,"public","camera","building",,"2017-05-06T16:42:09Z",,,5533199,"rouvinator",1,,,,,,
"38.88298229795001","-77.04199075698853",,,,,,,,,,,,,,,,,,"pole","dome",140671934,"2023-09-01",,,,,,,,,,,,,,,,,"15",,"node/4838375357",,,"surveillance",,,,,,,,,,,,,,,,,,,,,,,"2",,,,,,,,,,"public","camera","memorial",,"2023-09-01T10:29:03Z",,,6237857,"MBTY1",3,,,,,,
"38.883132627380604","-77.04231262207031",,,,,,,,,,,,,,,,,,"pole","dome",140671934,"2023-09-01",,,,,,,,,,,,,,,,,"15",,"node/4838375358",,,"surveillance",,,,,,,,,,,,,,,,,,,,,,,"2",,,,,,,,,,"public","camera","memorial",,"2023-09-01T10:29:00Z",,,6237857,"MBTY1",3,,,,,,
"38.883199440358766","-77.04261302947998",,,,,,,,,,,,,,,,,,"pole","dome",140671934,"2023-09-01",,,,,,,,,,,,,,,,,"15",,"node/4838375364",,,"surveillance",,,,,,,,,,,,,,,,,,,,,,,"3",,,,,,,,,,"public","camera","memorial",,"2023-09-01T10:28:59Z",,,6237857,"MBTY1",3,,,,,,
"38.88329965970823","-77.04323530197144",,,,,,,,,,,,,,,,,,"pole","dome",140671934,"2023-09-01",,,,,,,,,,,,,,,,,"15",,"node/4838375362",,,"surveillance",,,,,,,,,,,,,,,,,,,,,,,"5",,,,,,,,,,"public","camera","memorial",,"2023-09-01T10:28:56Z",,,6237857,"MBTY1",3,,,,,,
"38.883500097983074","-77.04323530197144",,,,,,,,,,,,,,,,,,"pole","dome",140671934,"2023-09-01",,,,,,,,,,,,,,,,,"15",,"node/4838375363",,,"surveillance",,,,,,,,,,,,,,,,,,,,,,,"4",,,,,,,,,,"public","camera","memorial",,"2023-09-01T10:28:55Z",,,6237857,"MBTY1",3,,,,,,
"38.88368383257159","-77.04417943954468",,,,,,,,,,,,,,,,,,"pole","dome",140671934,"2023-09-01",,,,,,,,,,,,,,,,,"15",,"node/4838375361",,,"surveillance",,,,,,,,,,,,,,,,,,,,,,,"8",,,,,,,,,,"public","camera","memorial",,"2023-09-01T10:28:34Z",,,6237857,"MBTY1",3,,,,,,
"38.88400119119626","-77.04452276229858",,,,,,,,,,,,,,,,,,"pole","dome",140671934,"2023-09-01",,,,,,,,,,,,,,,,,"15",,"node/4838375359",,,"surveillance",,,,,,,,,,,,,,,,,,,,,,,"9",,,,,,,,,,"public","camera","memorial",,"2023-09-01T10:28:28Z",,,6237857,"MBTY1",3,,,,,,
"38.88390097283633","-77.04387903213501",,,,,,,,,,,,,,,,,,"pole","dome",140671934,"2023-09-01",,,,,,,,,,,,,,,,,"15",,"node/4838375360",,,"surveillance",,,,,,,,,,,,,,,,,,,,,,,"7",,,,,,,,,,"public","camera","memorial",,"2023-09-01T10:28:37Z",,,6237857,"MBTY1",3,,,,,,
"38.885504449631014","-77.04484462738037",,,,,,,,,,,,,,,,,,"pole","dome",48449713,,,,,,,,,,,,,,,,,,"5",,"node/4838389352",,,"surveillance",,,,,"10",,,,,,,,,,,,,,,,,,,,,,,,,,,,"public","camera","memorial",,"2017-05-06T11:22:05Z",,,5533199,"rouvinator",1,,,,,,
"38.886256066920566","-77.04508066177368",,,,,,,,,,,,,,,,,,"pole","dome",96775412,,,,,,,,,,,,,,,,,,"5",,"node/4838389353",,,"surveillance",,,,,"18",,,,,,,,,,,,,,,,,,,,,,,,,,,,"public","camera","memorial",,"2021-01-01T15:10:02Z",,,5215025,"RunTrails",2,,,,,,
"38.88635628195837","-77.04508066177368",,,,,,,,,,,,,,,,,"150-210","pole","fixed",98608466,,,,,,,,,,,,,,,,,,"5",,"node/4838389354",,,"surveillance",,,,,"16",,,,,,,,,,,,,,,,,,,,,,,,,,,,"public","camera","memorial",,"2021-02-03T01:23:30Z",,,11697944,"kguenther24",2,,,,,,
"38.88640638942428","-77.04508066177368",,,,,,,,,,,,,,,,,"330-30","pole","fixed",154567976,"2024-07-29",,,,,,,,,,,,,,,,,"5",,"node/4838389355",,,"surveillance",,,,,"17",,,,,,,,,,,,,,,,,,,,,,,,,,,,"public","camera","memorial",,"2024-07-29T15:19:10Z",,,20112842,"StrikeMind",2,,,,,,
"38.88667362864547","-77.04471588134766",,,,,,,,,,,,,,,,,,"pole","dome",48449713,,,,,,,,,,,,,,,,,,"5",,"node/4838389356",,,"surveillance",,,,,"15",,,,,,,,,,,,,,,,,,,,,,,,,,,,"public","camera","memorial",,"2017-05-06T11:22:05Z",,,5533199,"rouvinator",1,,,,,,
"38.88650660425003","-77.04469442367554",,,,,,,,,,,,,,,,,"0-60","pole","fixed",48449713,,,,,,,,,,,,,,,,,,"5",,"node/4838389359",,,"surveillance",,,,,"14",,,,,,,,,,,,,,,,,,,,,,,,,,,,"public","camera","memorial",,"2017-05-06T11:22:06Z",,,5533199,"rouvinator",1,,,,,,
"38.88635628195837","-77.0440936088562",,,,,,,,,,,,,,,,,,"pole","dome",134786049,"2023-04-11",,,,,,,,,,,,,,,,,"10",,"node/4838389350",,,"surveillance",,,,,"12",,,,,,,,,,,,,,,,,,,,,,,,,,,,"public","camera","memorial",,"2023-04-11T18:20:26Z",,,7096975,"Peter Newman",2,,,,,,
"38.886456496854805","-77.04478025436401",,,,,,,,,,,,,,,,,"180-240","pole","fixed",96775412,,,,,,,,,,,,,,,,,,"5",,"node/4838389358",,,"surveillance",,,,,"13",,,,,,,,,,,,,,,,,,,,,,,,,,,,"public","camera","memorial",,"2021-01-01T15:10:02Z",,,5215025,"RunTrails",2,,,,,,
"38.88608904154344","-77.04441547393799",,,,,,,,,,,,,,,,,"0-90","pole","panning",134786049,"2023-04-11",,,,,,,,,,,,,,,,,"10",,"node/4838389351",,,"surveillance",,,,,"11",,,,,,,,,,,,,,,,,,,,,,,,,,,,"public","camera","memorial",,"2023-04-11T18:20:26Z",,,7096975,"Peter Newman",2,,,,,,
"38.886740438293685","-77.04505920410156",,,,,,,,,,,,,,,,,,"pole",,48449713,,,,,,,,,,,,,,,,,,"5",,"node/4838389357",,,"surveillance",,,,,"19",,,,,,,,,,,,,,,,,,,,,,,,,,,,"public","camera","traffic",,"2017-05-06T11:22:05Z",,,5533199,"rouvinator",1,,,,,,
"38.88675714069592","-77.03297853469849",,,,,,,,,,,,,,,,,,"wall","dome",48456638,,,,,,,,,,,,,,,,,,"5",,"node/4838814769",,,"surveillance",,,,,"383",,,,,,,,,,,,,,,,,,,,,,,,,,,,"public","camera","building",,"2017-05-06T16:42:10Z",,,5533199,"rouvinator",1,,,,,,
"38.886740438293685","-77.03229188919067",,,,,,,,,,,,,,,,,,"wall","dome",48456638,,,,,,,,,,,,,,,,,,"15",,"node/4838814771",,,"surveillance",,,,,"385",,,,,,,,,,,,,,,,,,,,,,,,,,,,"public","camera","building",,"2017-05-06T16:42:10Z",,,5533199,"rouvinator",1,,,,,,
"38.894874043462096","-77.07089424133301",,,,,,,,,,,,,,,,,,,,162378232,,,,,,,,,,,,,"red_light_camera",,,,,,"speed_camera","node/12578289282",,,,,,,,,,,,,,,,,,,,,,,,,,,,,,,,,,,,,,,,"2025-02-11T07:06:02Z",,,22437239,"nikos2wheels",1,,,,,,
"38.8911664375226","-77.07533597946167",,,,,,,,,,,,,,,,,,,,180375138,,,,,,,,,,"45",,,,,,,,,"speed_camera","node/13675947693",,,,,,,"45 mph",,,,,,,,,,,,,,,,,,,,,,,,,,,,,,,,,"2026-03-24T20:44:26Z",,,10716908,"funglui",1,,,,,,
"38.89216851226746","-77.03357934951782",,,,,,,,,,,,,,,,,,,,161925190,,,,,,,,,,,,,,,,,,,"speed_camera","node/12543203130",,,,,,,,,,,,,,,,,,,,,,,,,,,,,,,,,,,,,,,,"2025-01-30T07:04:38Z",,,22437239,"nikos2wheels",1,,,,,,
"38.89216851226746","-77.03345060348511",,,,,,,,,,,,,,,,,,,,162378153,,,,,,,,,,"270",,,"red_light_camera",,,,,,"speed_camera","node/12578244899",,,,,,,,,,,,,,,,,,,,,,,,,,,,,,,,,,,,,,,,"2025-02-11T07:03:04Z",,,22437239,"nikos2wheels",1,,,,,,
"38.885721584331435","-77.03179836273193",,,,,,,,,,,,,,,,,,,,162378153,,,,,,,,,,"0",,,"red_light_camera",,,,,,"speed_camera","node/12578244898",,,,,,,,,,,,,,,,,,,,,,,,,,,,,,,,,,,,,,,,"2025-02-11T07:03:04Z",,,22437239,"nikos2wheels",1,,,,,,
"38.87987541850583","-77.00916051864624",,,,,,,,,,,,,,,,,,,,173992491,,,,,,,,,,,,,"red_light_camera",,,,,,"speed_camera","node/12578286270",,,,,,,,,,,,,,,,,,,,,,,,,,,,,,,,,,,,,,,,"2025-10-30T19:31:16Z",,,9509339,"KB-01",2,,,,,,
"38.8875755535951","-77.01549053192139",,,,,,,,,,,,,,,,,,,,180547625,,,,,,,,,,"90",,,"red_light_camera",,,,,,"speed_camera","node/12578244897",,,,,,,,,,,,,,,,,,,,,,,,,,,,,,,,,,,,,,,,"2026-03-28T15:39:48Z",,,9509339,"KB-01",2,,,,,,
"38.89186789132842","-77.02793598175049",,,,,,,,,,,,,,,,,,,,162378153,,,,,,,,,,"0",,,"red_light_camera",,,,,,"speed_camera","node/12578244900",,,,,,,,,,,,,,,,,,,,,,,,,,,,,,,,,,,,,,,,"2025-02-11T07:03:04Z",,,22437239,"nikos2wheels",1,,,,,,
"38.89216851226746","-77.02804327011108",,,,,,,,,,,,,,,,,,,,161925173,,,,,,,,,,,,,,,,,,,"speed_camera","node/12543206049",,,,,,,,,,,,,,,,,,,,,,,,,,,,,,,,,,,,,,,,"2025-01-30T07:03:50Z",,,22437239,"nikos2wheels",1,,,,,,
"38.8920850065787","-76.99255228042603",,,,,,,,,,,,,,,,,,,,162410594,,,,,,,,,,"270",,,"traffic_signals",,,,,,"speed_camera","node/12580479018",,,,,,,,,,,,,,,,,,,,,,,,,,,,,,,,,,,,,,,,"2025-02-11T23:40:47Z",,,22437239,"nikos2wheels",1,,,,,,
"38.89190129371781","-76.99272394180298",,,,,,,,,,,,,,,,,,,,162410594,,,,,,,,,,"0",,,"traffic_signals",,,,,,"speed_camera","node/12580479017",,,,,,,,,,,,,,,,,,,,,,,,,,,,,,,,,,,,,,,,"2025-02-11T23:40:47Z",,,22437239,"nikos2wheels",1,,,,,,
"38.8876423623951","-76.98806762695312",,,,,,,,,,,,,,,,,,,,162410594,,,,,,,,,,,,,,,,,,,"speed_camera","node/12580479014",,,,,,,,,,,,,,,,,,,,,,,,,,,,,,,,,,,,,,,,"2025-02-11T23:40:47Z",,,22437239,"nikos2wheels",1,,,,,,
"38.8876423623951","-76.99042797088623",,,,,,,,,,,,,,,,,,,,162410594,,,,,,,,,,"90",,,,,,,,,"speed_camera","node/12580479015",,,,,,,,,,,,,,,,,,,,,,,,,,,,,,,,,,,,,,,,"2025-02-11T23:40:47Z",,,22437239,"nikos2wheels",1,,,,,,
"38.889847017547254","-76.99287414550781",,,,,,,,,,,,,,,,,,,,162410594,,,,,,,,,,"90",,,,,,,,,"speed_camera","node/12580479016",,,,,,,,,,,,,,,,,,,,,,,,,,,,,,,,,,,,,,,,"2025-02-11T23:40:47Z",,,22437239,"nikos2wheels",1,,,,,,
"38.93042048946532","-77.09956169128418",,,,,,,,,,,,,,,,,,,,162378527,,,,,,,,,,"230",,,,,,,,,"speed_camera","node/12578341743",,,,,,,,,,,,,,,,,,,,,,,,,,,,,,,,,,,,,,,,"2025-02-11T07:18:20Z",,,22437239,"nikos2wheels",1,,,,,,
"38.91429405937893","-77.09057092666626",,,,,,,,,,,,,,,,,,,,161886799,,,,,,,,,,"105",,,,,,,,,"speed_camera","node/12541122304",,,,,,,"25 mph",,,,,,,,,,,,,,,,,,,,,,,,,,,,,,,,,"2025-01-29T08:19:25Z",,,22437239,"nikos2wheels",1,,,,,,
"38.912674536257356","-77.08173036575317",,,,,,,,,,,,,,,,,,,,161886597,,,,,,,,,,"90",,,,,,,,,"speed_camera","node/12541095764",,,,,,,"25 mph",,,,,,,,,,,,,,,,,,,,,,,,,,,,,,,,,"2025-01-29T08:12:24Z",,,22437239,"nikos2wheels",1,,,,,,
"38.9137430917429","-77.09209442138672",,,,,,,,,,,,,,,,,,,,161886458,,,,,,,,,,"140",,,,,,,,,"speed_camera","node/12541100542",,,,,,,,,,,,,,,,,,,,,,,,,,,,,,,,,,,,,,,,"2025-01-29T08:08:17Z",,,22437239,"nikos2wheels",1,,,,,,
"38.89602636804415","-77.09614992141724",,,,,,,,,,,,,,,,,,,,162378354,,,,,,,,,,"225",,,"red_light_camera",,,,,,"speed_camera","node/12578282475",,,,,,,,,,,,,,,,,,,,,,,,,,,,,,,,,,,,,,,,"2025-02-11T07:11:48Z",,,22437239,"nikos2wheels",1,,,,,,
"38.89580926484223","-77.09557056427002",,,,,,,,,,,,,,,,,,,,162378354,,,,,,,,,,"310",,,"red_light_camera",,,,,,"speed_camera","node/12578282476",,,,,,,,,,,,,,,,,,,,,,,,,,,,,,,,,,,,,,,,"2025-02-11T07:11:48Z",,,22437239,"nikos2wheels",1,,,,,,
"38.89612656929813","-77.09820985794067",,,,,,,,,,,,,,,,,,,,162378354,,,,,,,,,,"275",,,"red_light_camera",,,,,,"speed_camera","node/12578282474",,,,,,,,,,,,,,,,,,,,,,,,,,,,,,,,,,,,,,,,"2025-02-11T07:11:48Z",,,22437239,"nikos2wheels",1,,,,,,
"38.89181778771487","-77.08585023880005",,,,,,,,,,,,,,,,,,,,162378354,,,,,,,,,,"355",,,,,,,,,"speed_camera","node/12578282471",,,,,,,,,,,,,,,,,,,,,,,,,,,,,,,,,,,,,,,,"2025-02-11T07:11:48Z",,,22437239,"nikos2wheels",1,,,,,,
"38.94422353744045","-77.07748174667358",,,,,,,,,,,,,,,,,,,,162410777,,,,,,,,,,"330",,,,,,,,,"speed_camera","node/12580485632",,,,,,,,,,,,,,,,,,,,,,,,,,,,,,,,,,,,,,,,"2025-02-11T23:53:43Z",,,22437239,"nikos2wheels",1,,,,,,
"38.949663903885266","-77.0801854133606",,,,,,,,,,,,,,,,,,,,162410777,,,,,,,,,,"335",,,"red_light_camera",,,,,,"speed_camera","node/12543192693",,,,,,,,,,,,,,,,,,,,,,,,,,,,,,,,,,,,,,,,"2025-02-11T23:53:43Z",,,22437239,"nikos2wheels",2,,,,,,
"38.94208732849012","-77.0916223526001",,,,,,,,,,,,,,,,,,,,181742718,,,,,,,,,,"315",,,,,,,,,"speed_camera","node/12578332673",,,,,,,,,,,,,,,,,,,,,,,,,,,,,,,,,,,,,,,,"2026-04-24T01:41:38Z",,,9509339,"KB-01",2,,,,,,
"38.939834225871635","-76.95459365844727",,,,,,,,,,,,,,,,,,,,124105017,,,,,,,,,,"230",,,,,,,,,"speed_camera","node/9912878862",,,,,,,"30 mph",,,,,,,,,,,,,,,,,,,,,,,,,,,,,,,,,"2022-07-26T16:53:57Z",,,651903,"0x0000",1,,,,,,
"38.93975077625154","-76.95452928543091",,,,,,,,,,,,,,,,,,,,124105017,,,,,,,,,,"50",,,,,,,,,"speed_camera","node/9912878863",,,,,,,"30 mph",,,,,,,,,,,,,,,,,,,,,,,,,,,,,,,,,"2022-07-26T16:53:57Z",,,651903,"0x0000",1,,,,,,
"38.944323670655734","-76.94845676422119",,,,,,,,,,,,,,,,,,,,181816831,,,,,,,,,,"200",,,,,,,,,"speed_camera","node/12518713666",,,,,,,"30 mph",,,,,,,,,,,,,,,,,,,,,,,,,,,,,,,,,"2026-04-25T17:36:23Z",,,9509339,"KB-01",4,,,,,,
"38.942955171139005","-76.95013046264648",,,,,,,,,,,,,,,,,,,,181816831,,,,,,,,,,"20",,,,,,,,,"speed_camera","node/12518713665",,,,,,,"30 mph",,,,,,,,,,,,,,,,,,,,,,,,,,,,,,,,,"2026-04-25T17:36:23Z",,,9509339,"KB-01",3,,,,,,
"38.9423042901482","-76.95122480392456",,,,,,,,,,,,,,,,,,,,120669215,,,,,,,,,,"210",,,,,,,,,"speed_camera","node/8734377303",,,,,,,"30 mph",,,,,,,,,,,,,,,,,,,,,,,,,,,,,,,,,"2022-05-07T13:40:32Z",,,9509339,"KB-01",2,,,,,,
"38.93681328705219","-76.95221185684204",,,,,,,,,,,,,,,,,,,,181819665,,,,,,,,,,"170;320",,,,,,,,,"speed_camera","node/12512968466",,,,,,,"25 mph",,,,,,,,,,,,,,,,,,,,,,,,,,,,,,,,,"2026-04-25T18:58:56Z",,,9509339,"KB-01",4,,,,,,
"38.9235763861017","-76.95873498916626",,,,,,,,,,,,,,,,,,,,181825383,,,,,,,,,,"100",,,,,,,,,"speed_camera","node/8455577166",,,,,,,"20 mph",,,,,,,,,"Note that the limit is 20 mph, and not 25 mph",,,,,,,,,,,,,,,,,"local knowledge;streetlevel imagery",,,,,,,"2026-04-25T22:28:44Z",,,2591427,"snake21",3,,,,,,
"38.91227382380265","-76.99486970901489",,,,,,,,,,,,,,,,,,,,181813342,,,,,,,,,,,,,,,,,,,"speed_camera","node/12663145040",,,,,,,,,,,,,,,,,,,,,,,,,,,,,,,,,,,,,,,,"2026-04-25T16:12:25Z",,,2591427,"snake21",3,,,,,,
"38.90016790202699","-76.98806762695312",,,,,,,,,,,,,,,,,,,,162377730,,,,,,,,,,"90",,,,,,,,,"speed_camera","node/12578283047",,,,,,,,,,,,,,,,,,,,,,,,,,,,,,,,,,,,,,,,"2025-02-11T06:46:34Z",,,22437239,"nikos2wheels",1,,,,,,
"38.899833916305056","-76.98090076446533",,,,,,,,,,,,,,,,,,,,162377730,,,,,,,,,,"285",,,,,,,,,"speed_camera","node/12578283050",,,,,,,,,,,,,,,,,,,,,,,,,,,,,,,,,,,,,,,,"2025-02-11T06:46:34Z",,,22437239,"nikos2wheels",1,,,,,,
"38.90132014070886","-76.98066473007202",,,,,,,,,,,,,,,,,,,,162377730,,,,,,,,,,"235",,,,,,,,,"speed_camera","node/12578283049",,,,,,,,,,,,,,,,,,,,,,,,,,,,,,,,,,,,,,,,"2025-02-11T06:46:34Z",,,22437239,"nikos2wheels",1,,,,,,
"38.901270043763674","-76.98268175125122",,,,,,,,,,,,,,,,,,,,162377730,,,,,,,,,,"35",,,,,,,,,"speed_camera","node/12578283048",,,,,,,,,,,,,,,,,,,,,,,,,,,,,,,,,,,,,,,,"2025-02-11T06:46:34Z",,,22437239,"nikos2wheels",1,,,,,,
"38.88854427504569","-76.97079420089722",,,,,,,,,,,,,,,,,,,,162410488,,,,,,,,,,"50",,,,,,,,,"speed_camera","node/12580477717",,,,,,,,,,,,,,,,,,,,,,,,,,,,,,,,,,,,,,,,"2025-02-11T23:34:38Z",,,22437239,"nikos2wheels",1,,,,,,
"38.88765906458531","-76.97663068771362",,,,,,,,,,,,,,,,,,,,162410488,,,,,,,,,,"90",,,,,,,,,"speed_camera","node/12580477716",,,,,,,,,,,,,,,,,,,,,,,,,,,,,,,,,,,,,,,,"2025-02-11T23:34:38Z",,,22437239,"nikos2wheels",1,,,,,,
"38.88989712255096","-76.98519229888916",,,,,,,,,,,,,,,,,,,,162410594,,,,,,,,,,"270",,,,,,,,,"speed_camera","node/12580479013",,,,,,,,,,,,,,,,,,,,,,,,,,,,,,,,,,,,,,,,"2025-02-11T23:40:47Z",,,22437239,"nikos2wheels",1,,,,,,
"38.88517039494985","-76.9808578491211",,,,,,,,,,,,,,,,,,,,162410488,,,,,,,,,,"180",,,,,,,,,"speed_camera","node/12580477715",,,,,,,,,,,,,,,,,,,,,,,,,,,,,,,,,,,,,,,,"2025-02-11T23:34:38Z",,,22437239,"nikos2wheels",1,,,,,,
"38.88004245849061","-76.98437690734863",,,,,,,,,,,,,,,,,,,,162410488,,,,,,,,,,"300",,,,,,,,,"speed_camera","node/12580477714",,,,,,,,,,,,,,,,,,,,,,,,,,,,,,,,,,,,,,,,"2025-02-11T23:34:38Z",,,22437239,"nikos2wheels",1,,,,,,
"38.879958938547304","-76.98495626449585",,,,,,,,,,,,,,,,,,,,162410488,,,,,,,,,,"120",,,,,,,,,"speed_camera","node/12580477713",,,,,,,,,,,,,,,,,,,,,,,,,,,,,,,,,,,,,,,,"2025-02-11T23:34:38Z",,,22437239,"nikos2wheels",1,,,,,,
"38.92948572403881","-77.07304000854492",,,,,,,,,,,,,,,,,,,,163484471,,,,,,,,,,"10",,,,,,,,,"speed_camera","node/12542850580",,,,,,,"25 mph",,,,,,,,,,,,,,,,,,,,,,,,,,,,,,,,,"2025-03-11T13:09:35Z",,,11523236,"willkmis",2,,,,,,
"38.92234103856603","-77.07278251647949",,,,,,,,,,,,,,,,,,,,181742933,,,,,,,,,,"160",,,,,,,,,"speed_camera","node/12580485629",,,,,,,,,,,,,,,,,,,,,,,,,,,,,,,,,,,,,,,,"2026-04-24T01:54:18Z",,,9509339,"KB-01",2,,,,,,
"38.92451122939843","-77.07319021224976",,,,,,,,,,,,,,,,,,,,181742933,,,,,,,,,,"180",,,,,,,,,"speed_camera","node/12580485630",,,,,,,,,,,,,,,,,,,,,,,,,,,,,,,,,,,,,,,,"2026-04-24T01:54:18Z",,,9509339,"KB-01",2,,,,,,
"38.924027115657566","-77.07319021224976",,,,,,,,,,,,,,,,,,,,181742933,,,,,,,,,,"0",,,,,,,,,"speed_camera","node/12543165381",,,,,,,,,,,,,,,,,,,,,,,,,,,,,,,,,,,,,,,,"2026-04-24T01:54:18Z",,,9509339,"KB-01",3,,,,,,
"38.92110566952093","-77.07203149795532",,,,,,,,,,,,,,,,,,,,181742933,,,,,,,,,,"330",,,,,,,,,"speed_camera","node/12580485627",,,,,,,,,,,,,,,,,,,,,,,,,,,,,,,,,,,,,,,,"2026-04-24T01:54:18Z",,,9509339,"KB-01",2,,,,,,
"38.92092203174548","-77.0720100402832",,,,,,,,,,,,,,,,,,,,162410755,,,,,,,,,,"150",,,,,,,,,"speed_camera","node/12580485628",,,,,,,,,,,,,,,,,,,,,,,,,,,,,,,,,,,,,,,,"2025-02-11T23:51:54Z",,,22437239,"nikos2wheels",1,,,,,,
"38.91703213812144","-77.07288980484009",,,,,,,,,,,,,,,,,,,,161924558,,,,,,,,,,"185",,,,,,,,,"speed_camera","node/12543172689",,,,,,,,,,,,,,,,,,,,,,,,,,,,,,,,,,,,,,,,"2025-01-30T06:39:39Z",,,22437239,"nikos2wheels",1,,,,,,
"38.91678170847936","-77.07284688949585",,,,,,,,,,,,,,,,,,,,162410983,,,,,,,,,,"0",,,,,,,,,"speed_camera","node/12580433292",,,,,,,,,,,,,,,,,,,,,,,,,,,,,,,,,,,,,,,,"2025-02-12T00:07:59Z",,,22437239,"nikos2wheels",1,,,,,,
"38.916614754893686","-77.0729112625122",,,,,,,,,,,,,,,,,,,,162410983,,,,,,,,,,"180",,,"traffic_signals",,,,,,"speed_camera","node/12580433291",,,,,,,,,,,,,,,,,,,,,,,,,,,,,,,,,,,,,,,,"2025-02-12T00:07:59Z",,,22437239,"nikos2wheels",1,,,,,,
"38.89826416236977","-77.07067966461182",,,,,,,,,,,,,,,,,,,,161887334,,,,,,,,,,"120",,,,,,,,,"speed_camera","node/12541124481",,,,,,,,,,,,,,,,,,,,,,,,,,,,,,,,,,,,,,,,"2025-01-29T08:35:45Z",,,22437239,"nikos2wheels",1,,,,,,
"38.899115841683425","-77.07194566726685",,,,,,,,,,,,,,,,,,,,161887110,,,,,,,,,,"225",,,,,,,,,"speed_camera","node/12541122176",,,,,,,"25 mph",,,,,,,,,,,,,,,,,,,,,,,,,,,,,,,,,"2025-01-29T08:29:08Z",,,22437239,"nikos2wheels",1,,,,,,
"38.899082442687074","-77.0705509185791",,,,,,,,,,,,,,,,,,,,161887314,,,,,,,,,,"255",,,,,,,,,"speed_camera","node/12541137859",,,,,,,,,,,,,,,,,,,,,,,,,,,,,,,,,,,,,,,,"2025-01-29T08:34:53Z",,,22437239,"nikos2wheels",1,,,,,,
"38.905027216567305","-77.06995010375977",,,,,,,,,,,,,,,,,,,,173803911,,,,,,,,,,"260",,,"red_light_camera",,,,,,"speed_camera","node/12541080615",,,,,,,,,,,,,,,,,,,,,,,,,,,,,,,,,,,,,,,,"2025-10-26T16:50:20Z",,,9509339,"KB-01",3,,,,,,
"38.9052776876849","-77.06267595291138",,,,,,,,,,,,,,,,,,,,162377020,,,,,,,,,,,,,"traffic_signals",,,,,,"speed_camera","node/12578227482",,,,,,,,,,,,,,,,,,,,,,,,,,,,,,,,,,,,,,,,"2025-02-11T06:17:05Z",,"enforcement",22437239,"nikos2wheels",1,,,,,,
"38.89955002720629","-77.05398559570312",,,,,,,,,,,,,,,,,,,,168581552,"2025-06-06",,,,,,,,,"340",,,,,,,,,"speed_camera","node/12984524530",,,,,,,"40 mph",,,,,,,,,,,,,,,,,,,"Potomac River Fwy nw/b @ 25th St NW",,,,,,,,,,,,,,"2025-07-06T23:21:14Z",,,1393639,"supermjr",1,,,,,,
"38.90248905939566","-77.0490288734436",,,,,,,,,,,,,,,,,,,,161887504,,,,,,,,,,"85",,,,,,,,,"speed_camera","node/12541145586",,,,,,,,,,,,,,,,,,,,,,,,,,,,,,,,,,,,,,,,"2025-01-29T08:40:35Z",,,22437239,"nikos2wheels",1,,,,,,
"38.90257255285121","-77.05192565917969",,,,,,,,,,,,,,,,,,,,161887476,,,,,,,,,,"270",,,,,,,,,"speed_camera","node/12541139525",,,,,,,,,,,,,,,,,,,,,,,,,,,,,,,,,,,,,,,,"2025-01-29T08:39:47Z",,,22437239,"nikos2wheels",1,,,,,,
"38.905260989637895","-77.04995155334473",,,,,,,,,,,,,,,,,,,,173901929,,,,,,,,,,"270",,,,,,,,,"speed_camera","node/12578248286",,,,,,,"25 mph",,,,,,,,,,,,,,,,,,,,,,,,,,,,,,,,,"2025-10-28T20:49:22Z",,,9509339,"KB-01",2,,,,,,
"38.901988096600604","-77.03194856643677",,,,,,,,,,,,,,,,,,,,180554576,,,,,,,,,,"25",,,,,,,,,"speed_camera","node/12578273310",,,,,,,,,,,,,,,,,,,,,,,,,,,,,,,,,,,,,,,,"2026-03-28T18:36:36Z",,,9509339,"KB-01",2,,,,,,
"38.896544073001195","-77.01368808746338",,,,,,,,,,,,,,,,,,,,162378153,,,,,,,,,,,,,,,,,,,"speed_camera","node/12578333701",,,,,,,,,,,,,,,,,,,,,,,,,,,,,,,,,,,,,,,,"2025-02-11T07:03:04Z",,,22437239,"nikos2wheels",1,,,,,,
"38.90123664578056","-77.01922416687012",,,,,,,,,,,,,,,,,,,,180554576,,,,,,,,,,"110",,,,,,,,,"speed_camera","node/12578283031",,,,,,,"25 mph",,,,,,,,,,,,,,,,,,,,,,,,,,,,,,,,,"2026-03-28T18:36:36Z",,,9509339,"KB-01",2,,,,,,
"38.90304011438778","-77.02441692352295",,,,,,,,,,,,,,,,,,,,173990878,,,,,,,,,,"115",,,,,,,,,"speed_camera","node/12578283028",,,,,,,"25 mph",,,,,,,,,,,,,,,,,,,,,,,,,,,,,,,,,"2025-10-30T18:44:49Z",,,9509339,"KB-01",2,,,,,,
"38.90350767284531","-77.02574729919434",,,,,,,,,,,,,,,,,,,,173990878,,,,,,,,,,"110",,,,,,,,,"speed_camera","node/12578283026",,,,,,,,,,,,,,,,,,,,,,,,,,,,,,,,,,,,,,,,"2025-10-30T18:44:49Z",,,9509339,"KB-01",2,,,,,,
"38.903240496960876","-77.02089786529541",,,,,,,,,,,,,,,,,,,,180554576,,,,,,,,,,"65",,,,,,,,,"speed_camera","node/12578283029",,,,,,,"25 mph",,,,,,,,,,,,,,,,,,,,,,,,,,,,,,,,,"2026-03-28T18:36:36Z",,,9509339,"KB-01",2,,,,,,
"38.903424180489395","-77.02038288116455",,,,,,,,,,,,,,,,,,,,180554576,,,,,,,,,,"240",,,,,,,,,"speed_camera","node/12578283030",,,,,,,"25 mph",,,,,,,,,,,,,,,,,,,,,,,,,,,,,,,,,"2026-03-28T18:36:36Z",,,9509339,"KB-01",2,,,,,,
"38.90501051846138","-77.01581239700317",,,,,,,,,,,,,,,,,,,,173900009,,,,,,,,,,"245",,,,,,,,,"speed_camera","node/12578283032",,,,,,,"25 mph",,,,,,,,,,,,,,,,,,,,,,,,,,,,,,,,,"2025-10-28T19:54:13Z",,,9509339,"KB-01",2,,,,,,
"38.905544855903","-77.01403141021729",,,,,,,,,,,,,,,,,,,,173900009,,,,,,,,,,"60",,,,,,,,,"speed_camera","node/12578283034",,,,,,,"25 mph",,,,,,,,,,,,,,,,,,,,,,,,,,,,,,,,,"2025-10-28T19:54:13Z",,,9509339,"KB-01",2,,,,,,
"38.90519419741054","-77.01529741287231",,,,,,,,,,,,,,,,,,,,173900009,,,,,,,,,,"240",,,,,,,,,"speed_camera","node/12578283033",,,,,,,"25 mph",,,,,,,,,,,,,,,,,,,,,,,,,,,,,,,,,"2025-10-28T19:54:13Z",,,9509339,"KB-01",2,,,,,,
"38.90384164128693","-77.0090103149414",,,,,,,,,,,,,,,,,,,,173900009,,,,,,,,,,"355",,,,,,,,,"speed_camera","node/12578283040",,,,,,,"25 mph",,,,,,,,,,,,,,,,,,,,,,,,,,,,,,,,,"2025-10-28T19:54:13Z",,,9509339,"KB-01",2,,,,,,
"38.903073511522564","-77.01392412185669",,,,,,,,,,,,,,,,,,,,180554576,,,,,,,,,,"335",,,,,,,,,"speed_camera","node/12578283041",,,,,,,"25 mph",,,,,,,,,,,,,,,,,,,,,,,,,,,,,,,,,"2026-03-28T18:36:36Z",,,9509339,"KB-01",2,,,,,,
"38.9027729367439","-77.01493263244629",,,,,,,,,,,,,,,,,,,,181916681,,,,,,,,,,"150",,,,,,,,,"speed_camera","node/12578283042",,,,,,,,,,,,,,,,,,,,,,,,,,,,,,,,,,,,,,,,"2026-04-28T01:43:18Z",,,9509339,"KB-01",2,,,,,,
"38.9002179997498","-77.0105767250061",,,,,,,,,,,,,,,,,,,,173900009,,,,,,,,,,"270",,,,,,,,,"speed_camera","node/12578283043",,,,,,,,,,,,,,,,,,,,,,,,,,,,,,,,,,,,,,,,"2025-10-28T19:54:13Z",,,9509339,"KB-01",2,,,,,,
"38.899099142187225","-77.0090103149414",,,,,,,,,,,,,,,,,,,,173900009,,,,,,,,,,"0",,,,,,,,,"speed_camera","node/12578283044",,,,,,,,,,,,,,,,,,,,,,,,,,,,,,,,,,,,,,,,"2025-10-28T19:54:13Z",,,9509339,"KB-01",2,,,,,,
"38.900585381970274","-77.009117603302",,,,,,,,,,,,,,,,,,,,173900009,,,,,,,,,,,,,"red_light_camera",,,,,,"speed_camera","node/12578283045",,,,,,,,,,,,,,,,,,,,,,,,,,,,,,,,,,,,,,,,"2025-10-28T19:54:13Z",,"enforcement",9509339,"KB-01",2,,,,,,
"38.900151202778204","-77.00433254241943",,,,,,,,,,,,,,,,,,,,181827422,,,,,,,,,,"90",,,,,,,,,"speed_camera","node/12578283046",,,,,,,,,,,,,,,,,,,,,,,,,,,,,,,,,,,,,,,,"2026-04-26T00:42:59Z",,,2591427,"snake21",3,,,,,,
"38.909017951243754","-77.0046329498291",,,,,,,,,,,,,,,,,,,,162863767,,,,,,,,,,"230",,,"red_light_camera",,,,,,"speed_camera","node/12580479020",,,,,,,"25",,,,,,,,,,,,,,,,,,,,,,,,,,,,,,,,,"2025-02-23T18:07:02Z",,,105946,"ElliottPlack",2,,,,,,
"38.90975262271476","-77.0067572593689",,,,,,,,,,,,,,,,,,,,162410594,,,,,,,,,,"305",,,,,,,,,"speed_camera","node/12580479021",,,,,,,,,,,,,,,,,,,,,,,,,,,,,,,,,,,,,,,,"2025-02-11T23:40:47Z",,,22437239,"nikos2wheels",1,,,,,,
"38.9075819805046","-77.00870990753174",,,,,,,,,,,,,,,,,,,,162377730,,,,,,,,,,"230",,,,,,,,,"speed_camera","node/12578283039",,,,,,,"25 mph",,,,,,,,,,,,,,,,,,,,,,,,,,,,,,,,,"2025-02-11T06:46:34Z",,,22437239,"nikos2wheels",1,,,,,,
"38.90664691417496","-77.0152759552002",,,,,,,,,,,,,,,,,,,,162377730,,,,,,,,,,"350",,,,,,,,,"speed_camera","node/12578283035",,,,,,,"25 mph",,,,,,,,,,,,,,,,,,,,,,,,,,,,,,,,,"2025-02-11T06:46:34Z",,,22437239,"nikos2wheels",1,,,,,,
"38.90669700732627","-77.01514720916748",,,,,,,,,,,,,,,,,,,,162377730,,,,,,,,,,"170",,,,,,,,,"speed_camera","node/12578283036",,,,,,,"25 mph",,,,,,,,,,,,,,,,,,,,,,,,,,,,,,,,,"2025-02-11T06:46:34Z",,,22437239,"nikos2wheels",1,,,,,,
"38.907381610185126","-77.01220750808716",,,,,,,,,,,,,,,,,,,,162377730,,,,,,,,,,,,,,,,,,,"speed_camera","node/12578283038",,,,,,,,,,,,,,,,,,,,,,,,,,,,,,,,,,,,,,,,"2025-02-11T06:46:34Z","stop",,22437239,"nikos2wheels",1,,,,,,
"38.911455695516366","-77.01042652130127",,,,,,,,,,,,,,,,,,,,162410594,,,,,,,,,,"120",,,,,,,,,"speed_camera","node/12580479022",,,,,,,,,,,,,,,,,,,,,,,,,,,,,,,,,,,,,,,,"2025-02-11T23:40:47Z",,,22437239,"nikos2wheels",1,,,,,,
"38.91250757300949","-77.00903177261353",,,,,,,,,,,,,,,,,,,,162410594,,,,,,,,,,"0",,,,,,,,,"speed_camera","node/12580479023",,,,,,,,,,,,,,,,,,,,,,,,,,,,,,,,,,,,,,,,"2025-02-11T23:40:47Z",,,22437239,"nikos2wheels",1,,,,,,
"38.916614754893686","-77.00935363769531",,,,,,,,,,,,,,,,,,,,181917139,,,,,,,,,,"65",,,,,,,,,"speed_camera","node/12580439695",,,,,,,,,,,,,,,,,,,,,,,,,,,,,,,,,,,,,,,,"2026-04-28T02:13:46Z",,,9509339,"KB-01",2,,,,,,
"38.91589684999954","-77.01201438903809",,,,,,,,,,,,,,,,,,,,181917139,,,,,,,,,,"250",,,,,,,,,"speed_camera","node/12580439696",,,,,,,,,,,,,,,,,,,,,,,,,,,,,,,,,,,,,,,,"2026-04-28T02:13:46Z",,,9509339,"KB-01",2,,,,,,
"38.91479493533629","-77.01519012451172",,,,,,,,,,,,,,,,,,,,181917139,,,,,,,,,,"250",,,,,,,,,"speed_camera","node/12580439698",,,,,,,,,,,,,,,,,,,,,,,,,,,,,,,,,,,,,,,,"2026-04-28T02:13:46Z",,,9509339,"KB-01",2,,,,,,
"38.914778239528005","-77.01495409011841",,,,,,,,,,,,,,,,,,,,181917139,,,,,,,,,,"60",,,,,,,,,"speed_camera","node/12580439697",,,,,,,,,,,,,,,,,,,,,,,,,,,,,,,,,,,,,,,,"2026-04-28T02:13:46Z",,,9509339,"KB-01",2,,,,,,
"38.914661368759965","-77.01795816421509",,,,,,,,,,,,,,,,,,,,162410691,,,,,,,,,,"300",,,,,,,,,"speed_camera","node/12580439699",,,,,,,,,,,,,,,,,,,,,,,,,,,,,,,,,,,,,,,,"2025-02-11T23:47:00Z",,,22437239,"nikos2wheels",1,,,,,,
"38.914778239528005","-77.01834440231323",,,,,,,,,,,,,,,,,,,,162410691,,,,,,,,,,"120",,,,,,,,,"speed_camera","node/12580439700",,,,,,,,,,,,,,,,,,,,,,,,,,,,,,,,,,,,,,,,"2025-02-11T23:47:00Z",,,22437239,"nikos2wheels",1,,,,,,
"38.91416049185992","-77.01900959014893",,,,,,,,,,,,,,,,,,,,162410691,,,,,,,,,,"90",,,"red_light_camera",,,,,,"speed_camera","node/12580485901",,,,,,,,,,,,,,,,,,,,,,,,,,,,,,,,,,,,,,,,"2025-02-11T23:47:00Z",,,22437239,"nikos2wheels",1,,,,,,
"38.914110403975485","-77.02094078063965",,,,,,,,,,,,,,,,,,,,162410691,,,,,,,,,,"90",,,,,,,,,"speed_camera","node/12580485903",,,,,,,,,,,,,,,,,,,,,,,,,,,,,,,,,,,,,,,,"2025-02-11T23:47:00Z",,,22437239,"nikos2wheels",1,,,,,,
"38.915679807555364","-77.02044725418091",,,,,,,,,,,,,,,,,,,,162410691,,,,,,,,,,"120",,,,,,,,,"speed_camera","node/12580485904",,,,,,,,,,,,,,,,,,,,,,,,,,,,,,,,,,,,,,,,"2025-02-11T23:47:00Z",,,22437239,"nikos2wheels",1,,,,,,
"38.9162975419988","-77.0217776298523",,,,,,,,,,,,,,,,,,,,162410691,,,,,,,,,,"120",,,,,,,,,"speed_camera","node/12580485905",,,,,,,,,,,,,,,,,,,,,,,,,,,,,,,,,,,,,,,,"2025-02-11T23:47:00Z",,,22437239,"nikos2wheels",1,,,,,,
"38.917082223943794","-77.02690601348877",,,,,,,,,,,,,,,,,,,,162410691,,,,,,,,,,"90",,,,,,,,,"speed_camera","node/12580485906",,,,,,,,,,,,,,,,,,,,,,,,,,,,,,,,,,,,,,,,"2025-02-11T23:47:00Z",,,22437239,"nikos2wheels",1,,,,,,
"38.91344256213867","-77.01905250549316",,,,,,,,,,,,,,,,,,,,162410691,,,,,,,,,,"60",,,,,,,,,"speed_camera","node/12580485902",,,,,,,,,,,,,,,,,,,,,,,,,,,,,,,,,,,,,,,,"2025-02-11T23:47:00Z",,,22437239,"nikos2wheels",1,,,,,,
"38.90796602203616","-77.0157265663147",,,,,,,,,,,,,,,,,,,,162377730,,,,,,,,,,"335",,,,,,,,,"speed_camera","node/12578283037",,,,,,,"25 mph",,,,,,,,,,,,,,,,,,,,,,,,,,,,,,,,,"2025-02-11T06:46:34Z",,,22437239,"nikos2wheels",1,,,,,,
"38.90647993674858","-77.0387077331543",,,,,,,,,,,,,,,,,,,,162377203,,,,,,,,,,"240",,,,,,,,,"speed_camera","node/12578228970",,,,,,,"25 mph",,,,,,,,,,,,,,,,,,,,,,,,,,,,,,,,,"2025-02-11T06:26:38Z",,,22437239,"nikos2wheels",1,,,,,,
"38.917249176429664","-77.03194856643677",,,,,,,,,,,,,,,,,,,,173778025,,,,,,,,,,"170",,,"red_light_camera",,,,,,"speed_camera","node/12543186481",,,,,,,,,,,,,,,,,,,,,,,,,,,,,,,,,,,,,,,,"2025-10-26T02:28:30Z",,,9509339,"KB-01",3,,,,,,
"38.93504405870718","-77.03634738922119",,,,,,,,,,,,,,,,,,,,161924996,,,,,,,,,,"355",,,,,,,,,"speed_camera","node/12543190938",,,,,,,,,,,,,,,,,,,,,,,,,,,,,,,,,,,,,,,,"2025-01-30T06:57:06Z",,,22437239,"nikos2wheels",1,,,,,,
"38.93208968280135","-77.0236873626709",,,,,,,,,,,,,,,,,,,,161925680,,,,,,,,,,,,,,,,,,,"speed_camera","node/12543182439",,,,,,,,,,,,,,,,,,,,,,,,,,,,,,,,,,,,,,,,"2025-01-30T07:24:14Z",,,22437239,"nikos2wheels",1,,,,,,
"38.930236875800205","-77.02787160873413",,,,,,,,,,,,,,,,,,,,121497426,,,,,,,,,,,,,,,,,,,"speed_camera","node/3139741799",,,,,,,,,,,,,,,,,,,,,,,,,,,,,,,,,,,,,,,,"2022-05-26T01:10:52Z",,,9509339,"KB-01",2,,,,,,
"38.92953580107039","-77.01855897903442",,,,,,,,,,,,,,,,,,,,181347508,,,,,,,,,,,,,,,,,,,"speed_camera","node/12543113754",,,,,,,,,,,,,,,,,,,,,,,,,,,,,,,,,,,,,,,,"2026-04-15T03:13:51Z",,,2591427,"snake21",3,,,,,,
"38.92631410668423","-77.01218605041504",,,,,,,,,,,,,,,,,,,,161925762,,,,,,,,,,,,,,,,,,,"speed_camera","node/12543217932",,,,,,,,,,,,,,,,,,,,,,,,,,,,,,,,,,,,,,,,"2025-01-30T07:27:28Z",,,22437239,"nikos2wheels",1,,,,,,
"38.95263423449029","-77.00903177261353",,,,,,,,,,,,,,,,,,,,173768978,,,,,,,,,,,,,,,,,,,"speed_camera","node/12543207440",,,,,,,,,,,,,,,,,,,,,,,,,,,,,,,,,,,,,,,,"2025-10-25T19:03:40Z",,,9509339,"KB-01",2,,,,,,
"38.95266760828426","-77.03634738922119",,,,,,,,,,,,,,,,,,,,161925431,,,,,,,,,,,,,,,,,,,"speed_camera","node/12543211842",,,,,,,,,,,,,,,,,,,,,,,,,,,,,,,,,,,,,,,,"2025-01-30T07:14:08Z",,,22437239,"nikos2wheels",1,,,,,,
"38.88466930998294","-77.08791017532349",,,,,,,,,,,,,,,,,,,,162378354,,,,,,,,,,"90",,,"red_light_camera",,,,,,"speed_camera","node/12578282472",,,,,,,,,,,,,,,,,,,,,,,,,,,,,,,,,,,,,,,,"2025-02-11T07:11:48Z",,,22437239,"nikos2wheels",1,,,,,,
"38.88465260708986","-77.08763122558594",,,,,,,,,,,,,,,,,,,,162378354,,,,,,,,,,"265",,,"red_light_camera",,,,,,"speed_camera","node/12578282473",,,,,,,,,,,,,,,,,,,,,,,,,,,,,,,,,,,,,,,,"2025-02-11T07:11:48Z",,,22437239,"nikos2wheels",1,,,,,,
"38.90539457390403","-77.01287269592285",,,,,,"DC",,,,,"police",,,,,,,,,155164666,,,,,,,,,,,"22",,,,,"2335120",,,,"node/367142183",,,,,,,,"Metropolitan Police Boys and Girls Clubs",,,,,,,,,,,,,,,,,,,,,,,,,"USGS Geonames",,,,,,,"2024-08-12T19:22:16Z",,,3199858,"Mateusz Konieczny - bot account",2,,,,,,
"38.90773225787308","-77.0046329498291",,"Washington",,"99","20002","DC","New York Avenue Northeast",,"ATF","ATF","police",,,,,,,,,141909520,,,"address",,,,,"0804","0710",,,,,,,,"police",,,"node/810582033",,,,,,,,"Bureau of Alcohol, Tobacco, Firearms and Explosives",,,"Bureau of Alcohol, Tobacco, Firearms and Explosives",,,,,,"government",,,,,,,,,,,"BAFTE",,"BAFTE",,,"dcgis",,,,,,,"2023-09-29T12:12:41Z",,,1962542,"whammo",4,"https://www.atf.gov/",,"Q434371",,,
"38.94318881926796","-76.99287414550781",,,,,,"DC",,,,,"police",,,,,,,,,155164666,,,,,,,,,,,"46",,,,,"2335127",,,,"node/367142225",,,,,,,,"D.C. Police & Fire Clinic",,,,,,,,,,,,,,,,,,,,,,,,,"USGS Geonames",,,,,,,"2024-08-12T19:22:26Z",,,3199858,"Mateusz Konieczny - bot account",5,"https://www.pfcassociates.org/","limited",,,,
"38.937981621194524","-76.95219039916992",,,,,,"MD",,,,,"police",,,,,,,,,155195145,,,,,,,,,,,"15",,,,,"2457505",,,,"node/367798236",,,,,,,,"Cottage City Police Station",,,,,,,,,,,,,,,,,,,,,,,,,"USGS Geonames",,,,,,,"2024-08-13T13:13:00Z",,,3199858,"Mateusz Konieczny - bot account",3,,,,,,
"38.94298854949028","-76.93227767944336",,,,,,"MD",,,,,"police",,,,,,,,,155195145,,,,,,,,,,,"11",,,,,"2457435",,,,"node/367798234",,,,,,,,"Bladensburg Police Station",,,,,,,,,,,,,,,,,,,,,,,,,"USGS Geonames",,,,,,,"2024-08-13T13:12:59Z",,,3199858,"Mateusz Konieczny - bot account",2,,,,,,
"38.88441876617421","-76.91408157348633",,,,,,"MD",,,,,"police",,,,,,,,,155195145,,,,,,,,,,,"39",,,,,"2457460",,,,"node/367798235",,,,,,,,"Capitol Heights Police Station",,,,,,,,,,,,,,,,,,,,,,,,,"USGS Geonames",,,,,,,"2024-08-13T13:12:59Z",,,3199858,"Mateusz Konieczny - bot account",2,,,,,,
"38.935711697230346","-76.9618034362793",,"Mount Rainier",,"3249","20712","MD","Rhode Island Avenue",,,,"police",,,,,,,,,158563855,"2024-10-30",,,,,,,,,,,,,"https://www.facebook.com/mountrainierpolicedepartment/",,"2457357",,,,"node/8757006564",,,,,,,,"Mount Rainier Police",,,,,,,,,,"24/7",,,,,,"+1-301-985-6580",,,,,,,,,,,,,,,,"2024-10-31T00:55:14Z",,,651903,"0x0000",3,"https://www.mountrainiermd.org/departments/police/contact-us",,,,,
"38.908667309906605","-76.99115753173828",,,,,,,,,,,"police",,,,,,,,,5972699,,,,,,,,,,,,,,,,,,,,"node/939518175",,,,,,,,"Department of Public Safety",,,,,,,,,,,,,,,,,,,,,,,,,,,,,,,,"2010-10-06T19:47:05Z",,,73013,"Kevin Cole",1,,,,,,
"38.89156726911702","-76.94008827209473",,,,,,"DC",,,,,"police",,,,,,,,,155164666,,,,,,,,,,,"21",,,,,"2335121",,,,"node/367142181",,,,,,,,"Metropolitan Police Boys and Girls Clubs",,,,,,,,,,,,,,,,,,,,,,,,,"USGS Geonames",,,,,,,"2024-08-12T19:22:16Z",,,3199858,"Mateusz Konieczny - bot account",2,,,,,,
"38.9348437659246","-77.07484245300293",,,,,,"DC",,,,,"police",,,,,,,,,155164666,,,,,,,,,,,"108",,,,,"2335138",,,,"node/367142210",,,,,,,,"Washington District of Columbia Police Department District 2",,,,,,,,,,,,,,,,,,,,,,,,,"USGS Geonames",,,,,,,"2024-08-12T19:22:24Z",,,3199858,"Mateusz Konieczny - bot account",3,,,,,,
"38.88989712255096","-77.08316802978516",,,,,,"VA",,,,,"police",,,,,,,,,151368470,,,,,,,,,,,"71",,,,,"1491426",,,,"node/367988417",,,,,,,,"Arlington Police Station",,,,,,,,,,,,,,,,,,,,,,,,,"USGS Geonames",,,,,,,"2024-05-15T15:58:33Z",,,3199858,"Mateusz Konieczny - bot account",3,,,,,,
"38.88989712255096","-77.08308219909668",,,,,,"VA",,,,,"police",,,,,,,,,151368470,,,,,,,,,,,"71",,,,,"2332060",,,,"node/367989810",,,,,,,,"Arlington County Sheriff's Office",,,,,,,,,,,,,,,,,,,,,,,,,"USGS Geonames",,,,,,"yes","2024-05-15T15:58:48Z",,,3199858,"Mateusz Konieczny - bot account",7,,"yes",,,,
"38.900518585344315","-77.04814910888672",,"Washington",,"801",,"DC","22nd Street Northwest",,,,"police",,,,,,,,,29900287,,,,,,,,,,,,,,,,,,,,"node/3372389884",,,,,,,,"Campus Police",,,,,,,,,,,,,,,,,,,,,,,,,,,,,,,,"2015-04-01T09:38:09Z",,,5359,"user_5359",4,,,,,,
"38.894373026942446","-77.01656341552734",,,,"300",,,"Indiana Avenue Northwest",,,,"police",,,,,,,,,149028601,,,,,,,,,,,,,,,,,,,,"node/367142218",,,,,,,,"Metropolitan Police Headquarters",,,,,,,,,,,"Metropolitan Police Department","MPD",,"Q1350854",,"+1-202-727-4218",,,,,,,,,,,,,,,,"2024-03-22T19:41:52Z",,,135329,"ajashton",2,"https://mpdc.dc.gov/page/police-headquarters",,,,,
"38.89403901396577","-77.01922416687012",,,,,,"DC",,,,,"police",,,,,,,,,155164666,,,,,,,,,,,"7",,,,,"2493049",,,,"node/367142467",,,,,,,,"Metropolitan Police Department Headquarters",,,,,,,,,,,"Metropolitan Police Department","MPD",,"Q1350854",,,,,,,,,,,"USGS Geonames",,,,,,,"2024-08-12T19:22:35Z",,,3199858,"Mateusz Konieczny - bot account",4,,,,,,
"38.917416128522774","-77.05587387084961","private",,,,,,,,,,,"block",,,,,,,,174566204,,,,,,,,,,,,,,,,,,,,"node/13299882452",,,,,,,,,,,,,,,,,,,,,,,,,"checkpoint",,,,,,,,,,,,,,,"2025-11-12T15:50:46Z",,,11523236,"willkmis",1,,,,,,
"38.918885290005534","-77.0529556274414","private",,,,,,,,,,,"block",,,,,,,,174566204,,,,,,,,,,,,,,,,,,,,"node/9595983984",,,,,,,,,,,,,,,,,,,,,,,,,"checkpoint",,,,,,,,,,,,,,,"2025-11-12T15:50:46Z",,,11523236,"willkmis",2,,,,,,
"38.91795037258129","-77.03784942626953",,,,,,"DC",,,,,"police",,,,,,,,,161290177,,,,,,,,,,,"32",,,,,"2335137",,,,"node/367142209",,,,,,,,"Washington DC Metropolitan Police Department - Third District",,,,,,,,,,,"Metropolitan Police Department","MPD",,"Q1350854",,,,,,,,,,,"USGS Geonames",,,,,,,"2025-01-12T22:42:06Z",,,11523236,"willkmis",3,,,,,,
"38.932707274379595","-77.02566146850586",,,,,,,,,,,"police",,,,,,,,,180406007,"2026-03-25",,,,,,,,,,,,,,,,,,,"node/2973421682",,,,,,,,"Fourth District Substation",,,,,,,,,,,"Metropolitan Police Department","MPD",,"Q1350854",,,,,,,,,,,,,,,,,,"2026-03-25T12:45:31Z",,,20628603,"Goofball5388",5,,,,,,
"38.940117953845345","-77.02377319335938",,,,,,,,,,,"police",,,,,,,,,180874622,,,,,,,,,,,,,,,,,,,,"node/13706772745",,,,,,,,"Metropolitan Police Department Special Liaison Unit",,,,,,,,,,,"Metropolitan Police Department","MPD",,"Q1350854",,,,,,,,,,,,,,,,,,"2026-04-04T21:55:56Z",,,11523236,"willkmis",1,,,,,,
"38.8985480565386","-77.04862117767334",,,,"2145",,,"G Street Northwest",,,,"police",,"yes",,"2",,,,,180478267,,,"buildings","19990331",,,,"0808","0079",,,,,,,,,,,"way/66409310",,,,,,,,"Police Department, EMS",,,,,,,,,"university",,"The George Washington University","GW","ngo","Q432637",,,,,,,,,,"no","dcgis",,,,,,,"2026-03-26T22:31:48Z",,,9883637,"brandonbds",6,,,,,,
"38.897078474151655","-77.04905033111572",,"Washington",,"520","20052","DC","22nd Street Northwest",,,,"police",,"yes","3",,,,,,180422793,,,"buildings","19990331",,,,"0803","0058",,,,,,,,,,,"way/66409149",,,,,,,,"GW Community Policing Center",,,,,,,,,,,,,,,,,,,,,,,,,"dcgis",,,,,,,"2026-03-25T18:47:27Z",,,9883637,"brandonbds",6,,,,,,
"38.887692467822944","-77.04540252685547","private",,,,,,"Independence Avenue Southwest",,,,"police",,,,,,,,,157234484,,"no",,,,,,,,,,,,,,,,,,"way/1266650314","no","yes",,,,,,"National Park Service Stables",,,,,,,,,,,,,,,,,,,,,,,,,,,,,,,,"2024-09-29T02:38:24Z",,,11523236,"willkmis",2,,,,,,
"38.887458637973225","-77.04574584960938",,,,,,,"Independence Avenue Southwest",,,,"police",,"yes",,,,,,,126059329,,,,,,,,,,,,,,,,,,,,"way/549439926",,,,,,,,"Park Police Riding Office",,,,,,,,,,,"United States Park Police","USPP",,"Q2005254",,,,,,,,,,,,,,,,,,"2022-09-11T17:50:06Z",,,16411985,"SavageRainbow",3,,,,,,
"38.888193532527126","-77.03742027282715",,,,,,,,,,,"police",,"yes",,,,,,,97459524,,,"buildings","19990331",,,,"0000","0000",,,,,,,,,,,"way/658565908",,,,,,,,"Survey Lodge Ranger Station",,,,,,,,,,,"National Park Service",,,,,,,,,,,,,,"dcgis",,,,,,,"2021-01-13T18:36:37Z",,,6771650,"ppjj",3,,,,,,
"38.8951746471533","-77.02497482299805",,"Washington",,"935","20535","DC","Pennsylvania Avenue Northwest","yes",,,"police",,,,,,,,,145926777,,,,,,,,,,,,,,,,,"investigation",,,"way/1086368696",,,,,,,,"Federal Bureau of Investigation","Федэральнае бюро расследванняў","Κτίριο του Ομοσπονδιακού Γραφείου Ερευνών J Edgar Hoover","Federal Bureau of Investigation","Oficina Federal de Investigación Edificio J Edgar Hoover","Budynek Federalnego Biura Śledczego J Edgara Hoovera","Федеральное бюро расследований","Q8333",,"government",,"United States Department of Justice",,,"Q1553390",,,,,,"FBI","ФБР","FBI","ФБР",,"dcgis","Q8333",,,,,,"2024-01-05T15:26:56Z",,,3418742,"corrector_91",24,"https://www.fbi.gov/",,"Q8333",,"en:Federal Bureau of Investigation",
"38.92796670382165","-77.04741954803467",,,,,,,,,,,"police",,"office","1",,,,,,78992828,,,"buildings","19990331",,,"22627","0006","PAR",,,,,,,,,,,"way/69754409",,,,,,,,"Zoo Police Station",,,,,,,,,,,,,,,,,,,,,,,,,"dcgis",,,,,,,"2019-12-30T00:22:31Z",,,80285,"Sparks",3,,,,,,
"38.92736576381678","-76.98047161102295",,,,"1700","20018","DC","Rhode Island Avenue Northeast",,,,"police",,"yes",,,,,,,155164666,,,,,,,"70953",,,,"49",,,,,"2335141",,,,"way/296286182",,,,,,,,"Washington District of Columbia Police Department - Youth Investigations and Family Violence",,,,,,,,,,,,,,,,,,,,,,,,,"USGS Geonames",,,,,,,"2024-08-12T19:39:38Z",,,3199858,"Mateusz Konieczny - bot account",2,,,,,,
"38.915078762973636","-76.9736909866333",,,,"1805","20002","DC","Bladensburg Road Northeast",,,,"police",,"yes",,,,,,,142997640,,,,,,,"62128",,,,"22",,,,,"2335135",,,,"way/298560048",,,,,,,,"Metropolitan Police Department Fifth District Headquarters",,,,,,,,,,,"Metropolitan Police Department","MPD",,"Q1350854",,,,,,,,,,,"USGS Geonames",,,,,,,"2023-10-23T04:39:29Z",,,20197784,"Land1630",3,"https://mpdc.dc.gov/page/welcome-fifth-district",,,,,
"38.88344998839669","-76.99922561645508",,"Washington","US","500","20003","DC","E Street Southeast",,,,"police",,"yes",,,,,,,155164666,,,,"19990331","buildings","2000",,,,,"23",,,,,"2335139",,,,"way/48039178",,,,,,"8696",,"Washington District of Columbia Police Department District 1 Substation",,,,,,,,,,,,,,,,,,,,,,,,,"dcgis;USGS Geonames",,,,,,,"2024-08-12T19:29:40Z",,,3199858,"Mateusz Konieczny - bot account",6,,,,,,
"38.95083202589235","-76.94279193878174",,"Hyattsville",,"5000","20781","MD","Rhode Island Avenue",,,,"police",,"yes",,,,,,,155696080,"2024-08-08",,,,,,,,,,"18","PGPD_Division1@co.pg.md.us",,,"+1 301-699-2639","2457761",,,,"way/184419535",,,,,,,,"Prince George's County Police Department Division I - Hyattsville",,,,,,,,,,"24/7","Prince George's County Police Department","PGPD",,,,"+1 301-699-2630",,,,,,,,,"USGS Geonames",,,,,,,"2024-08-24T13:22:57Z",,,1830039,"jpeterson1346",5,,,,,,
"38.90038499077278","-76.92987442016602",,"Washington",,"5002","20019","DC","Hayes Street Northeast",,,,"police",,,,,,,,,179914650,,,,,,,,,,,,,,,,,,,,"way/132668686",,,,,,,,"Metropolitan Police Department Sixth District Headquarters",,,,,,,,,,,"Metropolitan Police Department","MPD",,"Q1350854",,,,,,,,,,,,,,,,,,"2026-03-15T19:26:37Z",,,9509339,"KB-01",3,,,,,,
"38.89266954395353","-76.94360733032227",,,,"4103","20019","DC","Benning Road Northeast",,,,"police",,"yes",,,,,,,155164666,,,,,,,"49573",,,,"18",,,,,"2335134",,,,"way/296075228",,,,,,,,"Washington District of Columbia Police Department District 6",,,,,,,,,,,,,,,,,,,,,,,,,"USGS Geonames",,,,,,,"2024-08-12T19:39:07Z",,,3199858,"Mateusz Konieczny - bot account",2,,,,,,
"38.940865849999994","-77.06381830000001",,,,,,,,,,,,,"yes",,,,,,,98701296,,,,,,,,,,,,,,,,,,,,"way/903760803",,,,,,,,,,,,,,,,,,,,,,,,,"checkpoint",,,,,,,,,,,,,,,"2021-02-04T11:18:55Z",,,33757,"Minh Nguyen",1,,,,,,
"38.93691715","-77.05675835",,,,,,,,,,,,"toll_booth","yes",,,,,,,161522799,,,,,,,,,,,,,,,,,,,,"way/1333769173",,,,,,,,,,,,,,,,,,,,,,,,,"checkpoint",,,,,,,,,,,,,,,"2025-01-19T12:42:25Z",,,3199858,"Mateusz Konieczny - bot account",2,,,,,,
"38.94008457375767","-77.02381610870361",,,,"801",,,"Shepherd Street Northwest",,,,"police",,"yes","3",,"brick",,,,,,,"buildings","20050405",,,"158176","0806","3026",,,,,,,,,,,"way/70143174",,,,,,,,,,,,,,,,,,,,,,,,,,,"hipped",,,,,,"dcgis",,,,,,,,,,,,,,,,,,