{"type":"FeatureCollection","features":[{"type":"Feature","geometry":{"type":"Point","coordinates":[-77.0884318,38.9153071]},"properties":{"man_made":"surveillance","surveillance:type":"camera","id":"node/4957641409","_lat":"38.91531250344531","_lon":"-77.08842515945435","timestamp":"2017-07-07T23:11:34Z","version":1,"changeset":50120294,"user":"Seandebasti","uid":550560}},{"type":"Feature","geometry":{"type":"Point","coordinates":[-77.0985654,38.8996406]},"properties":{"man_made":"surveillance","operator":"Arlington County Police Department","direction":"80","manufacturer":"Flock Safety","surveillance":"camera","surveillance:type":"ALPR","surveillance:zone":"traffic","manufacturer:wikidata":"Q108485435","id":"node/13244875991","_lat":"38.89963352411789","_lon":"-77.0985746383667","timestamp":"2025-10-20T00:39:48Z","version":1,"changeset":173514341,"user":"PackerFan_0007!","uid":23414436}},{"type":"Feature","geometry":{"type":"Point","coordinates":[-77.0985549,38.8997989]},"properties":{"man_made":"surveillance","direction":"260","camera:type":"fixed","manufacturer":"Flock Safety","surveillance":"traffic","surveillance:type":"ALPR","surveillance:zone":"traffic","manufacturer:wikidata":"Q108485435","id":"node/13244881230","_lat":"38.89980051764647","_lon":"-77.09855318069458","timestamp":"2025-10-20T00:40:54Z","version":1,"changeset":173514350,"user":"PackerFan_0007!","uid":23414436}},{"type":"Feature","geometry":{"type":"Point","coordinates":[-77.0917318,38.8893792]},"properties":{"man_made":"surveillance","operator":"Arlington County Police Department","direction":"200","camera:type":"fixed","manufacturer":"Flock Safety","surveillance":"camera","surveillance:type":"ALPR","surveillance:zone":"traffic","manufacturer:wikidata":"Q108485435","id":"node/7120042451","_lat":"38.88937936914172","_lon":"-77.0917296409607","timestamp":"2025-11-16T22:18:23Z","version":2,"changeset":174748073,"user":"gravesman","uid":23513215}},{"type":"Feature","geometry":{"type":"Point","coordinates":[-77.0835878,38.8897093]},"properties":{"man_made":"surveillance","camera:type":"dome","camera:mount":"pole","surveillance":"outdoor","surveillance:type":"camera","surveillance:zone":"town","id":"node/1690324728","_lat":"38.889713404031255","_lon":"-77.08359718322754","timestamp":"2018-03-29T20:47:28Z","version":4,"changeset":57645735,"user":"speaketh","uid":189712}},{"type":"Feature","geometry":{"type":"Point","coordinates":[-77.0836214,38.8900212]},"properties":{"man_made":"surveillance","camera:type":"dome","camera:mount":"pole","surveillance":"outdoor","surveillance:type":"camera","surveillance:zone":"town","id":"node/1690324736","_lat":"38.890014034088836","_lon":"-77.08361864089966","timestamp":"2018-03-29T20:47:28Z","version":4,"changeset":57645735,"user":"speaketh","uid":189712}},{"type":"Feature","geometry":{"type":"Point","coordinates":[-77.0895786,38.873431]},"properties":{"man_made":"surveillance","camera:type":"fixed","camera:mount":"traffic_signals","surveillance":"traffic","camera:direction":"70","surveillance:type":"camera","surveillance:zone":"traffic","id":"node/9392688846","_lat":"38.87342737499003","_lon":"-77.08958387374878","timestamp":"2022-01-04T18:12:45Z","version":1,"changeset":115766065,"user":"KB-01","uid":9509339}},{"type":"Feature","geometry":{"type":"Point","coordinates":[-77.1003599,38.870184]},"properties":{"man_made":"surveillance","camera:type":"fixed","camera:mount":"street_lamp","manufacturer":"Flock Safety","camera:direction":"90","surveillance:type":"ALPR","manufacturer:wikidata":"Q108485435","id":"node/13166892233","_lat":"38.87018642754998","_lon":"-77.10035562515259","timestamp":"2025-09-24T03:18:01Z","version":1,"changeset":172371678,"user":"chaubursin","uid":23309901}},{"type":"Feature","geometry":{"type":"Point","coordinates":[-77.1008946,38.8709804]},"properties":{"man_made":"surveillance","direction":"285","camera:type":"fixed","camera:mount":"pole","manufacturer":"Flock Safety","surveillance:type":"ALPR","manufacturer:wikidata":"Q108485435","id":"node/13155791970","_lat":"38.8709883252109","_lon":"-77.10089206695557","timestamp":"2026-04-17T20:58:49Z","version":2,"changeset":181476368,"user":"trywrite","uid":23837425}},{"type":"Feature","geometry":{"type":"Point","coordinates":[-77.0903967,38.8809193]},"properties":{"man_made":"surveillance","direction":"319","camera:type":"fixed","camera:mount":"light post (with solar panel)","manufacturer":"Leonardo","surveillance":"public","surveillance:type":"ALPR","surveillance:zone":"traffic","manufacturer:wikidata":"Q910379","id":"node/13485289801","_lat":"38.88091106008156","_lon":"-77.0903992652893","timestamp":"2026-01-26T03:34:55Z","version":1,"changeset":177704803,"user":"Mpugs","uid":23435942}},{"type":"Feature","geometry":{"type":"Point","coordinates":[-77.0874683,38.8807429]},"properties":{"man_made":"surveillance","direction":"112","camera:type":"fixed","manufacturer":"Flock Safety","surveillance":"public","surveillance:type":"ALPR","surveillance:zone":"traffic","manufacturer:wikidata":"Q108485435","id":"node/13443991301","_lat":"38.88074402213866","_lon":"-77.08745956420898","timestamp":"2026-01-09T23:29:26Z","version":1,"changeset":177044745,"user":"Ravenfc","uid":1973252}},{"type":"Feature","geometry":{"type":"Point","coordinates":[-77.0900209,38.8798564]},"properties":{"man_made":"surveillance","direction":"120","camera:type":"fixed","camera:mount":"pole","manufacturer":"Leonardo","surveillance":"public","surveillance:type":"ALPR","surveillance:zone":"traffic","manufacturer:wikidata":"Q910379","id":"node/13645173601","_lat":"38.87985871448575","_lon":"-77.09001302719116","timestamp":"2026-03-13T12:38:17Z","version":1,"changeset":179809150,"user":"Nibbler3000","uid":23750221}},{"type":"Feature","geometry":{"type":"Point","coordinates":[-76.9608243,38.9380862]},"properties":{"man_made":"surveillance","check_date":"2025-03-05","camera:type":"fixed","camera:mount":"pole","surveillance":"outdoor","camera:direction":"20","surveillance:type":"camera","surveillance:zone":"building","id":"node/8481217465","_lat":"38.93808176322534","_lon":"-76.96081638336182","timestamp":"2025-03-06T01:58:55Z","version":2,"changeset":163267102,"user":"0x0000","uid":651903}},{"type":"Feature","geometry":{"type":"Point","coordinates":[-76.9288209,38.8936178]},"properties":{"man_made":"surveillance","operator":"Metro Police Department","direction":"63","camera:type":"fixed","manufacturer":"Flock Safety","surveillance":"public","surveillance:type":"ALPR","surveillance:zone":"traffic","manufacturer:wikidata":"Q108485435","id":"node/13447212501","_lat":"38.893621495535996","_lon":"-76.92882299423218","timestamp":"2026-01-10T23:36:40Z","version":1,"changeset":177080443,"user":"Wedge A","uid":23307562}},{"type":"Feature","geometry":{"type":"Point","coordinates":[-76.9279739,38.8949487]},"properties":{"man_made":"surveillance","operator":"Metro Police Department","direction":"191","camera:type":"fixed","manufacturer":"Flock Safety","surveillance":"public","surveillance:type":"ALPR","surveillance:zone":"traffic","manufacturer:wikidata":"Q108485435","id":"node/13447214601","_lat":"38.894940845397656","_lon":"-76.92796468734741","timestamp":"2026-01-10T23:39:44Z","version":1,"changeset":177080485,"user":"Wedge A","uid":23307562}},{"type":"Feature","geometry":{"type":"Point","coordinates":[-76.9289237,38.9263489]},"properties":{"man_made":"surveillance","direction":"186;229","camera:type":"fixed","manufacturer":"Flock Safety","surveillance":"public","surveillance:type":"ALPR","surveillance:zone":"traffic","manufacturer:wikidata":"Q108485435","id":"node/13624133501","_lat":"38.92634749286856","_lon":"-76.92893028259277","timestamp":"2026-03-06T23:56:30Z","version":1,"changeset":179468611,"user":"UTIL221","uid":23866722}},{"type":"Feature","geometry":{"type":"Point","coordinates":[-76.9326353,38.9232155]},"properties":{"man_made":"surveillance","camera:type":"fixed","camera:mount":"pole","manufacturer":"man_made=surveillance surveillance:type=ALPR surveillance=public camera:type=fixed surveillance:zone=traffic manufacturer=Flock Safety manufacturer:wikidata=Q108485435","surveillance":"private","camera:direction":"110","surveillance:type":"camera","surveillance:zone":"traffic","id":"node/13614880475","_lat":"38.923209122864904","_lon":"-76.93264245986938","timestamp":"2026-03-03T16:17:43Z","version":1,"changeset":179310256,"user":"LarryFishman","uid":23895007}},{"type":"Feature","geometry":{"type":"Point","coordinates":[-76.9329637,38.9214099]},"properties":{"man_made":"surveillance","direction":"39","surveillance":"camera","surveillance:type":"ALPR","surveillance:zone":"traffic","id":"node/13614914212","_lat":"38.921406166673734","_lon":"-76.93296432495117","timestamp":"2026-03-03T16:14:08Z","version":1,"changeset":179310068,"user":"LarryFishman","uid":23895007}},{"type":"Feature","geometry":{"type":"Point","coordinates":[-76.9538169,38.9201961]},"properties":{"man_made":"surveillance","direction":"180","camera:type":"fixed","manufacturer":"Flock Safety","surveillance:type":"ALPR","manufacturer:wikidata":"Q108485435","id":"node/13143781376","_lat":"38.92020417042664","_lon":"-76.95382118225098","timestamp":"2025-09-15T04:22:36Z","version":1,"changeset":171944396,"user":"hello_moto","uid":22566125}},{"type":"Feature","geometry":{"type":"Point","coordinates":[-76.9543648,38.9204789]},"properties":{"man_made":"surveillance","direction":"175","camera:type":"fixed","manufacturer":"Flock Safety","surveillance:type":"ALPR","manufacturer:wikidata":"Q108485435","id":"node/13143740874","_lat":"38.920471282463495","_lon":"-76.95435762405396","timestamp":"2025-09-15T04:23:50Z","version":1,"changeset":171944428,"user":"hello_moto","uid":22566125}},{"type":"Feature","geometry":{"type":"Point","coordinates":[-76.9654203,38.9252255]},"properties":{"note":"Both speed and red-light; super sensitive","man_made":"surveillance","camera:type":"fixed","camera:mount":"pole","surveillance":"red_light","camera:direction":"120","surveillance:type":"camera","surveillance:zone":"traffic","id":"node/9072330942","_lat":"38.92522904714053","_lon":"-76.96542978286743","timestamp":"2021-09-08T01:12:26Z","version":1,"changeset":110883801,"user":"0x0000","uid":651903}},{"type":"Feature","geometry":{"type":"Point","coordinates":[-76.9755939,38.9256396]},"properties":{"man_made":"surveillance","direction":"130","camera:type":"fixed","manufacturer":"Flock Safety","surveillance:type":"ALPR","manufacturer:wikidata":"Q108485435","id":"node/13144477387","_lat":"38.92564637969829","_lon":"-76.9756007194519","timestamp":"2025-09-15T13:06:58Z","version":1,"changeset":171965175,"user":"hello_moto","uid":22566125}},{"type":"Feature","geometry":{"type":"Point","coordinates":[-76.9769403,38.9256317]},"properties":{"man_made":"surveillance","direction":"245","camera:type":"fixed","manufacturer":"Flock Safety","surveillance:type":"ALPR","manufacturer:wikidata":"Q108485435","id":"node/13144504208","_lat":"38.9256296864431","_lon":"-76.97693109512329","timestamp":"2025-09-15T13:09:05Z","version":1,"changeset":171965272,"user":"hello_moto","uid":22566125}},{"type":"Feature","geometry":{"type":"Point","coordinates":[-76.9818652,38.8984212]},"properties":{"man_made":"surveillance","operator":"Metro Police Department","direction":"0","camera:type":"fixed","manufacturer":"Flock Safety","surveillance":"public","surveillance:type":"ALPR","surveillance:zone":"traffic","manufacturer:wikidata":"Q108485435","id":"node/13447268101","_lat":"38.89841445946146","_lon":"-76.9818663597107","timestamp":"2026-01-11T00:44:09Z","version":1,"changeset":177081367,"user":"Wedge A","uid":23307562}},{"type":"Feature","geometry":{"type":"Point","coordinates":[-76.9818223,38.8984119]},"properties":{"man_made":"surveillance","operator":"Metro Police Department","direction":"189","camera:type":"fixed","manufacturer":"Flock Safety","surveillance":"public","surveillance:type":"ALPR","surveillance:zone":"traffic","manufacturer:wikidata":"Q108485435","id":"node/13447268201","_lat":"38.89841445946146","_lon":"-76.98182344436646","timestamp":"2026-01-11T00:44:27Z","version":1,"changeset":177081372,"user":"Wedge A","uid":23307562}},{"type":"Feature","geometry":{"type":"Point","coordinates":[-76.9808338,38.8934068]},"properties":{"man_made":"surveillance","operator":"Metro Police Department","direction":"264","camera:type":"fixed","manufacturer":"Flock Safety","surveillance":"public","surveillance:type":"ALPR","surveillance:zone":"traffic","manufacturer:wikidata":"Q108485435","id":"node/13447288101","_lat":"38.89340438498249","_lon":"-76.98083639144897","timestamp":"2026-01-11T01:10:22Z","version":1,"changeset":177081698,"user":"Wedge A","uid":23307562}},{"type":"Feature","geometry":{"type":"Point","coordinates":[-76.9806921,38.893209]},"properties":{"man_made":"surveillance","operator":"Metro Police Department","direction":"88","camera:type":"fixed","manufacturer":"Flock Safety","surveillance":"public","surveillance:type":"ALPR","surveillance:zone":"traffic","manufacturer:wikidata":"Q108485435","id":"node/13447291301","_lat":"38.893203974651726","_lon":"-76.98068618774414","timestamp":"2026-01-11T01:12:18Z","version":1,"changeset":177081721,"user":"Wedge A","uid":23307562}},{"type":"Feature","geometry":{"type":"Point","coordinates":[-76.981881,38.8985357]},"properties":{"man_made":"surveillance","direction":"98","camera:type":"fixed","manufacturer":"Flock Safety","surveillance":"public","surveillance:type":"ALPR","surveillance:zone":"traffic","manufacturer:wikidata":"Q108485435","id":"node/13447287101","_lat":"38.89853135697953","_lon":"-76.98188781738281","timestamp":"2026-01-11T01:09:21Z","version":1,"changeset":177081681,"user":"Wedge A","uid":23307562}},{"type":"Feature","geometry":{"type":"Point","coordinates":[-76.9740607,38.9038593]},"properties":{"man_made":"surveillance","operator":"Metropolitan Police Department","direction":"50","camera:type":"fixed","manufacturer":"Flock Safety","surveillance:type":"ALPR","manufacturer:wikidata":"Q108485435","id":"node/13451711193","_lat":"38.90385833966778","_lon":"-76.97405576705933","timestamp":"2026-01-13T03:08:24Z","version":1,"changeset":177161551,"user":"Wedge A","uid":23307562}},{"type":"Feature","geometry":{"type":"Point","coordinates":[-76.9463595,38.9030246]},"properties":{"man_made":"surveillance","operator":"Metro Police Department","direction":"160","camera:type":"fixed","manufacturer":"Flock Safety","surveillance":"public","surveillance:type":"ALPR","surveillance:zone":"traffic","manufacturer:wikidata":"Q108485435","id":"node/13447227501","_lat":"38.90302341581449","_lon":"-76.94635391235352","timestamp":"2026-01-10T23:53:44Z","version":1,"changeset":177080693,"user":"Wedge A","uid":23307562}},{"type":"Feature","geometry":{"type":"Point","coordinates":[-76.9489024,38.9020567]},"properties":{"man_made":"surveillance","operator":"Metro Police Department","direction":"300","camera:type":"fixed","manufacturer":"Flock Safety","surveillance":"public","surveillance:type":"ALPR","surveillance:zone":"traffic","manufacturer:wikidata":"Q108485435","id":"node/13447224901","_lat":"38.90205489184416","_lon":"-76.9489073753357","timestamp":"2026-01-10T23:49:25Z","version":1,"changeset":177080634,"user":"Wedge A","uid":23307562}},{"type":"Feature","geometry":{"type":"Point","coordinates":[-76.9521438,38.8873907]},"properties":{"man_made":"surveillance","direction":"32","camera:type":"fixed","manufacturer":"Flock Safety","surveillance":"public","surveillance:type":"ALPR","surveillance:zone":"traffic","manufacturer:wikidata":"Q108485435","id":"node/13447168201","_lat":"38.887391829071106","_lon":"-76.95214748382568","timestamp":"2026-01-10T22:57:46Z","version":1,"changeset":177079804,"user":"Wedge A","uid":23307562}},{"type":"Feature","geometry":{"type":"Point","coordinates":[-76.9511045,38.8876988]},"properties":{"man_made":"surveillance","direction":"129","camera:type":"fixed","manufacturer":"Flock Safety","surveillance":"public","surveillance:type":"ALPR","surveillance:zone":"traffic","manufacturer:wikidata":"Q108485435","id":"node/13447172401","_lat":"38.8876924689539","_lon":"-76.95109605789185","timestamp":"2026-01-10T23:03:59Z","version":1,"changeset":177079923,"user":"Wedge A","uid":23307562}},{"type":"Feature","geometry":{"type":"Point","coordinates":[-76.9923999,38.9211288]},"properties":{"man_made":"surveillance","operator":"The Home Depot","direction":"65","camera:type":"fixed","manufacturer":"Flock Safety","operator:wikidata":"Q864407","surveillance:type":"ALPR","manufacturer:wikidata":"Q108485435","id":"node/13143761497","_lat":"38.92112236384057","_lon":"-76.99240207672119","timestamp":"2025-09-15T12:40:21Z","version":2,"changeset":171964046,"user":"hello_moto","uid":22566125}},{"type":"Feature","geometry":{"type":"Point","coordinates":[-76.991559,38.9195741]},"properties":{"man_made":"surveillance","operator":"The Home Depot","direction":"200","camera:type":"fixed","manufacturer":"Flock Safety","operator:wikidata":"Q864407","surveillance:type":"ALPR","manufacturer:wikidata":"Q108485435","id":"node/13143712577","_lat":"38.91956977530924","_lon":"-76.99156522750854","timestamp":"2025-09-15T12:40:21Z","version":2,"changeset":171964046,"user":"hello_moto","uid":22566125}},{"type":"Feature","geometry":{"type":"Point","coordinates":[-76.9948245,38.9001247]},"properties":{"man_made":"surveillance","camera:type":"fixed","manufacturer":"Flock Safety","camera:direction":"81","operator:wikidata":"Q108485435","surveillance:type":"ALPR","id":"node/13158928017","_lat":"38.90011780426886","_lon":"-76.99482679367065","timestamp":"2025-10-20T22:32:09Z","version":2,"changeset":173558136,"user":"floweringnight","uid":19955230}},{"type":"Feature","geometry":{"type":"Point","coordinates":[-76.9965231,38.8941934]},"properties":{"man_made":"surveillance","surveillance:type":"camera","id":"node/12329220884","_lat":"38.89418931999967","_lon":"-76.99652194976807","timestamp":"2024-11-10T22:08:46Z","version":2,"changeset":158987239,"user":"John Kastner","uid":8486808}},{"type":"Feature","geometry":{"type":"Point","coordinates":[-76.9948884,38.8839765]},"properties":{"man_made":"surveillance","operator":"Metro Police Department","direction":"110","camera:type":"fixed","manufacturer":"Flock Safety","surveillance":"public","surveillance:type":"ALPR","surveillance:zone":"traffic","manufacturer:wikidata":"Q108485435","id":"node/13667475401","_lat":"38.8839844881461","_lon":"-76.99489116668701","timestamp":"2026-03-21T18:34:45Z","version":1,"changeset":180220976,"user":"Wedge A","uid":23307562}},{"type":"Feature","geometry":{"type":"Point","coordinates":[-76.9950526,38.8844092]},"properties":{"man_made":"surveillance","camera:type":"fixed","manufacturer":"Flock Safety","camera:direction":"284","operator:wikidata":"Q108485435","surveillance:type":"ALPR","surveillance:zone":"traffic","id":"node/13179006642","_lat":"38.88440206322224","_lon":"-76.99506282806396","timestamp":"2025-10-20T22:33:26Z","version":2,"changeset":173558155,"user":"floweringnight","uid":19955230}},{"type":"Feature","geometry":{"type":"Point","coordinates":[-76.9950803,38.8791983]},"properties":{"man_made":"surveillance","operator":"Metro Police Department","direction":"182","camera:type":"fixed","manufacturer":"Flock Safety","surveillance":"public","surveillance:type":"ALPR","surveillance:zone":"traffic","manufacturer:wikidata":"Q108485435","id":"node/13669753701","_lat":"38.879190550462965","_lon":"-76.99508428573608","timestamp":"2026-03-22T18:06:30Z","version":1,"changeset":180265589,"user":"Wedge A","uid":23307562}},{"type":"Feature","geometry":{"type":"Point","coordinates":[-76.9941518,38.879339]},"properties":{"man_made":"surveillance","operator":"Metro Police Department","direction":"273","camera:type":"fixed","manufacturer":"Flock Safety","surveillance":"public","surveillance:type":"ALPR","surveillance:zone":"traffic","manufacturer:wikidata":"Q108485435","id":"node/13669761201","_lat":"38.87934088791587","_lon":"-76.99416160583496","timestamp":"2026-03-22T18:10:38Z","version":1,"changeset":180265808,"user":"Wedge A","uid":23307562}},{"type":"Feature","geometry":{"type":"Point","coordinates":[-76.9907,38.8693777]},"properties":{"Owner":"US Park Police","man_made":"surveillance","direction":"343-53","camera:type":"fixed","manufacturer":"Flock Safety","surveillance":"public","surveillance:type":"ALPR","surveillance:zone":"traffic","manufacturer:wikidata":"Q108485435","id":"node/13592686901","_lat":"38.86938452084263","_lon":"-76.99070692062378","timestamp":"2026-02-23T12:31:20Z","version":3,"changeset":178941416,"user":"Mavis_B","uid":23860194}},{"type":"Feature","geometry":{"type":"Point","coordinates":[-76.9261611,38.8848667]},"properties":{"man_made":"surveillance","direction":"20","camera:type":"fixed","manufacturer":"Flock Safety","surveillance":"public","surveillance:type":"ALPR","surveillance:zone":"traffic","manufacturer:wikidata":"Q108485435","id":"node/13447203801","_lat":"38.8848697443938","_lon":"-76.9261622428894","timestamp":"2026-01-10T23:24:06Z","version":1,"changeset":177080247,"user":"Wedge A","uid":23307562}},{"type":"Feature","geometry":{"type":"Point","coordinates":[-76.9264515,38.8847103]},"properties":{"man_made":"surveillance","direction":"286","camera:type":"fixed","manufacturer":"Flock Safety","surveillance":"public","surveillance:type":"ALPR","surveillance:zone":"traffic","manufacturer:wikidata":"Q108485435","id":"node/13447201502","_lat":"38.884702715757356","_lon":"-76.92644119262695","timestamp":"2026-01-10T23:21:55Z","version":1,"changeset":177080214,"user":"Wedge A","uid":23307562}},{"type":"Feature","geometry":{"type":"Point","coordinates":[-76.9259681,38.8846172]},"properties":{"man_made":"surveillance","operator":"Metro Police Department","direction":"92","camera:type":"fixed","manufacturer":"Flock Safety","surveillance":"public","surveillance:type":"ALPR","surveillance:zone":"traffic","manufacturer:wikidata":"Q108485435","id":"node/13447204301","_lat":"38.88461920129191","_lon":"-76.92596912384033","timestamp":"2026-01-10T23:25:12Z","version":1,"changeset":177080265,"user":"Wedge A","uid":23307562}},{"type":"Feature","geometry":{"type":"Point","coordinates":[-76.9510488,38.8833769]},"properties":{"man_made":"surveillance","operator":"Metro Police Department","direction":"120","camera:type":"fixed","manufacturer":"Flock Safety","surveillance":"public","surveillance:type":"ALPR","surveillance:zone":"traffic","manufacturer:wikidata":"Q108485435","id":"node/13447159701","_lat":"38.88338317572479","_lon":"-76.95105314254761","timestamp":"2026-01-10T22:43:56Z","version":1,"changeset":177079479,"user":"Wedge A","uid":23307562}},{"type":"Feature","geometry":{"type":"Point","coordinates":[-76.9515379,38.8834382]},"properties":{"man_made":"surveillance","operator":"Metro Police Department","direction":"276","camera:type":"fixed","manufacturer":"Flock Safety","surveillance":"public","surveillance:type":"ALPR","surveillance:zone":"traffic","manufacturer:wikidata":"Q108485435","id":"node/13447159301","_lat":"38.88343328528762","_lon":"-76.95154666900635","timestamp":"2026-01-10T22:42:58Z","version":1,"changeset":177079450,"user":"Wedge A","uid":23307562}},{"type":"Feature","geometry":{"type":"Point","coordinates":[-76.9485478,38.8797213]},"properties":{"man_made":"surveillance","direction":"185","camera:type":"fixed","manufacturer":"Flock Safety","surveillance":"public","surveillance:type":"ALPR","surveillance:zone":"traffic","manufacturer:wikidata":"Q108485435","id":"node/13660083001","_lat":"38.879725082183796","_lon":"-76.94854259490967","timestamp":"2026-03-18T23:02:47Z","version":1,"changeset":180082527,"user":"FiloDo4","uid":23924244}},{"type":"Feature","geometry":{"type":"Point","coordinates":[-76.9590011,38.8795915]},"properties":{"man_made":"surveillance","direction":"77","camera:type":"fixed","manufacturer":"Flock Safety","surveillance":"public","surveillance:type":"ALPR","surveillance:zone":"traffic","manufacturer:wikidata":"Q108485435","id":"node/13660107201","_lat":"38.87959144963054","_lon":"-76.95899248123169","timestamp":"2026-03-18T23:21:52Z","version":1,"changeset":180082824,"user":"FiloDo4","uid":23924244}},{"type":"Feature","geometry":{"type":"Point","coordinates":[-76.9765858,38.8753452]},"properties":{"man_made":"surveillance","direction":"306","camera:type":"fixed","camera:mount":"pole","manufacturer":"Flock Safety","surveillance":"public","surveillance:type":"ALPR","surveillance:zone":"traffic","manufacturer:wikidata":"Q108485435","id":"node/13635201301","_lat":"38.87534848540986","_lon":"-76.97658777236938","timestamp":"2026-03-10T22:52:05Z","version":1,"changeset":179662063,"user":"FiloDo4","uid":23924244}},{"type":"Feature","geometry":{"type":"Point","coordinates":[-76.9484038,38.8731627]},"properties":{"man_made":"surveillance","direction":"353","camera:type":"fixed","manufacturer":"Flock Safety","surveillance":"public","surveillance:type":"ALPR","surveillance:zone":"traffic","manufacturer:wikidata":"Q108485435","id":"node/13660101101","_lat":"38.87316008594709","_lon":"-76.94841384887695","timestamp":"2026-03-18T23:14:07Z","version":1,"changeset":180082723,"user":"FiloDo4","uid":23924244}},{"type":"Feature","geometry":{"type":"Point","coordinates":[-77.0690214,38.8946789]},"properties":{"man_made":"surveillance","direction":"281","camera:type":"fixed","manufacturer":"Flock Safety","surveillance":"public","surveillance:type":"ALPR","surveillance:zone":"traffic","manufacturer:wikidata":"Q108485435","id":"node/13743951501","_lat":"38.89467363727837","_lon":"-77.06902742385864","timestamp":"2026-04-19T22:52:39Z","version":1,"changeset":181557775,"user":"LivelyCorgi8171","uid":23974203}},{"type":"Feature","geometry":{"type":"Point","coordinates":[-77.0714141,38.895198]},"properties":{"man_made":"surveillance","direction":"236","camera:type":"fixed","manufacturer":"Flock Safety","surveillance":"public","surveillance:type":"ALPR","surveillance:zone":"traffic","manufacturer:wikidata":"Q108485435","id":"node/13743950901","_lat":"38.895191352096475","_lon":"-77.07140922546387","timestamp":"2026-04-19T22:52:23Z","version":1,"changeset":181557767,"user":"LivelyCorgi8171","uid":23974203}},{"type":"Feature","geometry":{"type":"Point","coordinates":[-77.0713161,38.895208]},"properties":{"man_made":"surveillance","direction":"227","camera:type":"fixed","manufacturer":"Flock Safety","surveillance":"public","surveillance:type":"ALPR","surveillance:zone":"traffic","manufacturer:wikidata":"Q108485435","id":"node/13676323301","_lat":"38.895208052511634","_lon":"-77.07132339477539","timestamp":"2026-03-24T22:56:39Z","version":1,"changeset":180379949,"user":"LivelyCorgi8171","uid":23974203}},{"type":"Feature","geometry":{"type":"Point","coordinates":[-77.0486822,38.8984623]},"properties":{"man_made":"surveillance","camera:type":"dome","camera:mount":"wall","surveillance:type":"camera","id":"node/5071740121","_lat":"38.89846455842135","_lon":"-77.0486855506897","timestamp":"2026-03-26T22:31:48Z","version":3,"changeset":180478267,"user":"brandonbds","uid":9883637}},{"type":"Feature","geometry":{"type":"Point","coordinates":[-77.0486817,38.8985114]},"properties":{"man_made":"surveillance","camera:type":"fixed","camera:mount":"roof","surveillance:type":"camera","id":"node/5071741921","_lat":"38.898514657345885","_lon":"-77.0486855506897","timestamp":"2026-03-26T22:31:48Z","version":3,"changeset":180478267,"user":"brandonbds","uid":9883637}},{"type":"Feature","geometry":{"type":"Point","coordinates":[-77.0319991,38.9051485]},"properties":{"source":"survey","man_made":"surveillance","camera:type":"dome","camera:mount":"pole","surveillance":"outdoor","surveillance:type":"camera","id":"node/4734366922","_lat":"38.90514410319881","_lon":"-77.031991481781","timestamp":"2021-10-01T04:09:44Z","version":2,"changeset":111942725,"user":"snake21","uid":2591427}},{"type":"Feature","geometry":{"type":"Point","coordinates":[-77.0317945,38.9027464]},"properties":{"source":"survey","man_made":"surveillance","check_date":"2023-10-31","camera:type":"fixed","camera:mount":"wall","surveillance":"outdoor","camera:direction":"225","surveillance:type":"camera","id":"node/4734363429","_lat":"38.90273953946772","_lon":"-77.03179836273193","timestamp":"2023-10-31T17:29:24Z","version":2,"changeset":143434825,"user":"Peter Newman","uid":7096975}},{"type":"Feature","geometry":{"type":"Point","coordinates":[-77.0334468,38.9014463]},"properties":{"man_made":"surveillance","check_date":"2024-07-29","camera:type":"dome","camera:mount":"wall","surveillance":"outdoor","surveillance:type":"camera","surveillance:zone":"street","id":"node/6390824147","_lat":"38.90145373238991","_lon":"-77.03345060348511","timestamp":"2024-07-29T19:32:32Z","version":2,"changeset":154577747,"user":"StrikeMind","uid":20112842}},{"type":"Feature","geometry":{"type":"Point","coordinates":[-77.0321682,38.9023242]},"properties":{"source":"survey","man_made":"surveillance","camera:type":"fixed","camera:mount":"wall","surveillance":"outdoor","camera:direction":"0","surveillance:type":"camera","id":"node/4734363431","_lat":"38.90232207219003","_lon":"-77.03216314315796","timestamp":"2017-03-14T14:45:28Z","version":1,"changeset":46842983,"user":"srevilak","uid":4955841}},{"type":"Feature","geometry":{"type":"Point","coordinates":[-77.0321488,38.9023102]},"properties":{"source":"survey","man_made":"surveillance","camera:type":"fixed","camera:mount":"wall","surveillance":"outdoor","camera:direction":"90","surveillance:type":"camera","id":"node/4734363430","_lat":"38.90230537344789","_lon":"-77.03214168548584","timestamp":"2017-03-14T14:45:28Z","version":1,"changeset":46842983,"user":"srevilak","uid":4955841}},{"type":"Feature","geometry":{"type":"Point","coordinates":[-77.0317712,38.9021332]},"properties":{"source":"survey","man_made":"surveillance","camera:type":"fixed","camera:mount":"pole","surveillance":"outdoor","camera:direction":"310","surveillance:type":"camera","surveillance:zone":"traffic","id":"node/4734363426","_lat":"38.90213838581025","_lon":"-77.03177690505981","timestamp":"2017-03-14T14:45:28Z","version":1,"changeset":46842983,"user":"srevilak","uid":4955841}},{"type":"Feature","geometry":{"type":"Point","coordinates":[-77.0317629,38.9021382]},"properties":{"source":"survey","man_made":"surveillance","camera:type":"fixed","camera:mount":"pole","camera:direction":"315","surveillance:type":"camera","surveillance:zone":"traffic","id":"node/4734363427","_lat":"38.90213838581025","_lon":"-77.0317554473877","timestamp":"2017-03-14T14:45:28Z","version":1,"changeset":46842983,"user":"srevilak","uid":4955841}},{"type":"Feature","geometry":{"type":"Point","coordinates":[-77.0320872,38.9014866]},"properties":{"source":"survey","man_made":"surveillance","camera:type":"dome","camera:mount":"pole","surveillance":"outdoor","surveillance:type":"camera","id":"node/4734348828","_lat":"38.90148713027088","_lon":"-77.03207731246948","timestamp":"2017-03-14T14:37:35Z","version":1,"changeset":46842729,"user":"srevilak","uid":4955841}},{"type":"Feature","geometry":{"type":"Point","coordinates":[-77.0317617,38.9011172]},"properties":{"source":"survey","man_made":"surveillance","camera:type":"fixed","surveillance":"outdoor","camera:direction":"180","surveillance:type":"camera","id":"node/4734348827","_lat":"38.90111975271603","_lon":"-77.0317554473877","timestamp":"2017-03-14T14:37:35Z","version":1,"changeset":46842729,"user":"srevilak","uid":4955841}},{"type":"Feature","geometry":{"type":"Point","coordinates":[-77.0338306,38.9012115]},"properties":{"man_made":"surveillance","camera:type":"fixed","camera:mount":"wall","surveillance":"outdoor","camera:direction":"45","surveillance:type":"camera","surveillance:zone":"street","id":"node/610958924","_lat":"38.90120324778178","_lon":"-77.03383684158325","timestamp":"2021-01-20T11:24:07Z","version":2,"changeset":97833216,"user":"wvdp","uid":436419}},{"type":"Feature","geometry":{"type":"Point","coordinates":[-77.0325172,38.9000905]},"properties":{"source":"survey","man_made":"surveillance","check_date":"2023-07-23","camera:type":"fixed","camera:mount":"wall","surveillance":"outdoor","camera:direction":"270","surveillance:type":"camera","surveillance:zone":"entrance","id":"node/4734332212","_lat":"38.90008440574377","_lon":"-77.03252792358398","timestamp":"2023-07-23T22:23:52Z","version":2,"changeset":138912668,"user":"konstantintutsch","uid":19626868}},{"type":"Feature","geometry":{"type":"Point","coordinates":[-77.0317783,38.900122]},"properties":{"source":"survey","man_made":"surveillance","check_date":"2023-10-29","camera:type":"dome","camera:mount":"pole","surveillance":"outdoor","surveillance:type":"camera","id":"node/4734332211","_lat":"38.90011780426886","_lon":"-77.03177690505981","timestamp":"2023-10-29T19:05:09Z","version":2,"changeset":143327131,"user":"Peter Newman","uid":7096975}},{"type":"Feature","geometry":{"type":"Point","coordinates":[-77.0340977,38.8985334]},"properties":{"name":"345","height":"10","man_made":"surveillance","camera:type":"dome","camera:mount":"pole","surveillance":"public","surveillance:type":"camera","surveillance:zone":"building","id":"node/4838971242","_lat":"38.89853135697953","_lon":"-77.03409433364868","timestamp":"2020-12-23T09:51:46Z","version":3,"changeset":96312708,"user":"nickvet419","uid":18480}},{"type":"Feature","geometry":{"type":"Point","coordinates":[-77.0348884,38.8990023]},"properties":{"name":"448","height":"30","man_made":"surveillance","check_date":"2023-09-01","camera:type":"panning","camera:mount":"roof","surveillance":"public","camera:direction":"180","surveillance:type":"camera","surveillance:zone":"building","id":"node/4838971231","_lat":"38.898998945127516","_lon":"-77.03488826751709","timestamp":"2023-09-01T10:15:18Z","version":3,"changeset":140671934,"user":"MBTY1","uid":6237857}},{"type":"Feature","geometry":{"type":"Point","coordinates":[-77.0348155,38.8990144]},"properties":{"name":"449","height":"30","man_made":"surveillance","check_date":"2023-09-01","camera:type":"dome","camera:mount":"roof","surveillance":"public","camera:direction":"100-260","surveillance:type":"camera","surveillance:zone":"building","id":"node/4838971232","_lat":"38.89901564464728","_lon":"-77.03482389450073","timestamp":"2023-09-01T10:15:15Z","version":2,"changeset":140671934,"user":"MBTY1","uid":6237857}},{"type":"Feature","geometry":{"type":"Point","coordinates":[-77.0347266,38.8988785]},"properties":{"name":"362","height":"10","man_made":"surveillance","check_date":"2023-09-01","camera:type":"dome","camera:mount":"pole","surveillance":"public","surveillance:type":"camera","surveillance:zone":"building","id":"node/4838971259","_lat":"38.89888204837919","_lon":"-77.03471660614014","timestamp":"2025-05-03T21:03:36Z","version":3,"changeset":165777176,"user":"Flap Slimy Outward","uid":22417964}},{"type":"Feature","geometry":{"type":"Point","coordinates":[-77.0346233,38.8988784]},"properties":{"name":"363","height":"10","man_made":"surveillance","check_date":"2023-09-01","camera:type":"dome","camera:mount":"pole","surveillance":"public","surveillance:type":"camera","surveillance:zone":"building","id":"node/4838971260","_lat":"38.89888204837919","_lon":"-77.03463077545166","timestamp":"2025-05-03T21:03:36Z","version":3,"changeset":165777176,"user":"Flap Slimy Outward","uid":22417964}},{"type":"Feature","geometry":{"type":"Point","coordinates":[-77.0344703,38.8985289]},"properties":{"name":"344","height":"10","man_made":"surveillance","camera:type":"dome","camera:mount":"pole","surveillance":"public","surveillance:type":"camera","surveillance:zone":"building","id":"node/4838971241","_lat":"38.89853135697953","_lon":"-77.03448057174683","timestamp":"2020-12-23T09:51:46Z","version":3,"changeset":96312708,"user":"nickvet419","uid":18480}},{"type":"Feature","geometry":{"type":"Point","coordinates":[-77.0353018,38.8985404]},"properties":{"name":"343","height":"10","man_made":"surveillance","camera:type":"dome","camera:mount":"pole","surveillance":"public","surveillance:type":"camera","surveillance:zone":"building","id":"node/4838971240","_lat":"38.898548056609286","_lon":"-77.03529596328735","timestamp":"2020-12-22T07:16:57Z","version":2,"changeset":96237727,"user":"nickvet419","uid":18480}},{"type":"Feature","geometry":{"type":"Point","coordinates":[-77.0353765,38.8985361]},"properties":{"name":"342","height":"10","man_made":"surveillance","camera:type":"dome","camera:mount":"pole","surveillance":"public","surveillance:type":"camera","surveillance:zone":"building","id":"node/4838971239","_lat":"38.89853135697953","_lon":"-77.03538179397583","timestamp":"2020-12-22T07:16:57Z","version":2,"changeset":96237727,"user":"nickvet419","uid":18480}},{"type":"Feature","geometry":{"type":"Point","coordinates":[-77.0354667,38.8984428]},"properties":{"name":"335","height":"5","man_made":"surveillance","check_date":"2023-09-01","camera:type":"panning","camera:mount":"pole","surveillance":"outdoor","camera:direction":"0-90","surveillance:type":"camera","surveillance:zone":"building","id":"node/4838969212","_lat":"38.89844785877199","_lon":"-77.0354676246643","timestamp":"2023-09-01T10:14:46Z","version":2,"changeset":140671934,"user":"MBTY1","uid":6237857}},{"type":"Feature","geometry":{"type":"Point","coordinates":[-77.0353892,38.8988813]},"properties":{"name":"360","height":"10","man_made":"surveillance","camera:type":"dome","camera:mount":"pole","surveillance":"public","surveillance:type":"camera","surveillance:zone":"building","id":"node/4838971257","_lat":"38.89888204837919","_lon":"-77.03538179397583","timestamp":"2020-12-29T09:25:40Z","version":2,"changeset":96587576,"user":"nickvet419","uid":18480}},{"type":"Feature","geometry":{"type":"Point","coordinates":[-77.0353557,38.8988819]},"properties":{"name":"361","height":"10","man_made":"surveillance","camera:type":"dome","camera:mount":"pole","surveillance":"public","surveillance:type":"camera","surveillance:zone":"building","id":"node/4838971258","_lat":"38.89888204837919","_lon":"-77.03536033630371","timestamp":"2020-12-29T09:25:40Z","version":2,"changeset":96587576,"user":"nickvet419","uid":18480}},{"type":"Feature","geometry":{"type":"Point","coordinates":[-77.0359054,38.8988764]},"properties":{"name":"359","height":"10","man_made":"surveillance","camera:type":"dome","camera:mount":"pole","surveillance":"public","surveillance:type":"camera","surveillance:zone":"building","id":"node/4838971256","_lat":"38.89888204837919","_lon":"-77.03589677810669","timestamp":"2020-12-29T09:25:40Z","version":2,"changeset":96587576,"user":"nickvet419","uid":18480}},{"type":"Feature","geometry":{"type":"Point","coordinates":[-77.0359745,38.8988764]},"properties":{"name":"358","height":"10","man_made":"surveillance","camera:type":"dome","camera:mount":"pole","surveillance":"public","surveillance:type":"camera","surveillance:zone":"building","id":"node/4838971255","_lat":"38.89888204837919","_lon":"-77.03598260879517","timestamp":"2020-12-29T09:25:40Z","version":2,"changeset":96587576,"user":"nickvet419","uid":18480}},{"type":"Feature","geometry":{"type":"Point","coordinates":[-77.0359258,38.898534]},"properties":{"name":"341","height":"10","man_made":"surveillance","camera:type":"dome","camera:mount":"pole","surveillance":"public","surveillance:type":"camera","surveillance:zone":"building","id":"node/4838971238","_lat":"38.89853135697953","_lon":"-77.03591823577881","timestamp":"2020-12-22T07:16:57Z","version":2,"changeset":96237727,"user":"nickvet419","uid":18480}},{"type":"Feature","geometry":{"type":"Point","coordinates":[-77.0359746,38.898537]},"properties":{"name":"340","height":"10","man_made":"surveillance","camera:type":"dome","camera:mount":"pole","surveillance":"public","surveillance:type":"camera","surveillance:zone":"building","id":"node/4838971237","_lat":"38.89853135697953","_lon":"-77.03598260879517","timestamp":"2020-12-22T07:16:57Z","version":2,"changeset":96237727,"user":"nickvet419","uid":18480}},{"type":"Feature","geometry":{"type":"Point","coordinates":[-77.036581,38.8985314]},"properties":{"name":"338","height":"10","man_made":"surveillance","camera:type":"dome","camera:mount":"pole","surveillance":"public","surveillance:type":"camera","surveillance:zone":"building","id":"node/4838971235","_lat":"38.89853135697953","_lon":"-77.0365834236145","timestamp":"2020-12-22T07:16:57Z","version":2,"changeset":96237727,"user":"nickvet419","uid":18480}},{"type":"Feature","geometry":{"type":"Point","coordinates":[-77.0365258,38.8985285]},"properties":{"name":"339","height":"10","man_made":"surveillance","camera:type":"dome","camera:mount":"pole","surveillance":"public","surveillance:type":"camera","surveillance:zone":"building","id":"node/4838971236","_lat":"38.89853135697953","_lon":"-77.03651905059814","timestamp":"2020-12-22T07:16:57Z","version":2,"changeset":96237727,"user":"nickvet419","uid":18480}},{"type":"Feature","geometry":{"type":"Point","coordinates":[-77.0370718,38.8985309]},"properties":{"name":"336","height":"10","man_made":"surveillance","camera:type":"dome","camera:mount":"pole","surveillance":"public","surveillance:type":"camera","surveillance:zone":"building","id":"node/4838971233","_lat":"38.89853135697953","_lon":"-77.03707695007324","timestamp":"2020-12-22T07:16:57Z","version":2,"changeset":96237727,"user":"nickvet419","uid":18480}},{"type":"Feature","geometry":{"type":"Point","coordinates":[-77.0370675,38.8988758]},"properties":{"name":"355","height":"10","man_made":"surveillance","camera:type":"dome","camera:mount":"pole","surveillance":"public","surveillance:type":"camera","surveillance:zone":"building","id":"node/4838971252","_lat":"38.89888204837919","_lon":"-77.03707695007324","timestamp":"2020-12-29T09:25:40Z","version":2,"changeset":96587576,"user":"nickvet419","uid":18480}},{"type":"Feature","geometry":{"type":"Point","coordinates":[-77.0365733,38.8988766]},"properties":{"name":"356","height":"10","man_made":"surveillance","camera:type":"dome","camera:mount":"pole","surveillance":"public","surveillance:type":"camera","surveillance:zone":"building","id":"node/4838971253","_lat":"38.89888204837919","_lon":"-77.0365834236145","timestamp":"2020-12-29T09:25:40Z","version":2,"changeset":96587576,"user":"nickvet419","uid":18480}},{"type":"Feature","geometry":{"type":"Point","coordinates":[-77.0364975,38.8988765]},"properties":{"name":"357","height":"10","man_made":"surveillance","camera:type":"dome","camera:mount":"pole","surveillance":"public","surveillance:type":"camera","surveillance:zone":"building","id":"node/4838971254","_lat":"38.89888204837919","_lon":"-77.03649759292603","timestamp":"2020-12-29T09:25:40Z","version":2,"changeset":96587576,"user":"nickvet419","uid":18480}},{"type":"Feature","geometry":{"type":"Point","coordinates":[-77.0383191,38.8989525]},"properties":{"name":"445","height":"20","man_made":"surveillance","check_date":"2023-09-01","camera:type":"dome","camera:mount":"roof","surveillance":"public","surveillance:type":"camera","surveillance:zone":"building","id":"node/4838971228","_lat":"38.89894884654467","_lon":"-77.03832149505615","timestamp":"2023-09-01T10:14:09Z","version":2,"changeset":140671934,"user":"MBTY1","uid":6237857}},{"type":"Feature","geometry":{"type":"Point","coordinates":[-77.0382064,38.8989542]},"properties":{"name":"447","height":"30","man_made":"surveillance","check_date":"2023-09-01","camera:type":"panning","camera:mount":"roof","surveillance":"public","camera:direction":"100-260","surveillance:type":"camera","surveillance:zone":"building","id":"node/4838971230","_lat":"38.89894884654467","_lon":"-77.03821420669556","timestamp":"2023-09-01T10:14:06Z","version":2,"changeset":140671934,"user":"MBTY1","uid":6237857}},{"type":"Feature","geometry":{"type":"Point","coordinates":[-77.0381556,38.8989404]},"properties":{"name":"446","height":"30","man_made":"surveillance","check_date":"2023-09-01","camera:type":"panning","camera:mount":"roof","surveillance":"public","camera:direction":"100-260","surveillance:type":"camera","surveillance:zone":"building","id":"node/4838971229","_lat":"38.89893214700919","_lon":"-77.0381498336792","timestamp":"2023-09-01T10:14:04Z","version":2,"changeset":140671934,"user":"MBTY1","uid":6237857}},{"type":"Feature","geometry":{"type":"Point","coordinates":[-77.0380458,38.898874]},"properties":{"name":"351","height":"10","man_made":"surveillance","check_date":"2023-09-01","camera:type":"dome","camera:mount":"pole","surveillance":"public","surveillance:type":"camera","surveillance:zone":"building","id":"node/4838971248","_lat":"38.89888204837919","_lon":"-77.0380425453186","timestamp":"2023-09-01T10:14:00Z","version":2,"changeset":140671934,"user":"MBTY1","uid":6237857}},{"type":"Feature","geometry":{"type":"Point","coordinates":[-77.0376971,38.8988747]},"properties":{"name":"352","height":"10","man_made":"surveillance","camera:type":"dome","camera:mount":"pole","surveillance":"public","surveillance:type":"camera","surveillance:zone":"building","id":"node/4838971249","_lat":"38.89888204837919","_lon":"-77.0376992225647","timestamp":"2020-12-29T09:25:40Z","version":2,"changeset":96587576,"user":"nickvet419","uid":18480}},{"type":"Feature","geometry":{"type":"Point","coordinates":[-77.0376267,38.8988748]},"properties":{"name":"353","height":"10","man_made":"surveillance","camera:type":"dome","camera:mount":"pole","surveillance":"public","surveillance:type":"camera","surveillance:zone":"building","id":"node/4838971250","_lat":"38.89888204837919","_lon":"-77.03763484954834","timestamp":"2020-12-29T09:25:40Z","version":2,"changeset":96587576,"user":"nickvet419","uid":18480}},{"type":"Feature","geometry":{"type":"Point","coordinates":[-77.0371024,38.8988758]},"properties":{"name":"354","height":"10","man_made":"surveillance","camera:type":"dome","camera:mount":"pole","surveillance":"public","surveillance:type":"camera","surveillance:zone":"building","id":"node/4838971251","_lat":"38.89888204837919","_lon":"-77.03709840774536","timestamp":"2020-12-29T09:25:40Z","version":2,"changeset":96587576,"user":"nickvet419","uid":18480}},{"type":"Feature","geometry":{"type":"Point","coordinates":[-77.037314,38.898533]},"properties":{"name":"320","height":"5","man_made":"surveillance","check_date":"2023-09-01","camera:type":"dome","camera:mount":"pole","surveillance":"outdoor","surveillance:type":"camera","surveillance:zone":"building","id":"node/4838971226","_lat":"38.89853135697953","_lon":"-77.03731298446655","timestamp":"2023-09-01T10:12:36Z","version":2,"changeset":140671934,"user":"MBTY1","uid":6237857}},{"type":"Feature","geometry":{"type":"Point","coordinates":[-77.0371297,38.8985324]},"properties":{"name":"337","height":"10","man_made":"surveillance","camera:type":"dome","camera:mount":"pole","surveillance":"public","surveillance:type":"camera","surveillance:zone":"building","id":"node/4838971234","_lat":"38.89853135697953","_lon":"-77.03711986541748","timestamp":"2020-12-22T07:16:57Z","version":2,"changeset":96237727,"user":"nickvet419","uid":18480}},{"type":"Feature","geometry":{"type":"Point","coordinates":[-77.037419,38.8985241]},"properties":{"name":"319","height":"5","man_made":"surveillance","check_date":"2023-09-01","camera:type":"panning","camera:mount":"pole","surveillance":"outdoor","camera:direction":"180-360","surveillance:type":"camera","surveillance:zone":"building","id":"node/4838971227","_lat":"38.89853135697953","_lon":"-77.03742027282715","timestamp":"2025-05-01T06:16:38Z","version":3,"changeset":165660179,"user":"nickvet419","uid":18480}},{"type":"Feature","geometry":{"type":"Point","coordinates":[-77.0376781,38.8985515]},"properties":{"name":"347","height":"10","man_made":"surveillance","camera:type":"dome","camera:mount":"pole","surveillance":"public","surveillance:type":"camera","surveillance:zone":"building","id":"node/4838971244","_lat":"38.898548056609286","_lon":"-77.03767776489258","timestamp":"2020-12-22T07:16:57Z","version":2,"changeset":96237727,"user":"nickvet419","uid":18480}},{"type":"Feature","geometry":{"type":"Point","coordinates":[-77.0376236,38.8985501]},"properties":{"name":"346","height":"10","man_made":"surveillance","camera:type":"dome","camera:mount":"pole","surveillance":"public","surveillance:type":"camera","surveillance:zone":"building","id":"node/4838971243","_lat":"38.898548056609286","_lon":"-77.03761339187622","timestamp":"2020-12-22T07:16:57Z","version":2,"changeset":96237727,"user":"nickvet419","uid":18480}},{"type":"Feature","geometry":{"type":"Point","coordinates":[-77.038058,38.89854]},"properties":{"name":"348","height":"10","man_made":"surveillance","camera:type":"dome","camera:mount":"pole","surveillance":"public","surveillance:type":"camera","surveillance:zone":"building","id":"node/4838971245","_lat":"38.898548056609286","_lon":"-77.03806400299072","timestamp":"2020-12-22T07:16:57Z","version":2,"changeset":96237727,"user":"nickvet419","uid":18480}},{"type":"Feature","geometry":{"type":"Point","coordinates":[-77.0378507,38.8985515]},"properties":{"name":"318","height":"5","man_made":"surveillance","camera:type":"panning","camera:mount":"pole","surveillance":"outdoor","camera:direction":"0-180","surveillance:type":"camera","surveillance:zone":"building","id":"node/4838971225","_lat":"38.898548056609286","_lon":"-77.03784942626953","timestamp":"2020-12-23T10:19:02Z","version":3,"changeset":96314776,"user":"nickvet419","uid":18480}},{"type":"Feature","geometry":{"type":"Point","coordinates":[-77.0378729,38.8984883]},"properties":{"name":"317","height":"5","man_made":"surveillance","check_date":"2023-09-01","camera:type":"panning","camera:mount":"pole","surveillance":"outdoor","camera:direction":"180-360","surveillance:type":"camera","surveillance:zone":"building","id":"node/4838971224","_lat":"38.898481258066795","_lon":"-77.03787088394165","timestamp":"2023-09-01T10:12:38Z","version":2,"changeset":140671934,"user":"MBTY1","uid":6237857}},{"type":"Feature","geometry":{"type":"Point","coordinates":[-77.0381144,38.89854]},"properties":{"name":"349","height":"10","man_made":"surveillance","camera:type":"dome","camera:mount":"pole","surveillance":"public","surveillance:type":"camera","surveillance:zone":"building","id":"node/4838971246","_lat":"38.898548056609286","_lon":"-77.03810691833496","timestamp":"2020-12-22T07:16:57Z","version":2,"changeset":96237727,"user":"nickvet419","uid":18480}},{"type":"Feature","geometry":{"type":"Point","coordinates":[-77.0381044,38.8988502]},"properties":{"name":"350","height":"10","man_made":"surveillance","check_date":"2023-09-01","camera:type":"dome","camera:mount":"pole","surveillance":"public","surveillance:type":"camera","surveillance:zone":"building","id":"node/4838971247","_lat":"38.89884864927288","_lon":"-77.03810691833496","timestamp":"2023-09-01T10:14:02Z","version":2,"changeset":140671934,"user":"MBTY1","uid":6237857}},{"type":"Feature","geometry":{"type":"Point","coordinates":[-77.0396042,38.8952994]},"properties":{"name":"303","height":"5","man_made":"surveillance","check_date":"2022-01-02","camera:type":"dome","camera:mount":"wall","surveillance":"public","surveillance:type":"camera","surveillance:zone":"building","id":"node/4838919079","_lat":"38.89529155452857","_lon":"-77.0396089553833","timestamp":"2022-01-02T18:05:48Z","version":2,"changeset":115680090,"user":"Pyrox","uid":11047726}},{"type":"Feature","geometry":{"type":"Point","coordinates":[-77.0373773,38.8982918]},"properties":{"name":"223","height":"5","man_made":"surveillance","check_date":"2023-09-01","camera:type":"dome","camera:mount":"pole","surveillance":"outdoor","surveillance:type":"camera","surveillance:zone":"building","id":"node/4838971222","_lat":"38.89829756175095","_lon":"-77.03737735748291","timestamp":"2025-10-21T13:29:56Z","version":3,"changeset":173582749,"user":"nickvet419","uid":18480}},{"type":"Feature","geometry":{"type":"Point","coordinates":[-77.0365412,38.8979878]},"properties":{"name":"326","height":"1","man_made":"surveillance","check_date":"2023-09-01","camera:type":"dome","camera:mount":"pole","surveillance":"outdoor","surveillance:type":"camera","surveillance:zone":"building","id":"node/4838969218","_lat":"38.89798026699526","_lon":"-77.03654050827026","timestamp":"2025-05-03T21:03:36Z","version":3,"changeset":165777176,"user":"Flap Slimy Outward","uid":22417964}},{"type":"Feature","geometry":{"type":"Point","coordinates":[-77.0369591,38.8980883]},"properties":{"name":"325","height":"1","man_made":"surveillance","check_date":"2023-09-01","camera:type":"panning","camera:mount":"pole","surveillance":"outdoor","camera:direction":"270-360","surveillance:type":"camera","surveillance:zone":"building","id":"node/4838969220","_lat":"38.89808046549231","_lon":"-77.03696966171265","timestamp":"2023-09-01T10:12:41Z","version":2,"changeset":140671934,"user":"MBTY1","uid":6237857}},{"type":"Feature","geometry":{"type":"Point","coordinates":[-77.0361149,38.8980711]},"properties":{"name":"327","height":"1","man_made":"surveillance","check_date":"2023-05-17","camera:type":"panning","camera:mount":"pole","surveillance":"outdoor","camera:direction":"0-90","surveillance:type":"camera","surveillance:zone":"building","id":"node/4838969219","_lat":"38.898063765752624","_lon":"-77.03611135482788","timestamp":"2023-05-17T22:08:22Z","version":2,"changeset":136230869,"user":"StreetIncomplete","uid":10159071}},{"type":"Feature","geometry":{"type":"Point","coordinates":[-77.0354068,38.8983355]},"properties":{"name":"334","height":"5","man_made":"surveillance","check_date":"2023-09-01","camera:type":"panning","camera:mount":"pole","surveillance":"outdoor","camera:direction":"90-180","surveillance:type":"camera","surveillance:zone":"building","id":"node/4838969211","_lat":"38.89833096111647","_lon":"-77.03540325164795","timestamp":"2023-09-01T10:14:47Z","version":2,"changeset":140671934,"user":"MBTY1","uid":6237857}},{"type":"Feature","geometry":{"type":"Point","coordinates":[-77.0337883,38.8957781]},"properties":{"name":"314","height":"5","man_made":"surveillance","check_date":"2023-09-01","camera:type":"dome","camera:mount":"pole","surveillance":"public","surveillance:type":"camera","surveillance:zone":"building","id":"node/4838919096","_lat":"38.89577586429073","_lon":"-77.03379392623901","timestamp":"2023-09-01T10:17:29Z","version":2,"changeset":140671934,"user":"MBTY1","uid":6237857}},{"type":"Feature","geometry":{"type":"Point","coordinates":[-77.0331796,38.8952673]},"properties":{"name":"292","height":"30","man_made":"surveillance","check_date":"2023-09-01","camera:type":"dome","camera:mount":"roof","surveillance":"public","surveillance:type":"camera","surveillance:zone":"building","id":"node/4838919097","_lat":"38.89527485413305","_lon":"-77.03317165374756","timestamp":"2023-09-01T10:20:07Z","version":2,"changeset":140671934,"user":"MBTY1","uid":6237857}},{"type":"Feature","geometry":{"type":"Point","coordinates":[-77.0317353,38.8953127]},"properties":{"source":"survey","man_made":"surveillance","check_date":"2024-12-27","camera:type":"dome","camera:mount":"pole","surveillance":"outdoor","surveillance:type":"camera","id":"node/4734332965","_lat":"38.89530825492017","_lon":"-77.03173398971558","timestamp":"2024-12-27T17:14:56Z","version":2,"changeset":160685426,"user":"Sparks","uid":80285}},{"type":"Feature","geometry":{"type":"Point","coordinates":[-77.0317161,38.8953127]},"properties":{"source":"survey","man_made":"surveillance","check_date":"2024-12-27","camera:type":"dome","surveillance":"outdoor","surveillance:type":"camera","id":"node/4734332966","_lat":"38.89530825492017","_lon":"-77.03171253204346","timestamp":"2024-12-27T17:15:04Z","version":2,"changeset":160685426,"user":"Sparks","uid":80285}},{"type":"Feature","geometry":{"type":"Point","coordinates":[-77.0322136,38.8952292]},"properties":{"source":"survey","man_made":"surveillance","check_date":"2023-09-01","camera:type":"fixed","camera:mount":"pole","surveillance":"outdoor","surveillance:type":"camera","id":"node/4734332964","_lat":"38.89522475292287","_lon":"-77.0322060585022","timestamp":"2023-09-01T10:19:59Z","version":2,"changeset":140671934,"user":"MBTY1","uid":6237857}},{"type":"Feature","geometry":{"type":"Point","coordinates":[-77.0334965,38.8946019]},"properties":{"name":"290","height":"5","man_made":"surveillance","check_date":"2023-09-01","camera:type":"dome","camera:mount":"pole","surveillance":"public","surveillance:type":"camera","surveillance:zone":"building","id":"node/4838919099","_lat":"38.89460683509145","_lon":"-77.03349351882935","timestamp":"2023-09-01T10:17:31Z","version":2,"changeset":140671934,"user":"MBTY1","uid":6237857}},{"type":"Feature","geometry":{"type":"Point","coordinates":[-77.0333374,38.8952449]},"properties":{"name":"291","height":"30","man_made":"surveillance","check_date":"2023-04-13","camera:type":"dome","camera:mount":"roof","surveillance":"public","surveillance:type":"camera","surveillance:zone":"building","id":"node/4838919098","_lat":"38.895241453330186","_lon":"-77.03334331512451","timestamp":"2023-04-13T16:29:19Z","version":2,"changeset":134869019,"user":"Peter Newman","uid":7096975}},{"type":"Feature","geometry":{"type":"Point","coordinates":[-77.0354208,38.8947004]},"properties":{"name":"295","height":"5","man_made":"surveillance","check_date":"2023-09-01","camera:type":"dome","camera:mount":"pole","surveillance":"public","surveillance:type":"camera","surveillance:zone":"building","id":"node/4838919067","_lat":"38.89470703834826","_lon":"-77.03542470932007","timestamp":"2023-09-01T10:18:10Z","version":2,"changeset":140671934,"user":"MBTY1","uid":6237857}},{"type":"Feature","geometry":{"type":"Point","coordinates":[-77.0353625,38.894689]},"properties":{"name":"294","man_made":"surveillance","check_date":"2023-09-01","camera:type":"dome","camera:mount":"pole","surveillance":"public","surveillance:type":"camera","surveillance:zone":"building","id":"node/4838919068","_lat":"38.89469033781529","_lon":"-77.03536033630371","timestamp":"2024-03-28T00:17:01Z","version":3,"changeset":149247036,"user":"Bman","uid":2376}},{"type":"Feature","geometry":{"type":"Point","coordinates":[-77.0365528,38.8953126]},"properties":{"man_made":"surveillance","direction":"0","camera:type":"fixed","manufacturer":"Flock Safety","surveillance":"public","surveillance:type":"ALPR","surveillance:zone":"traffic","manufacturer:wikidata":"Q108485435","id":"node/13391844401","_lat":"38.89530825492017","_lon":"-77.03656196594238","timestamp":"2025-12-21T00:39:15Z","version":1,"changeset":176201045,"user":"cstryker","uid":23442953}},{"type":"Feature","geometry":{"type":"Point","coordinates":[-77.035794,38.8952111]},"properties":{"name":"296","height":"5","man_made":"surveillance","camera:type":"dome","camera:mount":"pole","surveillance":"public","surveillance:type":"camera","surveillance:zone":"building","id":"node/4838919080","_lat":"38.895208052511634","_lon":"-77.0357894897461","timestamp":"2020-12-27T18:39:09Z","version":2,"changeset":96494772,"user":"nickvet419","uid":18480}},{"type":"Feature","geometry":{"type":"Point","coordinates":[-77.0352852,38.8954763]},"properties":{"name":"300","height":"5","man_made":"surveillance","camera:type":"panning","camera:mount":"pole","surveillance":"public","camera:direction":"45-135","surveillance:type":"camera","surveillance:zone":"building","id":"node/4838919095","_lat":"38.89547525862025","_lon":"-77.03527450561523","timestamp":"2017-05-06T18:23:45Z","version":1,"changeset":48458678,"user":"rouvinator","uid":5533199}},{"type":"Feature","geometry":{"type":"Point","coordinates":[-77.0360545,38.8957194]},"properties":{"name":"369","height":"1","man_made":"surveillance","camera:type":"dome","camera:mount":"pole","surveillance":"outdoor","surveillance:type":"camera","surveillance:zone":"building","id":"node/4838919086","_lat":"38.89572576343403","_lon":"-77.03604698181152","timestamp":"2017-05-06T18:23:44Z","version":1,"changeset":48458678,"user":"rouvinator","uid":5533199}},{"type":"Feature","geometry":{"type":"Point","coordinates":[-77.0356746,38.8956954]},"properties":{"name":"257","height":"5","man_made":"surveillance","camera:type":"fixed","camera:mount":"pole","surveillance":"outdoor","camera:direction":"100-240","surveillance:type":"camera","surveillance:zone":"building","id":"node/4838919087","_lat":"38.89569236284325","_lon":"-77.0356822013855","timestamp":"2017-05-06T18:23:44Z","version":1,"changeset":48458678,"user":"rouvinator","uid":5533199}},{"type":"Feature","geometry":{"type":"Point","coordinates":[-77.0355995,38.8957573]},"properties":{"name":"298","height":"5","man_made":"surveillance","camera:type":"dome","camera:mount":"pole","surveillance":"outdoor","camera:direction":"100-230","surveillance:type":"camera","surveillance:zone":"building","id":"node/4838919088","_lat":"38.89575916400909","_lon":"-77.03559637069702","timestamp":"2017-05-06T18:23:44Z","version":1,"changeset":48458678,"user":"rouvinator","uid":5533199}},{"type":"Feature","geometry":{"type":"Point","coordinates":[-77.0365803,38.8957091]},"properties":{"name":"365","height":"1","man_made":"surveillance","check_date":"2023-09-01","camera:type":"panning","camera:mount":"pole","surveillance":"outdoor","camera:direction":"30-150","surveillance:type":"camera","surveillance:zone":"building","id":"node/4838919084","_lat":"38.89570906314057","_lon":"-77.0365834236145","timestamp":"2023-09-01T10:12:27Z","version":2,"changeset":140671934,"user":"MBTY1","uid":6237857}},{"type":"Feature","geometry":{"type":"Point","coordinates":[-77.0361694,38.8957091]},"properties":{"name":"364","height":"1","man_made":"surveillance","check_date":"2023-09-01","camera:type":"panning","camera:mount":"pole","surveillance":"outdoor","camera:direction":"230-330","surveillance:type":"camera","surveillance:zone":"building","id":"node/4838919085","_lat":"38.89570906314057","_lon":"-77.03617572784424","timestamp":"2023-09-01T10:12:27Z","version":2,"changeset":140671934,"user":"MBTY1","uid":6237857}},{"type":"Feature","geometry":{"type":"Point","coordinates":[-77.0366333,38.8956988]},"properties":{"name":"367","height":"1","man_made":"surveillance","check_date":"2023-09-01","camera:type":"panning","camera:mount":"pole","surveillance":"outdoor","camera:direction":"230-330","surveillance:type":"camera","surveillance:zone":"building","id":"node/4838919083","_lat":"38.89569236284325","_lon":"-77.03662633895874","timestamp":"2023-09-01T10:12:27Z","version":2,"changeset":140671934,"user":"MBTY1","uid":6237857}},{"type":"Feature","geometry":{"type":"Point","coordinates":[-77.0369647,38.8957057]},"properties":{"name":"370","height":"1","man_made":"surveillance","check_date":"2023-09-01","camera:type":"dome","camera:mount":"pole","surveillance":"outdoor","surveillance:type":"camera","surveillance:zone":"building","id":"node/4838919082","_lat":"38.89570906314057","_lon":"-77.03696966171265","timestamp":"2023-09-01T10:12:28Z","version":2,"changeset":140671934,"user":"MBTY1","uid":6237857}},{"type":"Feature","geometry":{"type":"Point","coordinates":[-77.0372032,38.8956541]},"properties":{"name":"371","height":"1","man_made":"surveillance","check_date":"2023-09-01","camera:type":"fixed","camera:mount":"pole","surveillance":"outdoor","camera:direction":"0-90","surveillance:type":"camera","surveillance:zone":"building","id":"node/4838919081","_lat":"38.89565896223672","_lon":"-77.03720569610596","timestamp":"2023-09-01T10:12:28Z","version":2,"changeset":140671934,"user":"MBTY1","uid":6237857}},{"type":"Feature","geometry":{"type":"Point","coordinates":[-77.0375213,38.8952346]},"properties":{"name":"301","height":"5","man_made":"surveillance","check_date":"2022-01-02","camera:type":"dome","camera:mount":"pole","surveillance":"public","surveillance:type":"camera","surveillance:zone":"building","id":"node/4838919074","_lat":"38.895241453330186","_lon":"-77.03752756118774","timestamp":"2022-01-02T18:04:38Z","version":2,"changeset":115680090,"user":"Pyrox","uid":11047726}},{"type":"Feature","geometry":{"type":"Point","coordinates":[-77.0377204,38.8946437]},"properties":{"name":"305","height":"5","man_made":"surveillance","check_date":"2022-01-02","camera:type":"dome","camera:mount":"pole","surveillance":"public","surveillance:type":"camera","surveillance:zone":"building","id":"node/4838919066","_lat":"38.89464023619277","_lon":"-77.03772068023682","timestamp":"2022-01-02T18:04:34Z","version":2,"changeset":115680090,"user":"Pyrox","uid":11047726}},{"type":"Feature","geometry":{"type":"Point","coordinates":[-77.037684,38.8946721]},"properties":{"name":"304","height":"5","man_made":"surveillance","check_date":"2022-01-02","camera:type":"dome","camera:mount":"pole","surveillance":"public","surveillance:type":"camera","surveillance:zone":"building","id":"node/4838919065","_lat":"38.89467363727837","_lon":"-77.03767776489258","timestamp":"2022-01-02T18:04:34Z","version":2,"changeset":115680090,"user":"Pyrox","uid":11047726}},{"type":"Feature","geometry":{"type":"Point","coordinates":[-77.037997,38.8934939]},"properties":{"name":"306","height":"5","man_made":"surveillance","check_date":"2022-01-02","camera:type":"dome","camera:mount":"pole","surveillance":"public","surveillance:type":"camera","surveillance:zone":"building","id":"node/4838919064","_lat":"38.89348788912005","_lon":"-77.03799962997437","timestamp":"2022-01-02T17:59:01Z","version":2,"changeset":115680090,"user":"Pyrox","uid":11047726}},{"type":"Feature","geometry":{"type":"Point","coordinates":[-77.0380479,38.8935279]},"properties":{"name":"307","height":"5","man_made":"surveillance","check_date":"2022-01-02","camera:type":"dome","camera:mount":"pole","surveillance":"public","surveillance:type":"camera","surveillance:zone":"building","id":"node/4838919063","_lat":"38.89352129074757","_lon":"-77.0380425453186","timestamp":"2022-01-02T17:59:01Z","version":2,"changeset":115680090,"user":"Pyrox","uid":11047726}},{"type":"Feature","geometry":{"type":"Point","coordinates":[-77.035006,38.8935732]},"properties":{"name":"288","height":"5","man_made":"surveillance","check_date":"2023-09-01","camera:type":"dome","camera:mount":"pole","surveillance":"public","surveillance:type":"camera","surveillance:zone":"building","id":"node/4838919069","_lat":"38.89357139315945","_lon":"-77.03499555587769","timestamp":"2023-09-01T10:18:18Z","version":2,"changeset":140671934,"user":"MBTY1","uid":6237857}},{"type":"Feature","geometry":{"type":"Point","coordinates":[-77.0333551,38.8936099]},"properties":{"name":"287","height":"30","man_made":"surveillance","check_date":"2023-09-01","camera:type":"dome","camera:mount":"roof","surveillance":"public","surveillance:type":"camera","surveillance:zone":"building","id":"node/4838919101","_lat":"38.893604794747716","_lon":"-77.03336477279663","timestamp":"2023-09-01T10:17:38Z","version":2,"changeset":140671934,"user":"MBTY1","uid":6237857}},{"type":"Feature","geometry":{"type":"Point","coordinates":[-77.0332976,38.894454]},"properties":{"name":"293","height":"30","man_made":"surveillance","check_date":"2023-04-13","camera:type":"dome","camera:mount":"roof","surveillance":"public","surveillance:type":"camera","surveillance:zone":"building","id":"node/4838919100","_lat":"38.89445652994115","_lon":"-77.03330039978027","timestamp":"2023-04-13T16:29:20Z","version":2,"changeset":134869019,"user":"Peter Newman","uid":7096975}},{"type":"Feature","geometry":{"type":"Point","coordinates":[-77.0334699,38.8929857]},"properties":{"name":"287","height":"5","man_made":"surveillance","check_date":"2023-09-01","camera:type":"dome","camera:mount":"pole","surveillance":"public","surveillance:type":"camera","surveillance:zone":"building","id":"node/4838919102","_lat":"38.892986862821914","_lon":"-77.03347206115723","timestamp":"2023-09-01T10:17:40Z","version":2,"changeset":140671934,"user":"MBTY1","uid":6237857}},{"type":"Feature","geometry":{"type":"Point","coordinates":[-77.0350496,38.8935109]},"properties":{"name":"289","height":"5","man_made":"surveillance","check_date":"2023-09-01","camera:type":"dome","camera:mount":"pole","surveillance":"public","surveillance:type":"camera","surveillance:zone":"building","id":"node/4838919071","_lat":"38.89350458993579","_lon":"-77.03505992889404","timestamp":"2023-09-01T10:18:16Z","version":2,"changeset":140671934,"user":"MBTY1","uid":6237857}},{"type":"Feature","geometry":{"type":"Point","coordinates":[-77.0351297,38.8924177]},"properties":{"name":"285","height":"5","man_made":"surveillance","check_date":"2023-09-01","camera:type":"dome","camera:mount":"pole","surveillance":"public","surveillance:type":"camera","surveillance:zone":"building","id":"node/4838919073","_lat":"38.89241902874474","_lon":"-77.0351243019104","timestamp":"2023-09-01T10:17:42Z","version":2,"changeset":140671934,"user":"MBTY1","uid":6237857}},{"type":"Feature","geometry":{"type":"Point","coordinates":[-77.035006,38.8924007]},"properties":{"name":"284","height":"5","man_made":"surveillance","check_date":"2023-09-01","camera:type":"dome","camera:mount":"pole","surveillance":"public","surveillance:type":"camera","surveillance:zone":"building","id":"node/4838919072","_lat":"38.89240232767372","_lon":"-77.03499555587769","timestamp":"2023-09-01T10:17:44Z","version":2,"changeset":140671934,"user":"MBTY1","uid":6237857}},{"type":"Feature","geometry":{"type":"Point","coordinates":[-77.033406,38.8918704]},"properties":{"name":"282","height":"5","man_made":"surveillance","check_date":"2023-09-01","camera:type":"dome","camera:mount":"pole","surveillance":"public","surveillance:type":"camera","surveillance:zone":"building","id":"node/4838786307","_lat":"38.89186789132842","_lon":"-77.03340768814087","timestamp":"2023-09-01T10:18:26Z","version":2,"changeset":140671934,"user":"MBTY1","uid":6237857}},{"type":"Feature","geometry":{"type":"Point","coordinates":[-77.0332913,38.8924306]},"properties":{"name":"281","height":"30","man_made":"surveillance","camera:type":"dome","camera:mount":"roof","surveillance":"public","surveillance:type":"camera","surveillance:zone":"building","id":"node/4838786308","_lat":"38.89243572981178","_lon":"-77.03330039978027","timestamp":"2017-05-06T16:16:34Z","version":1,"changeset":48456076,"user":"rouvinator","uid":5533199}},{"type":"Feature","geometry":{"type":"Point","coordinates":[-77.0331529,38.8924214]},"properties":{"name":"261","height":"30","man_made":"surveillance","check_date":"2023-09-01","camera:type":"dome","camera:mount":"roof","surveillance":"public","surveillance:type":"camera","surveillance:zone":"building","id":"node/4838786309","_lat":"38.89241902874474","_lon":"-77.03315019607544","timestamp":"2023-09-01T10:19:15Z","version":2,"changeset":140671934,"user":"MBTY1","uid":6237857}},{"type":"Feature","geometry":{"type":"Point","coordinates":[-77.0330422,38.8923167]},"properties":{"name":"283","height":"5","man_made":"surveillance","check_date":"2023-09-01","camera:type":"dome","camera:mount":"pole","surveillance":"public","surveillance:type":"camera","surveillance:zone":"building","id":"node/4838786310","_lat":"38.89231882225985","_lon":"-77.03304290771484","timestamp":"2023-09-01T10:19:12Z","version":2,"changeset":140671934,"user":"MBTY1","uid":6237857}},{"type":"Feature","geometry":{"type":"Point","coordinates":[-77.0322207,38.8923935]},"properties":{"name":"259","height":"30","man_made":"surveillance","check_date":"2023-09-01","camera:type":"dome","camera:mount":"roof","surveillance":"public","surveillance:type":"camera","surveillance:zone":"building","id":"node/4838786311","_lat":"38.89238562659881","_lon":"-77.03222751617432","timestamp":"2023-09-01T10:19:25Z","version":2,"changeset":140671934,"user":"MBTY1","uid":6237857}},{"type":"Feature","geometry":{"type":"Point","coordinates":[-77.032283,38.8923936]},"properties":{"name":"260","height":"30","man_made":"surveillance","check_date":"2023-09-01","camera:type":"dome","camera:mount":"roof","surveillance":"public","surveillance:type":"camera","surveillance:zone":"building","id":"node/4838786312","_lat":"38.89238562659881","_lon":"-77.03229188919067","timestamp":"2023-09-01T10:19:45Z","version":2,"changeset":140671934,"user":"MBTY1","uid":6237857}},{"type":"Feature","geometry":{"type":"Point","coordinates":[-77.0323897,38.8924081]},"properties":{"name":"258","height":"30","man_made":"surveillance","check_date":"2023-09-01","camera:type":"dome","camera:mount":"roof","surveillance":"public","surveillance:type":"camera","surveillance:zone":"building","id":"node/4838786313","_lat":"38.89240232767372","_lon":"-77.03239917755127","timestamp":"2023-09-01T10:19:43Z","version":2,"changeset":140671934,"user":"MBTY1","uid":6237857}},{"type":"Feature","geometry":{"type":"Point","coordinates":[-77.0321683,38.8918889]},"properties":{"name":"257","height":"5","man_made":"surveillance","check_date":"2023-09-01","camera:type":"dome","camera:mount":"pole","surveillance":"public","surveillance:type":"camera","surveillance:zone":"building","id":"node/4838786299","_lat":"38.89188459252509","_lon":"-77.03216314315796","timestamp":"2023-09-01T10:18:40Z","version":2,"changeset":140671934,"user":"MBTY1","uid":6237857}},{"type":"Feature","geometry":{"type":"Point","coordinates":[-77.0330778,38.8915658]},"properties":{"name":"279","height":"5","man_made":"surveillance","check_date":"2023-09-01","camera:type":"dome","camera:mount":"pole","surveillance":"public","surveillance:type":"camera","surveillance:zone":"building","id":"node/4838786305","_lat":"38.89156726911702","_lon":"-77.03308582305908","timestamp":"2023-09-01T10:18:27Z","version":2,"changeset":140671934,"user":"MBTY1","uid":6237857}},{"type":"Feature","geometry":{"type":"Point","coordinates":[-77.0323502,38.8914457]},"properties":{"name":"264","height":"5","man_made":"surveillance","check_date":"2023-09-01","camera:type":"dome","camera:mount":"pole","surveillance":"public","surveillance:type":"camera","surveillance:zone":"building","id":"node/4838786302","_lat":"38.89145036013565","_lon":"-77.03235626220703","timestamp":"2023-09-01T10:18:58Z","version":2,"changeset":140671934,"user":"MBTY1","uid":6237857}},{"type":"Feature","geometry":{"type":"Point","coordinates":[-77.0325254,38.8915565]},"properties":{"name":"262","height":"5","man_made":"surveillance","camera:type":"dome","camera:mount":"pole","surveillance":"public","surveillance:type":"camera","surveillance:zone":"building","id":"node/4838786304","_lat":"38.89155056784574","_lon":"-77.03252792358398","timestamp":"2021-01-22T18:15:54Z","version":2,"changeset":97991155,"user":"nickvet419","uid":18480}},{"type":"Feature","geometry":{"type":"Point","coordinates":[-77.0324214,38.8915257]},"properties":{"name":"263","height":"5","man_made":"surveillance","check_date":"2023-09-01","camera:type":"dome","camera:mount":"pole","surveillance":"public","surveillance:type":"camera","surveillance:zone":"building","id":"node/4838786303","_lat":"38.89153386657054","_lon":"-77.03242063522339","timestamp":"2023-09-01T10:18:29Z","version":2,"changeset":140671934,"user":"MBTY1","uid":6237857}},{"type":"Feature","geometry":{"type":"Point","coordinates":[-77.0322158,38.891458]},"properties":{"name":"265","height":"5","man_made":"surveillance","check_date":"2023-09-01","camera:type":"dome","camera:mount":"pole","surveillance":"public","surveillance:type":"camera","surveillance:zone":"building","id":"node/4838786301","_lat":"38.89145036013565","_lon":"-77.0322060585022","timestamp":"2023-09-01T10:18:59Z","version":2,"changeset":140671934,"user":"MBTY1","uid":6237857}},{"type":"Feature","geometry":{"type":"Point","coordinates":[-77.0321841,38.8913697]},"properties":{"name":"266","height":"1","man_made":"surveillance","camera:type":"dome","camera:mount":"wall","surveillance":"public","surveillance:type":"camera","surveillance:zone":"building","id":"node/4838786298","_lat":"38.89136685360256","_lon":"-77.03218460083008","timestamp":"2021-01-22T18:15:54Z","version":2,"changeset":97991155,"user":"nickvet419","uid":18480}},{"type":"Feature","geometry":{"type":"Point","coordinates":[-77.0321633,38.8912347]},"properties":{"name":"268","height":"10","man_made":"surveillance","camera:type":"dome","camera:mount":"wall","surveillance":"public","surveillance:type":"camera","surveillance:zone":"building","id":"node/4838786297","_lat":"38.89123324294542","_lon":"-77.03216314315796","timestamp":"2021-01-22T18:15:54Z","version":2,"changeset":97991155,"user":"nickvet419","uid":18480}},{"type":"Feature","geometry":{"type":"Point","coordinates":[-77.0324372,38.8910425]},"properties":{"name":"269","height":"5","man_made":"surveillance","check_date":"2023-09-01","camera:type":"dome","camera:mount":"wall","surveillance":"public","surveillance:type":"camera","surveillance:zone":"building","id":"node/4838786296","_lat":"38.89104952788148","_lon":"-77.03244209289551","timestamp":"2023-09-01T10:18:31Z","version":2,"changeset":140671934,"user":"MBTY1","uid":6237857}},{"type":"Feature","geometry":{"type":"Point","coordinates":[-77.0326784,38.8909871]},"properties":{"name":"270","height":"5","man_made":"surveillance","check_date":"2023-09-01","camera:type":"dome","camera:mount":"wall","surveillance":"public","surveillance:type":"camera","surveillance:zone":"building","id":"node/4838786295","_lat":"38.890982722285884","_lon":"-77.03267812728882","timestamp":"2023-09-01T10:18:37Z","version":2,"changeset":140671934,"user":"MBTY1","uid":6237857}},{"type":"Feature","geometry":{"type":"Point","coordinates":[-77.0329117,38.8909656]},"properties":{"name":"272","height":"5","man_made":"surveillance","check_date":"2023-09-01","camera:type":"dome","camera:mount":"wall","surveillance":"public","surveillance:type":"camera","surveillance:zone":"building","id":"node/4838786293","_lat":"38.89096602087713","_lon":"-77.03291416168213","timestamp":"2023-09-01T10:18:35Z","version":2,"changeset":140671934,"user":"MBTY1","uid":6237857}},{"type":"Feature","geometry":{"type":"Point","coordinates":[-77.0327971,38.8909841]},"properties":{"name":"271","height":"5","man_made":"surveillance","check_date":"2023-09-01","camera:type":"dome","camera:mount":"wall","surveillance":"public","surveillance:type":"camera","surveillance:zone":"building","id":"node/4838786294","_lat":"38.890982722285884","_lon":"-77.03280687332153","timestamp":"2023-09-01T10:18:32Z","version":2,"changeset":140671934,"user":"MBTY1","uid":6237857}},{"type":"Feature","geometry":{"type":"Point","coordinates":[-77.0332044,38.8908271]},"properties":{"name":"273","height":"5","man_made":"surveillance","check_date":"2023-09-01","camera:type":"dome","camera:mount":"pole","surveillance":"public","surveillance:type":"camera","surveillance:zone":"building","id":"node/4838786292","_lat":"38.89083240946604","_lon":"-77.0332145690918","timestamp":"2023-09-01T10:18:34Z","version":2,"changeset":140671934,"user":"MBTY1","uid":6237857}},{"type":"Feature","geometry":{"type":"Point","coordinates":[-77.0332162,38.8914796]},"properties":{"name":"280","height":"5","man_made":"surveillance","check_date":"2023-09-01","camera:type":"dome","camera:mount":"pole","surveillance":"public","surveillance:type":"camera","surveillance:zone":"building","id":"node/4838786306","_lat":"38.89148376272141","_lon":"-77.0332145690918","timestamp":"2023-09-01T10:19:04Z","version":2,"changeset":140671934,"user":"MBTY1","uid":6237857}},{"type":"Feature","geometry":{"type":"Point","coordinates":[-77.0364101,38.8925119]},"properties":{"name":"310","height":"5","man_made":"surveillance","camera:type":"dome","camera:mount":"pole","surveillance":"public","surveillance:type":"camera","surveillance:zone":"building","id":"node/4838919060","_lat":"38.8925192350882","_lon":"-77.03641176223755","timestamp":"2020-12-23T10:31:14Z","version":2,"changeset":96315940,"user":"nickvet419","uid":18480}},{"type":"Feature","geometry":{"type":"Point","coordinates":[-77.0376185,38.8924461]},"properties":{"name":"309","height":"5","man_made":"surveillance","check_date":"2023-09-01","camera:type":"dome","camera:mount":"pole","surveillance":"public","surveillance:type":"camera","surveillance:zone":"building","id":"node/4838919061","_lat":"38.892452430874926","_lon":"-77.03761339187622","timestamp":"2023-09-01T10:17:55Z","version":2,"changeset":140671934,"user":"MBTY1","uid":6237857}},{"type":"Feature","geometry":{"type":"Point","coordinates":[-77.0377495,38.8924857]},"properties":{"name":"308","height":"5","man_made":"surveillance","check_date":"2023-09-01","camera:type":"dome","camera:mount":"pole","surveillance":"public","surveillance:type":"camera","surveillance:zone":"building","id":"node/4838919062","_lat":"38.89248583298942","_lon":"-77.03774213790894","timestamp":"2023-09-01T10:17:54Z","version":2,"changeset":140671934,"user":"MBTY1","uid":6237857}},{"type":"Feature","geometry":{"type":"Point","coordinates":[-77.0475994,38.890774]},"properties":{"name":"38","height":"5","man_made":"surveillance","check_date":"2023-09-01","camera:type":"fixed","camera:mount":"pole","surveillance":"public","camera:direction":"0-90","surveillance:type":"camera","surveillance:zone":"memorial","id":"node/4838375354","_lat":"38.89078230512206","_lon":"-77.04759120941162","timestamp":"2023-09-01T10:27:03Z","version":2,"changeset":140671934,"user":"MBTY1","uid":6237857}},{"type":"Feature","geometry":{"type":"Point","coordinates":[-77.0476482,38.8907106]},"properties":{"ele":"10","name":"36","man_made":"surveillance","check_date":"2023-09-01","camera:type":"dome","camera:mount":"mast","surveillance":"public","camera:direction":"360","surveillance:type":"camera","surveillance:zone":"memorial","id":"node/4838342332","_lat":"38.89071549927513","_lon":"-77.04765558242798","timestamp":"2023-09-01T10:27:07Z","version":2,"changeset":140671934,"user":"MBTY1","uid":6237857}},{"type":"Feature","geometry":{"type":"Point","coordinates":[-77.0477166,38.8907183]},"properties":{"name":"37","height":"5","man_made":"surveillance","check_date":"2023-09-01","camera:type":"fixed","camera:mount":"pole","surveillance":"public","camera:direction":"270-360","surveillance:type":"camera","surveillance:zone":"memorial","id":"node/4838375355","_lat":"38.89071549927513","_lon":"-77.04771995544434","timestamp":"2023-09-01T10:27:04Z","version":2,"changeset":140671934,"user":"MBTY1","uid":6237857}},{"type":"Feature","geometry":{"type":"Point","coordinates":[-77.0488914,38.8898954]},"properties":{"name":"33","height":"5","man_made":"surveillance","camera:type":"dome","camera:mount":"pole","surveillance":"public","surveillance:type":"camera","surveillance:zone":"memorial","id":"node/4838405716","_lat":"38.88989712255096","_lon":"-77.04890012741089","timestamp":"2021-01-01T15:10:02Z","version":2,"changeset":96775412,"user":"RunTrails","uid":5215025}},{"type":"Feature","geometry":{"type":"Point","coordinates":[-77.0488988,38.8899125]},"properties":{"name":"32","height":"5","man_made":"surveillance","camera:type":"dome","camera:mount":"pole","surveillance":"public","camera:direction":"-1","surveillance:type":"camera","surveillance:zone":"memorial","id":"node/4838405715","_lat":"38.88991382421102","_lon":"-77.04890012741089","timestamp":"2021-01-01T15:10:02Z","version":2,"changeset":96775412,"user":"RunTrails","uid":5215025}},{"type":"Feature","geometry":{"type":"Point","coordinates":[-77.0488849,38.8899086]},"properties":{"name":"34","height":"5","man_made":"surveillance","camera:type":"panning","camera:mount":"pole","surveillance":"public","camera:direction":"180-270","surveillance:type":"camera","surveillance:zone":"memorial","id":"node/4838405717","_lat":"38.88991382421102","_lon":"-77.04887866973877","timestamp":"2021-01-01T15:10:02Z","version":2,"changeset":96775412,"user":"RunTrails","uid":5215025}},{"type":"Feature","geometry":{"type":"Point","coordinates":[-77.0471956,38.8905075]},"properties":{"name":"39","height":"5","man_made":"surveillance","check_date":"2023-09-01","camera:type":"dome","camera:mount":"pole","surveillance":"public","surveillance:type":"camera","surveillance:zone":"memorial","id":"node/4838413167","_lat":"38.89051508135731","_lon":"-77.04720497131348","timestamp":"2023-09-01T10:27:14Z","version":2,"changeset":140671934,"user":"MBTY1","uid":6237857}},{"type":"Feature","geometry":{"type":"Point","coordinates":[-77.0501895,38.8892705]},"properties":{"name":"30","height":"25","man_made":"surveillance","camera:type":"dome","camera:mount":"wall","surveillance":"indoor","surveillance:type":"camera","surveillance:zone":"memorial","id":"node/4838405708","_lat":"38.889262456559294","_lon":"-77.05018758773804","timestamp":"2017-05-06T11:36:23Z","version":1,"changeset":48449985,"user":"rouvinator","uid":5533199}},{"type":"Feature","geometry":{"type":"Point","coordinates":[-77.049957,38.8895315]},"properties":{"name":"28","height":"30","man_made":"surveillance","check_date":"2023-09-01","camera:type":"dome","camera:mount":"roof","surveillance":"public","surveillance:type":"camera","surveillance:zone":"memorial","id":"node/4412366891","_lat":"38.88952968503642","_lon":"-77.04995155334473","timestamp":"2023-09-01T10:27:33Z","version":3,"changeset":140671934,"user":"MBTY1","uid":6237857}},{"type":"Feature","geometry":{"type":"Point","coordinates":[-77.0501976,38.8894188]},"properties":{"name":"31","height":"25","man_made":"surveillance","camera:type":"dome","camera:mount":"wall","surveillance":"indoor","surveillance:type":"camera","surveillance:zone":"memorial","id":"node/4838405707","_lat":"38.88941277270135","_lon":"-77.05018758773804","timestamp":"2017-05-06T11:36:22Z","version":1,"changeset":48449985,"user":"rouvinator","uid":5533199}},{"type":"Feature","geometry":{"type":"Point","coordinates":[-77.0503862,38.8895317]},"properties":{"name":"35","height":"30","man_made":"surveillance","check_date":"2023-09-01","camera:type":"dome","camera:mount":"wall","surveillance":"outdoor","surveillance:type":"camera","surveillance:zone":"memorial","id":"node/4838405706","_lat":"38.88952968503642","_lon":"-77.05038070678711","timestamp":"2023-09-01T10:27:34Z","version":2,"changeset":140671934,"user":"MBTY1","uid":6237857}},{"type":"Feature","geometry":{"type":"Point","coordinates":[-77.0503866,38.8890127]},"properties":{"name":"29","height":"25","man_made":"surveillance","camera:type":"dome","camera:mount":"wall","surveillance":"indoor","surveillance:type":"camera","surveillance:zone":"memorial","id":"node/4412363349","_lat":"38.889011928948975","_lon":"-77.05038070678711","timestamp":"2018-12-27T20:24:56Z","version":2,"changeset":65824092,"user":"vohokudul","uid":9211483}},{"type":"Feature","geometry":{"type":"Point","coordinates":[-77.0501927,38.8891336]},"properties":{"name":"29","height":"25","man_made":"surveillance","camera:type":"dome","camera:mount":"wall","surveillance":"indoor","surveillance:type":"camera","surveillance:zone":"memorial","id":"node/4838405709","_lat":"38.889128841943744","_lon":"-77.05018758773804","timestamp":"2017-05-06T11:36:23Z","version":1,"changeset":48449985,"user":"rouvinator","uid":5533199}},{"type":"Feature","geometry":{"type":"Point","coordinates":[-77.0499573,38.8890125]},"properties":{"name":"26","height":"30","man_made":"surveillance","check_date":"2023-09-01","camera:type":"dome","camera:mount":"roof","surveillance":"public","surveillance:type":"camera","surveillance:zone":"memorial","id":"node/4412363348","_lat":"38.889011928948975","_lon":"-77.04995155334473","timestamp":"2023-09-01T10:27:35Z","version":3,"changeset":140671934,"user":"MBTY1","uid":6237857}},{"type":"Feature","geometry":{"type":"Point","coordinates":[-77.0489863,38.8885019]},"properties":{"name":"23","height":"5","man_made":"surveillance","camera:type":"dome","camera:mount":"pole","surveillance":"public","surveillance:type":"camera","surveillance:zone":"memorial","id":"node/4838405713","_lat":"38.88849416908772","_lon":"-77.04898595809937","timestamp":"2021-01-01T15:10:02Z","version":2,"changeset":96775412,"user":"RunTrails","uid":5215025}},{"type":"Feature","geometry":{"type":"Point","coordinates":[-77.0489211,38.8884782]},"properties":{"name":"25","height":"5","man_made":"surveillance","camera:type":"panning","camera:mount":"pole","surveillance":"public","camera:direction":"270-360","surveillance:type":"camera","surveillance:zone":"memorial","id":"node/4838405714","_lat":"38.88847746709391","_lon":"-77.04892158508301","timestamp":"2017-05-06T11:36:23Z","version":1,"changeset":48449985,"user":"rouvinator","uid":5533199}},{"type":"Feature","geometry":{"type":"Point","coordinates":[-77.0488978,38.8884911]},"properties":{"name":"24","height":"5","man_made":"surveillance","camera:type":"dome","camera:mount":"pole","surveillance":"public","surveillance:type":"camera","surveillance:zone":"memorial","id":"node/4838405712","_lat":"38.88849416908772","_lon":"-77.04890012741089","timestamp":"2021-01-01T15:10:02Z","version":2,"changeset":96775412,"user":"RunTrails","uid":5215025}},{"type":"Feature","geometry":{"type":"Point","coordinates":[-77.0474213,38.8879578]},"properties":{"name":"20","height":"5","man_made":"surveillance","check_date":"2023-09-01","camera:type":"dome","camera:mount":"pole","surveillance":"public","surveillance:type":"camera","surveillance:zone":"memorial","id":"node/4838393642","_lat":"38.887959703337145","_lon":"-77.04741954803467","timestamp":"2023-09-01T10:28:00Z","version":3,"changeset":140671934,"user":"MBTY1","uid":6237857}},{"type":"Feature","geometry":{"type":"Point","coordinates":[-77.0474043,38.8879619]},"properties":{"name":"22","height":"5","man_made":"surveillance","check_date":"2023-09-01","camera:type":"fixed","camera:mount":"pole","surveillance":"public","camera:direction":"120-180","surveillance:type":"camera","surveillance:zone":"memorial","id":"node/4838393644","_lat":"38.887959703337145","_lon":"-77.04739809036255","timestamp":"2023-09-01T10:28:02Z","version":2,"changeset":140671934,"user":"MBTY1","uid":6237857}},{"type":"Feature","geometry":{"type":"Point","coordinates":[-77.0473769,38.887968]},"properties":{"name":"21","height":"5","man_made":"surveillance","check_date":"2023-09-01","camera:type":"fixed","camera:mount":"pole","surveillance":"public","camera:direction":"180-240","surveillance:type":"camera","surveillance:zone":"memorial","id":"node/4838393643","_lat":"38.887959703337145","_lon":"-77.04737663269043","timestamp":"2023-09-01T10:27:59Z","version":3,"changeset":140671934,"user":"MBTY1","uid":6237857}},{"type":"Feature","geometry":{"type":"Point","coordinates":[-77.0362045,38.8904663]},"properties":{"name":"274","height":"10","man_made":"surveillance","check_date":"2023-05-26","camera:type":"dome","camera:mount":"pole","surveillance":"public","surveillance:type":"camera","surveillance:zone":"memorial","id":"node/4838792675","_lat":"38.8904649767895","_lon":"-77.03619718551636","timestamp":"2023-05-26T17:53:33Z","version":2,"changeset":136599305,"user":"Kexis","uid":18097325}},{"type":"Feature","geometry":{"type":"Point","coordinates":[-77.0341446,38.8904329]},"properties":{"name":"275","height":"10","man_made":"surveillance","camera:type":"dome","camera:mount":"pole","surveillance":"public","surveillance:type":"camera","surveillance:zone":"memorial","id":"node/4838792676","_lat":"38.89043157372467","_lon":"-77.03413724899292","timestamp":"2017-05-06T16:21:40Z","version":1,"changeset":48456190,"user":"rouvinator","uid":5533199}},{"type":"Feature","geometry":{"type":"Point","coordinates":[-77.0085634,38.8905096]},"properties":{"name":"85","height":"5","man_made":"surveillance","camera:type":"fixed","camera:mount":"wall","surveillance":"public","camera:direction":"30-120","surveillance:type":"camera","surveillance:zone":"building","id":"node/804642084","_lat":"38.89051508135731","_lon":"-77.0085597038269","timestamp":"2021-02-07T00:57:04Z","version":7,"changeset":98835617,"user":"nickvet419","uid":18480}},{"type":"Feature","geometry":{"type":"Point","coordinates":[-77.0049608,38.8904143]},"properties":{"name":"99","height":"5","man_made":"surveillance","camera:type":"dome","camera:mount":"wall","surveillance":"public","surveillance:type":"camera","surveillance:zone":"building","id":"node/4838579434","_lat":"38.89041487218637","_lon":"-77.00495481491089","timestamp":"2017-05-06T13:52:42Z","version":1,"changeset":48452879,"user":"rouvinator","uid":5533199}},{"type":"Feature","geometry":{"type":"Point","coordinates":[-77.0036211,38.8904549]},"properties":{"name":"118","height":"5","man_made":"surveillance","camera:type":"dome","camera:mount":"pole","surveillance":"public","surveillance:type":"camera","surveillance:zone":"building","id":"node/4838579455","_lat":"38.89044827525905","_lon":"-77.0036244392395","timestamp":"2017-05-06T13:52:45Z","version":1,"changeset":48452879,"user":"rouvinator","uid":5533199}},{"type":"Feature","geometry":{"type":"Point","coordinates":[-77.0036216,38.890427]},"properties":{"name":"119","height":"5","man_made":"surveillance","camera:type":"dome","camera:mount":"pole","surveillance":"public","surveillance:type":"camera","surveillance:zone":"building","id":"node/4838579456","_lat":"38.89043157372467","_lon":"-77.0036244392395","timestamp":"2017-05-06T13:52:45Z","version":1,"changeset":48452879,"user":"rouvinator","uid":5533199}},{"type":"Feature","geometry":{"type":"Point","coordinates":[-77.0038601,38.891958]},"properties":{"name":"114","height":"5","man_made":"surveillance","camera:type":"dome","camera:mount":"pole","surveillance":"public","surveillance:type":"camera","surveillance:zone":"building","id":"node/4838579453","_lat":"38.891951397272464","_lon":"-77.00386047363281","timestamp":"2017-05-06T13:52:45Z","version":1,"changeset":48452879,"user":"rouvinator","uid":5533199}},{"type":"Feature","geometry":{"type":"Point","coordinates":[-77.0038145,38.8919403]},"properties":{"name":"116","height":"5","man_made":"surveillance","camera:type":"dome","camera:mount":"pole","surveillance":"public","surveillance:type":"camera","surveillance:zone":"traffic","id":"node/4838579450","_lat":"38.89193469609151","_lon":"-77.00381755828857","timestamp":"2017-05-06T13:52:44Z","version":1,"changeset":48452879,"user":"rouvinator","uid":5533199}},{"type":"Feature","geometry":{"type":"Point","coordinates":[-77.0037331,38.8919529]},"properties":{"name":"115","height":"5","man_made":"surveillance","camera:type":"dome","camera:mount":"pole","surveillance":"public","surveillance:type":"camera","surveillance:zone":"building","id":"node/4838579451","_lat":"38.891951397272464","_lon":"-77.0037317276001","timestamp":"2017-05-06T13:52:44Z","version":1,"changeset":48452879,"user":"rouvinator","uid":5533199}},{"type":"Feature","geometry":{"type":"Point","coordinates":[-77.0036484,38.891773]},"properties":{"name":"111","height":"5","man_made":"surveillance","camera:type":"dome","camera:mount":"pole","surveillance":"public","surveillance:type":"camera","surveillance:zone":"building","id":"node/4838579448","_lat":"38.891767684066","_lon":"-77.00364589691162","timestamp":"2017-05-06T13:52:44Z","version":1,"changeset":48452879,"user":"rouvinator","uid":5533199}},{"type":"Feature","geometry":{"type":"Point","coordinates":[-77.0036777,38.8917679]},"properties":{"name":"112","height":"5","man_made":"surveillance","camera:type":"dome","camera:mount":"pole","surveillance":"public","surveillance:type":"camera","surveillance:zone":"building","id":"node/4838579449","_lat":"38.891767684066","_lon":"-77.00366735458374","timestamp":"2017-05-06T13:52:44Z","version":1,"changeset":48452879,"user":"rouvinator","uid":5533199}},{"type":"Feature","geometry":{"type":"Point","coordinates":[-77.0045407,38.8910658]},"properties":{"name":"107","height":"1","man_made":"surveillance","camera:type":"dome","camera:mount":"wall","surveillance":"public","surveillance:type":"camera","surveillance:zone":"building","id":"node/4838579442","_lat":"38.89106622927059","_lon":"-77.00454711914062","timestamp":"2017-05-06T13:52:43Z","version":1,"changeset":48452879,"user":"rouvinator","uid":5533199}},{"type":"Feature","geometry":{"type":"Point","coordinates":[-77.0043974,38.8910319]},"properties":{"name":"108","height":"5","man_made":"surveillance","camera:type":"dome","camera:mount":"wall","surveillance":"public","surveillance:type":"camera","surveillance:zone":"building","id":"node/4838579441","_lat":"38.89103282648847","_lon":"-77.00439691543579","timestamp":"2017-05-06T13:52:43Z","version":1,"changeset":48452879,"user":"rouvinator","uid":5533199}},{"type":"Feature","geometry":{"type":"Point","coordinates":[-77.0042639,38.891086]},"properties":{"name":"106","height":"1","man_made":"surveillance","camera:type":"dome","camera:mount":"wall","surveillance":"public","surveillance:type":"camera","surveillance:zone":"building","id":"node/4838579443","_lat":"38.89108293065573","_lon":"-77.00426816940308","timestamp":"2017-05-06T13:52:43Z","version":1,"changeset":48452879,"user":"rouvinator","uid":5533199}},{"type":"Feature","geometry":{"type":"Point","coordinates":[-77.0039179,38.891045]},"properties":{"name":"109","height":"5","man_made":"surveillance","camera:type":"dome","camera:mount":"wall","surveillance":"public","surveillance:type":"camera","surveillance:zone":"building","id":"node/4838579444","_lat":"38.89104952788148","_lon":"-77.00392484664917","timestamp":"2024-03-26T23:50:40Z","version":4,"changeset":149199479,"user":"evkalina","uid":15476210}},{"type":"Feature","geometry":{"type":"Point","coordinates":[-77.0043518,38.8915246]},"properties":{"name":"103","height":"5","man_made":"surveillance","camera:type":"dome","camera:mount":"pole","surveillance":"public","surveillance:type":"camera","surveillance:zone":"building","id":"node/4838579438","_lat":"38.89151716529145","_lon":"-77.00435400009155","timestamp":"2017-05-06T13:52:43Z","version":1,"changeset":48452879,"user":"rouvinator","uid":5533199}},{"type":"Feature","geometry":{"type":"Point","coordinates":[-77.004417,38.8914789]},"properties":{"name":"102","height":"5","man_made":"surveillance","camera:type":"dome","camera:mount":"pole","surveillance":"public","surveillance:type":"camera","surveillance:zone":"building","id":"node/4838579437","_lat":"38.89148376272141","_lon":"-77.00441837310791","timestamp":"2017-05-06T13:52:42Z","version":1,"changeset":48452879,"user":"rouvinator","uid":5533199}},{"type":"Feature","geometry":{"type":"Point","coordinates":[-77.0047329,38.8913547]},"properties":{"name":"101","height":"5","man_made":"surveillance","camera:type":"dome","camera:mount":"pole","surveillance":"public","surveillance:type":"camera","surveillance:zone":"building","id":"node/4838579439","_lat":"38.89135015228416","_lon":"-77.0047402381897","timestamp":"2017-05-06T13:52:43Z","version":1,"changeset":48452879,"user":"rouvinator","uid":5533199}},{"type":"Feature","geometry":{"type":"Point","coordinates":[-77.004811,38.8913345]},"properties":{"name":"100","height":"5","man_made":"surveillance","camera:type":"dome","camera:mount":"pole","surveillance":"public","surveillance:type":"camera","surveillance:zone":"building","id":"node/4838579440","_lat":"38.89133345096184","_lon":"-77.00480461120605","timestamp":"2017-05-06T13:52:43Z","version":1,"changeset":48452879,"user":"rouvinator","uid":5533199}},{"type":"Feature","geometry":{"type":"Point","coordinates":[-77.0055373,38.8910227]},"properties":{"name":"94","height":"5","man_made":"surveillance","check_date":"2023-04-10","camera:type":"dome","camera:mount":"pole","surveillance":"public","surveillance:type":"camera","surveillance:zone":"building","id":"node/4838579435","_lat":"38.89101612509151","_lon":"-77.0055341720581","timestamp":"2023-04-10T17:27:03Z","version":2,"changeset":134740548,"user":"Peter Newman","uid":7096975}},{"type":"Feature","geometry":{"type":"Point","coordinates":[-77.0055015,38.8910379]},"properties":{"name":"93","height":"5","man_made":"surveillance","check_date":"2023-04-10","camera:type":"dome","camera:mount":"pole","surveillance":"public","surveillance:type":"camera","surveillance:zone":"building","id":"node/4838579436","_lat":"38.89103282648847","_lon":"-77.00549125671387","timestamp":"2023-04-10T17:27:02Z","version":2,"changeset":134740548,"user":"Peter Newman","uid":7096975}},{"type":"Feature","geometry":{"type":"Point","coordinates":[-77.0049706,38.8908047]},"properties":{"name":"98","height":"5","man_made":"surveillance","camera:type":"dome","camera:mount":"wall","surveillance":"public","surveillance:type":"camera","surveillance:zone":"building","id":"node/4838579433","_lat":"38.890799006573985","_lon":"-77.00497627258301","timestamp":"2017-05-06T13:52:42Z","version":1,"changeset":48452879,"user":"rouvinator","uid":5533199}},{"type":"Feature","geometry":{"type":"Point","coordinates":[-77.0058043,38.8908427]},"properties":{"name":"95","height":"5","man_made":"surveillance","camera:type":"dome","camera:mount":"pole","surveillance":"public","surveillance:type":"camera","surveillance:zone":"building","id":"node/4838579431","_lat":"38.890849110906174","_lon":"-77.00581312179565","timestamp":"2017-05-06T13:52:42Z","version":1,"changeset":48452879,"user":"rouvinator","uid":5533199}},{"type":"Feature","geometry":{"type":"Point","coordinates":[-77.0058043,38.8908224]},"properties":{"name":"96","height":"5","man_made":"surveillance","camera:type":"dome","camera:mount":"pole","surveillance":"public","surveillance:type":"camera","surveillance:zone":"building","id":"node/4838579432","_lat":"38.89081570802196","_lon":"-77.00581312179565","timestamp":"2017-05-06T13:52:42Z","version":1,"changeset":48452879,"user":"rouvinator","uid":5533199}},{"type":"Feature","geometry":{"type":"Point","coordinates":[-77.0064602,38.8909492]},"properties":{"name":"92","height":"5","man_made":"surveillance","camera:type":"dome","camera:mount":"pole","surveillance":"public","surveillance:type":"camera","surveillance:zone":"building","id":"node/4838549368","_lat":"38.89094931946451","_lon":"-77.00645685195923","timestamp":"2017-05-06T13:23:26Z","version":1,"changeset":48452158,"user":"rouvinator","uid":5533199}},{"type":"Feature","geometry":{"type":"Point","coordinates":[-77.0064444,38.8909276]},"properties":{"name":"91","height":"5","man_made":"surveillance","camera:type":"dome","camera:mount":"pole","surveillance":"public","surveillance:type":"camera","surveillance:zone":"building","id":"node/4838549369","_lat":"38.89093261804794","_lon":"-77.00643539428711","timestamp":"2017-05-06T13:23:26Z","version":1,"changeset":48452158,"user":"rouvinator","uid":5533199}},{"type":"Feature","geometry":{"type":"Point","coordinates":[-77.0074271,38.890923]},"properties":{"name":"87","height":"5","man_made":"surveillance","camera:type":"dome","camera:mount":"pole","surveillance":"public","surveillance:type":"camera","surveillance:zone":"building","id":"node/4838549367","_lat":"38.89091591662745","_lon":"-77.00742244720459","timestamp":"2017-05-06T13:23:26Z","version":1,"changeset":48452158,"user":"rouvinator","uid":5533199}},{"type":"Feature","geometry":{"type":"Point","coordinates":[-77.0074449,38.8909399]},"properties":{"name":"86","height":"5","man_made":"surveillance","camera:type":"dome","camera:mount":"pole","surveillance":"public","surveillance:type":"camera","surveillance:zone":"building","id":"node/4838549366","_lat":"38.89093261804794","_lon":"-77.00744390487671","timestamp":"2017-05-06T13:23:26Z","version":1,"changeset":48452158,"user":"rouvinator","uid":5533199}},{"type":"Feature","geometry":{"type":"Point","coordinates":[-77.0040294,38.8916336]},"properties":{"name":"104","height":"5","man_made":"surveillance","camera:type":"dome","camera:mount":"pole","surveillance":"public","surveillance:type":"camera","surveillance:zone":"building","id":"node/4838579446","_lat":"38.89163407416285","_lon":"-77.00403213500977","timestamp":"2017-05-06T13:52:44Z","version":1,"changeset":48452879,"user":"rouvinator","uid":5533199}},{"type":"Feature","geometry":{"type":"Point","coordinates":[-77.003961,38.8916614]},"properties":{"name":"105","height":"5","man_made":"surveillance","camera:type":"dome","camera:mount":"pole","surveillance":"public","surveillance:type":"camera","surveillance:zone":"building","id":"node/4838579447","_lat":"38.89166747666221","_lon":"-77.00396776199341","timestamp":"2017-05-06T13:52:44Z","version":1,"changeset":48452879,"user":"rouvinator","uid":5533199}},{"type":"Feature","geometry":{"type":"Point","coordinates":[-77.0038991,38.8919479]},"properties":{"name":"113","height":"5","man_made":"surveillance","camera:type":"dome","camera:mount":"pole","surveillance":"public","surveillance:type":"camera","surveillance:zone":"building","id":"node/4838579452","_lat":"38.891951397272464","_lon":"-77.00390338897705","timestamp":"2017-05-06T13:52:44Z","version":1,"changeset":48452879,"user":"rouvinator","uid":5533199}},{"type":"Feature","geometry":{"type":"Point","coordinates":[-77.0106288,38.8916758]},"properties":{"name":"72","height":"10","man_made":"surveillance","camera:type":"dome","camera:mount":"pole","surveillance":"public","surveillance:type":"camera","surveillance:zone":"building","id":"node/4838549348","_lat":"38.89166747666221","_lon":"-77.01061964035034","timestamp":"2017-05-06T13:23:23Z","version":1,"changeset":48452158,"user":"rouvinator","uid":5533199}},{"type":"Feature","geometry":{"type":"Point","coordinates":[-77.010543,38.891705]},"properties":{"name":"71","height":"10","man_made":"surveillance","camera:type":"dome","camera:mount":"pole","surveillance":"public","surveillance:type":"camera","surveillance:zone":"building","id":"node/4838549349","_lat":"38.891700879145844","_lon":"-77.01053380966187","timestamp":"2017-05-06T13:23:23Z","version":1,"changeset":48452158,"user":"rouvinator","uid":5533199}},{"type":"Feature","geometry":{"type":"Point","coordinates":[-77.0090404,38.8912985]},"properties":{"name":"73","height":"10","man_made":"surveillance","camera:type":"dome","camera:mount":"pole","surveillance":"public","surveillance:type":"camera","surveillance:zone":"building","id":"node/4838549354","_lat":"38.891300048305425","_lon":"-77.00903177261353","timestamp":"2017-05-06T13:23:24Z","version":1,"changeset":48452158,"user":"rouvinator","uid":5533199}},{"type":"Feature","geometry":{"type":"Point","coordinates":[-77.0087399,38.8914555]},"properties":{"name":"84","height":"5","man_made":"surveillance","camera:type":"dome","camera:mount":"pole","surveillance":"public","surveillance:type":"camera","surveillance:zone":"building","id":"node/4838549355","_lat":"38.89145036013565","_lon":"-77.00873136520386","timestamp":"2017-05-06T13:23:24Z","version":1,"changeset":48452158,"user":"rouvinator","uid":5533199}},{"type":"Feature","geometry":{"type":"Point","coordinates":[-77.0087083,38.8914447]},"properties":{"name":"83","height":"5","man_made":"surveillance","camera:type":"dome","camera:mount":"pole","surveillance":"public","surveillance:type":"camera","surveillance:zone":"building","id":"node/4838549356","_lat":"38.89145036013565","_lon":"-77.00870990753174","timestamp":"2017-05-06T13:23:24Z","version":1,"changeset":48452158,"user":"rouvinator","uid":5533199}},{"type":"Feature","geometry":{"type":"Point","coordinates":[-77.0083043,38.8915368]},"properties":{"name":"77","height":"5","man_made":"surveillance","check_date":"2023-04-10","camera:type":"dome","camera:mount":"roof","surveillance":"public","surveillance:type":"camera","surveillance:zone":"building","id":"node/804638137","_lat":"38.89153386657054","_lon":"-77.00830221176147","timestamp":"2023-04-10T16:52:01Z","version":3,"changeset":134740548,"user":"Peter Newman","uid":7096975}},{"type":"Feature","geometry":{"type":"Point","coordinates":[-77.008473,38.8912908]},"properties":{"name":"82","height":"5","man_made":"surveillance","camera:type":"dome","camera:mount":"pole","surveillance":"public","surveillance:type":"camera","surveillance:zone":"building","id":"node/4838549358","_lat":"38.891283346971306","_lon":"-77.00847387313843","timestamp":"2017-05-06T13:23:25Z","version":1,"changeset":48452158,"user":"rouvinator","uid":5533199}},{"type":"Feature","geometry":{"type":"Point","coordinates":[-77.0084473,38.8912508]},"properties":{"name":"81","height":"5","man_made":"surveillance","camera:type":"dome","camera:mount":"pole","surveillance":"public","surveillance:type":"camera","surveillance:zone":"building","id":"node/4838549357","_lat":"38.8912499442913","_lon":"-77.00845241546631","timestamp":"2017-05-06T13:23:24Z","version":1,"changeset":48452158,"user":"rouvinator","uid":5533199}},{"type":"Feature","geometry":{"type":"Point","coordinates":[-77.0087498,38.8910846]},"properties":{"name":"74","height":"10","man_made":"surveillance","camera:type":"dome","camera:mount":"pole","surveillance":"public","surveillance:type":"camera","surveillance:zone":"building","id":"node/4838549365","_lat":"38.89108293065573","_lon":"-77.00875282287598","timestamp":"2017-05-06T13:23:25Z","version":1,"changeset":48452158,"user":"rouvinator","uid":5533199}},{"type":"Feature","geometry":{"type":"Point","coordinates":[-77.0080909,38.891048]},"properties":{"name":"89","height":"5","man_made":"surveillance","camera:type":"dome","camera:mount":"pole","surveillance":"public","surveillance:type":"camera","surveillance:zone":"building","id":"node/4838549360","_lat":"38.89104952788148","_lon":"-77.00808763504028","timestamp":"2017-05-06T13:23:25Z","version":1,"changeset":48452158,"user":"rouvinator","uid":5533199}},{"type":"Feature","geometry":{"type":"Point","coordinates":[-77.0081052,38.8910661]},"properties":{"name":"88","height":"5","man_made":"surveillance","camera:type":"dome","camera:mount":"pole","surveillance":"public","surveillance:type":"camera","surveillance:zone":"building","id":"node/4838549359","_lat":"38.89106622927059","_lon":"-77.0081090927124","timestamp":"2017-05-06T13:23:25Z","version":1,"changeset":48452158,"user":"rouvinator","uid":5533199}},{"type":"Feature","geometry":{"type":"Point","coordinates":[-77.0086181,38.8908537]},"properties":{"name":"78","height":"5","man_made":"surveillance","camera:type":"dome","camera:mount":"roof","surveillance":"public","surveillance:type":"camera","surveillance:zone":"building","id":"node/4838549361","_lat":"38.890849110906174","_lon":"-77.00862407684326","timestamp":"2017-05-06T13:23:25Z","version":1,"changeset":48452158,"user":"rouvinator","uid":5533199}},{"type":"Feature","geometry":{"type":"Point","coordinates":[-77.0086003,38.8908054]},"properties":{"name":"81","height":"5","man_made":"surveillance","camera:type":"dome","camera:mount":"pole","surveillance":"public","surveillance:type":"camera","surveillance:zone":"building","id":"node/804642869","_lat":"38.890799006573985","_lon":"-77.00860261917114","timestamp":"2021-01-10T07:12:14Z","version":6,"changeset":97237404,"user":"nickvet419","uid":18480}},{"type":"Feature","geometry":{"type":"Point","coordinates":[-77.0086967,38.8908645]},"properties":{"name":"79","height":"5","man_made":"surveillance","camera:type":"dome","camera:mount":"roof","surveillance":"public","surveillance:type":"camera","surveillance:zone":"building","id":"node/4838549362","_lat":"38.89086581234238","_lon":"-77.00868844985962","timestamp":"2017-05-06T13:23:25Z","version":1,"changeset":48452158,"user":"rouvinator","uid":5533199}},{"type":"Feature","geometry":{"type":"Point","coordinates":[-77.0088375,38.8908411]},"properties":{"name":"80","height":"5","man_made":"surveillance","camera:type":"dome","camera:mount":"pole","surveillance":"public","surveillance:type":"camera","surveillance:zone":"building","id":"node/804640117","_lat":"38.890849110906174","_lon":"-77.00883865356445","timestamp":"2021-01-10T07:12:14Z","version":6,"changeset":97237404,"user":"nickvet419","uid":18480}},{"type":"Feature","geometry":{"type":"Point","coordinates":[-77.0099574,38.8914422]},"properties":{"name":"70","height":"10","man_made":"surveillance","check_date":"2023-11-08","camera:type":"dome","camera:mount":"pole","surveillance":"public","surveillance:type":"camera","surveillance:zone":"building","id":"node/4838549350","_lat":"38.89145036013565","_lon":"-77.00995445251465","timestamp":"2023-11-08T18:11:48Z","version":4,"changeset":143792604,"user":"Peter Newman","uid":7096975}},{"type":"Feature","geometry":{"type":"Point","coordinates":[-77.0105108,38.8911831]},"properties":{"name":"69","height":"10","man_made":"surveillance","camera:type":"dome","camera:mount":"pole","surveillance":"public","surveillance:type":"camera","surveillance:zone":"building","id":"node/4838549347","_lat":"38.8911831388842","_lon":"-77.01051235198975","timestamp":"2017-05-06T13:23:23Z","version":1,"changeset":48452158,"user":"rouvinator","uid":5533199}},{"type":"Feature","geometry":{"type":"Point","coordinates":[-77.0107951,38.890824]},"properties":{"name":"62","height":"5","man_made":"surveillance","camera:type":"dome","camera:mount":"pole","surveillance":"public","surveillance:type":"camera","surveillance:zone":"building","id":"node/4838549345","_lat":"38.89081570802196","_lon":"-77.0107913017273","timestamp":"2017-05-06T13:23:23Z","version":1,"changeset":48452158,"user":"rouvinator","uid":5533199}},{"type":"Feature","geometry":{"type":"Point","coordinates":[-77.0107468,38.8908115]},"properties":{"name":"63","height":"5","man_made":"surveillance","camera:type":"dome","camera:mount":"pole","surveillance":"public","surveillance:type":"camera","surveillance:zone":"building","id":"node/4838549346","_lat":"38.89081570802196","_lon":"-77.01074838638306","timestamp":"2017-05-06T13:23:23Z","version":1,"changeset":48452158,"user":"rouvinator","uid":5533199}},{"type":"Feature","geometry":{"type":"Point","coordinates":[-77.0134161,38.8907379]},"properties":{"name":"61","height":"10","man_made":"surveillance","camera:type":"dome","camera:mount":"pole","surveillance":"public","surveillance:type":"camera","surveillance:zone":"area","id":"node/4838475454","_lat":"38.89073220074275","_lon":"-77.01340913772583","timestamp":"2021-01-10T19:16:23Z","version":2,"changeset":97260926,"user":"nickvet419","uid":18480}},{"type":"Feature","geometry":{"type":"Point","coordinates":[-77.0135736,38.8907755]},"properties":{"name":"60","height":"10","man_made":"surveillance","camera:type":"dome","camera:mount":"pole","surveillance":"public","surveillance:type":"camera","surveillance:zone":"area","id":"node/4838475453","_lat":"38.89078230512206","_lon":"-77.01358079910278","timestamp":"2021-01-10T19:16:23Z","version":2,"changeset":97260926,"user":"nickvet419","uid":18480}},{"type":"Feature","geometry":{"type":"Point","coordinates":[-77.0146038,38.8909451]},"properties":{"name":"59","height":"5","man_made":"surveillance","camera:type":"dome","camera:mount":"pole","surveillance":"public","surveillance:type":"camera","surveillance:zone":"traffic","id":"node/4838475450","_lat":"38.89094931946451","_lon":"-77.0146107673645","timestamp":"2017-05-06T12:25:35Z","version":1,"changeset":48450941,"user":"rouvinator","uid":5533199}},{"type":"Feature","geometry":{"type":"Point","coordinates":[-77.0158141,38.890895]},"properties":{"name":"195","height":"10","man_made":"surveillance","camera:type":"panning","camera:mount":"pole","surveillance":"public","camera:direction":"250-360","surveillance:type":"camera","surveillance:zone":"building","id":"node/4838466343","_lat":"38.89089921520298","_lon":"-77.01581239700317","timestamp":"2017-05-06T12:17:05Z","version":1,"changeset":48450741,"user":"rouvinator","uid":5533199}},{"type":"Feature","geometry":{"type":"Point","coordinates":[-77.0157765,38.8908843]},"properties":{"name":"194","height":"10","man_made":"surveillance","camera:type":"panning","camera:mount":"pole","surveillance":"public","camera:direction":"90-270","surveillance:type":"camera","surveillance:zone":"building","id":"node/4838466344","_lat":"38.89088251377464","_lon":"-77.01576948165894","timestamp":"2017-05-06T12:17:05Z","version":1,"changeset":48450741,"user":"rouvinator","uid":5533199}},{"type":"Feature","geometry":{"type":"Point","coordinates":[-77.0157804,38.8909227]},"properties":{"name":"192","height":"10","man_made":"surveillance","camera:type":"panning","camera:mount":"pole","surveillance":"public","camera:direction":"300-60","surveillance:type":"camera","surveillance:zone":"building","id":"node/4838466342","_lat":"38.89091591662745","_lon":"-77.01579093933105","timestamp":"2017-05-06T12:17:05Z","version":1,"changeset":48450741,"user":"rouvinator","uid":5533199}},{"type":"Feature","geometry":{"type":"Point","coordinates":[-77.015737,38.890912]},"properties":{"name":"193","height":"5","man_made":"surveillance","camera:type":"panning","camera:mount":"pole","surveillance":"public","camera:direction":"270-360","surveillance:type":"camera","surveillance:zone":"building","id":"node/4838466345","_lat":"38.89091591662745","_lon":"-77.0157265663147","timestamp":"2017-05-06T12:17:05Z","version":1,"changeset":48450741,"user":"rouvinator","uid":5533199}},{"type":"Feature","geometry":{"type":"Point","coordinates":[-77.0157745,38.8911059]},"properties":{"name":"58","height":"5","man_made":"surveillance","camera:type":"panning","camera:mount":"pole","surveillance":"public","camera:direction":"180-360","surveillance:type":"camera","surveillance:zone":"building","id":"node/4838466338","_lat":"38.89109963203694","_lon":"-77.01576948165894","timestamp":"2017-05-06T12:17:04Z","version":1,"changeset":48450741,"user":"rouvinator","uid":5533199}},{"type":"Feature","geometry":{"type":"Point","coordinates":[-77.0157844,38.8913105]},"properties":{"name":"57","height":"25","man_made":"surveillance","camera:type":"panning","camera:mount":"pole","surveillance":"public","camera:direction":"18-270","surveillance:type":"camera","surveillance:zone":"building","id":"node/4838466337","_lat":"38.89131674963559","_lon":"-77.01579093933105","timestamp":"2017-05-06T12:17:04Z","version":1,"changeset":48450741,"user":"rouvinator","uid":5533199}},{"type":"Feature","geometry":{"type":"Point","coordinates":[-77.016168,38.8912628]},"properties":{"name":"56","height":"25","man_made":"surveillance","camera:type":"panning","camera:mount":"wall","surveillance":"public","camera:direction":"0-90","surveillance:type":"camera","surveillance:zone":"building","id":"node/4838466336","_lat":"38.891266645633266","_lon":"-77.0161771774292","timestamp":"2017-05-06T12:17:04Z","version":1,"changeset":48450741,"user":"rouvinator","uid":5533199}},{"type":"Feature","geometry":{"type":"Point","coordinates":[-77.0173881,38.8909191]},"properties":{"name":"53","height":"10","man_made":"surveillance","camera:type":"panning","camera:mount":"pole","surveillance":"public","camera:direction":"0-90","surveillance:type":"camera","surveillance:zone":"building","id":"node/4838466339","_lat":"38.89091591662745","_lon":"-77.01737880706787","timestamp":"2021-02-23T22:09:19Z","version":2,"changeset":99857245,"user":"nickvet419","uid":18480}},{"type":"Feature","geometry":{"type":"Point","coordinates":[-77.0172039,38.890832]},"properties":{"name":"55","height":"10","man_made":"surveillance","check_date":"2023-04-10","camera:type":"panning","camera:mount":"pole","surveillance":"public","camera:direction":"0-90","surveillance:type":"camera","surveillance:zone":"building","id":"node/4838466341","_lat":"38.89083240946604","_lon":"-77.01720714569092","timestamp":"2023-04-10T17:44:11Z","version":3,"changeset":134740548,"user":"Peter Newman","uid":7096975}},{"type":"Feature","geometry":{"type":"Point","coordinates":[-77.0172906,38.89086]},"properties":{"name":"54","height":"10","man_made":"surveillance","camera:type":"panning","camera:mount":"pole","surveillance":"public","camera:direction":"270-90","surveillance:type":"camera","surveillance:zone":"building","id":"node/4838466340","_lat":"38.89086581234238","_lon":"-77.0172929763794","timestamp":"2021-02-23T22:09:19Z","version":2,"changeset":99857245,"user":"nickvet419","uid":18480}},{"type":"Feature","geometry":{"type":"Point","coordinates":[-77.0185188,38.891102]},"properties":{"name":"51","height":"5","man_made":"surveillance","camera:type":"dome","camera:mount":"wall","surveillance":"public","surveillance:type":"camera","surveillance:zone":"building","id":"node/4838441837","_lat":"38.89109963203694","_lon":"-77.01851606369019","timestamp":"2021-02-24T05:46:45Z","version":3,"changeset":99873710,"user":"nickvet419","uid":18480}},{"type":"Feature","geometry":{"type":"Point","coordinates":[-77.0192557,38.8909061]},"properties":{"name":"48","height":"5","man_made":"surveillance","camera:type":"dome","camera:mount":"wall","surveillance":"public","surveillance:type":"camera","surveillance:zone":"building","id":"node/804640727","_lat":"38.89089921520298","_lon":"-77.01924562454224","timestamp":"2021-02-24T05:46:45Z","version":5,"changeset":99873710,"user":"nickvet419","uid":18480}},{"type":"Feature","geometry":{"type":"Point","coordinates":[-77.0190224,38.8909689]},"properties":{"name":"195","height":"5","man_made":"surveillance","camera:type":"dome","camera:mount":"roof","surveillance":"public","surveillance:type":"camera","surveillance:zone":"building","id":"node/4838441830","_lat":"38.89096602087713","_lon":"-77.01903104782104","timestamp":"2021-02-23T21:25:04Z","version":2,"changeset":99855731,"user":"nickvet419","uid":18480}},{"type":"Feature","geometry":{"type":"Point","coordinates":[-77.0187475,38.8909127]},"properties":{"name":"50","height":"20","man_made":"surveillance","camera:type":"dome","camera:mount":"roof","surveillance":"public","surveillance:type":"camera","surveillance:zone":"building","id":"node/804642661","_lat":"38.89091591662745","_lon":"-77.0187520980835","timestamp":"2021-02-24T05:46:45Z","version":5,"changeset":99873710,"user":"nickvet419","uid":18480}},{"type":"Feature","geometry":{"type":"Point","coordinates":[-77.0187516,38.8910998]},"properties":{"name":"49","height":"5","man_made":"surveillance","camera:type":"dome","camera:mount":"wall","surveillance":"public","surveillance:type":"camera","surveillance:zone":"building","id":"node/804638721","_lat":"38.89109963203694","_lon":"-77.0187520980835","timestamp":"2021-02-24T05:46:45Z","version":5,"changeset":99873710,"user":"nickvet419","uid":18480}},{"type":"Feature","geometry":{"type":"Point","coordinates":[-77.0187606,38.8915699]},"properties":{"name":"44","height":"5","man_made":"surveillance","camera:type":"panning","camera:mount":"wall","surveillance":"public","camera:direction":"0-90","surveillance:type":"camera","surveillance:zone":"building","id":"node/804639840","_lat":"38.89156726911702","_lon":"-77.0187520980835","timestamp":"2021-02-24T05:46:45Z","version":5,"changeset":99873710,"user":"nickvet419","uid":18480}},{"type":"Feature","geometry":{"type":"Point","coordinates":[-77.0185256,38.8915728]},"properties":{"name":"45","height":"5","man_made":"surveillance","camera:type":"panning","camera:mount":"wall","surveillance":"public","surveillance:type":"camera","surveillance:zone":"building","id":"node/804638532","_lat":"38.89156726911702","_lon":"-77.01851606369019","timestamp":"2021-02-24T05:46:45Z","version":5,"changeset":99873710,"user":"nickvet419","uid":18480}},{"type":"Feature","geometry":{"type":"Point","coordinates":[-77.0182886,38.8914984]},"properties":{"name":"43","height":"5","man_made":"surveillance","camera:type":"dome","camera:mount":"pole","surveillance":"public","surveillance:type":"camera","surveillance:zone":"building","id":"node/4838441841","_lat":"38.891500464008374","_lon":"-77.01828002929688","timestamp":"2021-02-24T05:46:45Z","version":2,"changeset":99873710,"user":"nickvet419","uid":18480}},{"type":"Feature","geometry":{"type":"Point","coordinates":[-77.0178458,38.8911245]},"properties":{"name":"52","height":"5","man_made":"surveillance","camera:type":"dome","camera:mount":"pole","surveillance":"public","surveillance:type":"camera","surveillance:zone":"building","id":"node/4838441840","_lat":"38.89111633341426","_lon":"-77.01785087585449","timestamp":"2017-05-06T12:03:54Z","version":1,"changeset":48450481,"user":"rouvinator","uid":5533199}},{"type":"Feature","geometry":{"type":"Point","coordinates":[-77.0178116,38.8916011]},"properties":{"name":"47","height":"5","man_made":"surveillance","camera:type":"dome","camera:mount":"pole","surveillance":"public","surveillance:type":"camera","surveillance:zone":"building","id":"node/4838441839","_lat":"38.89160067164781","_lon":"-77.01780796051025","timestamp":"2021-02-24T05:46:45Z","version":2,"changeset":99873710,"user":"nickvet419","uid":18480}},{"type":"Feature","geometry":{"type":"Point","coordinates":[-77.0187643,38.8917537]},"properties":{"name":"45","height":"5","man_made":"surveillance","camera:type":"panning","camera:mount":"wall","surveillance":"public","camera:direction":"270-360","surveillance:type":"camera","surveillance:zone":"building","id":"node/804639701","_lat":"38.89175098284184","_lon":"-77.01877355575562","timestamp":"2021-02-24T05:46:45Z","version":5,"changeset":99873710,"user":"nickvet419","uid":18480}},{"type":"Feature","geometry":{"type":"Point","coordinates":[-77.0192765,38.8917465]},"properties":{"name":"46","height":"5","man_made":"surveillance","camera:type":"dome","camera:mount":"wall","surveillance":"public","surveillance:type":"camera","surveillance:zone":"building","id":"node/804640266","_lat":"38.89175098284184","_lon":"-77.01926708221436","timestamp":"2021-02-24T05:46:45Z","version":5,"changeset":99873710,"user":"nickvet419","uid":18480}},{"type":"Feature","geometry":{"type":"Point","coordinates":[-77.0230138,38.8916447]},"properties":{"name":"214","height":"5","man_made":"surveillance","camera:type":"dome","camera:mount":"pole","surveillance":"public","surveillance:type":"camera","surveillance:zone":"building","id":"node/4838717219","_lat":"38.89165077541449","_lon":"-77.0230221748352","timestamp":"2017-05-06T15:40:20Z","version":1,"changeset":48455349,"user":"rouvinator","uid":5533199}},{"type":"Feature","geometry":{"type":"Point","coordinates":[-77.0228712,38.8916502]},"properties":{"name":"215","height":"5","man_made":"surveillance","camera:type":"dome","camera:mount":"pole","surveillance":"public","surveillance:type":"camera","surveillance:zone":"building","id":"node/4838717220","_lat":"38.89165077541449","_lon":"-77.02287197113037","timestamp":"2017-05-06T15:40:20Z","version":1,"changeset":48455349,"user":"rouvinator","uid":5533199}},{"type":"Feature","geometry":{"type":"Point","coordinates":[-77.0197045,38.8916741]},"properties":{"name":"42","height":"25","man_made":"surveillance","camera:type":"dome","camera:mount":"roof","surveillance":"public","surveillance:type":"camera","surveillance:zone":"building","id":"node/804638053","_lat":"38.89166747666221","_lon":"-77.01969623565674","timestamp":"2021-02-24T05:46:45Z","version":5,"changeset":99873710,"user":"nickvet419","uid":18480}},{"type":"Feature","geometry":{"type":"Point","coordinates":[-77.02012,38.891669]},"properties":{"name":"201","height":"5","man_made":"surveillance","camera:type":"dome","camera:mount":"wall","surveillance":"public","surveillance:type":"camera","surveillance:zone":"building","id":"node/804639402","_lat":"38.89166747666221","_lon":"-77.02012538909912","timestamp":"2021-02-24T05:46:45Z","version":5,"changeset":99873710,"user":"nickvet419","uid":18480}},{"type":"Feature","geometry":{"type":"Point","coordinates":[-77.0205514,38.8917286]},"properties":{"name":"204","height":"10","man_made":"surveillance","camera:type":"dome","camera:mount":"pole","surveillance":"public","surveillance:type":"camera","surveillance:zone":"building","id":"node/804640698","_lat":"38.891734281613765","_lon":"-77.0205545425415","timestamp":"2021-02-24T05:46:45Z","version":5,"changeset":99873710,"user":"nickvet419","uid":18480}},{"type":"Feature","geometry":{"type":"Point","coordinates":[-77.0210639,38.8917214]},"properties":{"name":"40","height":"25","man_made":"surveillance","camera:type":"dome","camera:mount":"pole","surveillance":"public","surveillance:type":"camera","surveillance:zone":"building","id":"node/804638749","_lat":"38.891717580381794","_lon":"-77.02106952667236","timestamp":"2021-02-24T05:46:45Z","version":5,"changeset":99873710,"user":"nickvet419","uid":18480}},{"type":"Feature","geometry":{"type":"Point","coordinates":[-77.0212946,38.8915374]},"properties":{"name":"41","height":"25","man_made":"surveillance","camera:type":"dome","camera:mount":"roof","surveillance":"public","surveillance:type":"camera","surveillance:zone":"building","id":"node/804637965","_lat":"38.89153386657054","_lon":"-77.02128410339355","timestamp":"2021-02-24T05:46:45Z","version":5,"changeset":99873710,"user":"nickvet419","uid":18480}},{"type":"Feature","geometry":{"type":"Point","coordinates":[-77.0210578,38.8915397]},"properties":{"name":"197","height":"5","man_made":"surveillance","camera:type":"dome","camera:mount":"wall","surveillance":"public","surveillance:type":"camera","surveillance:zone":"building","id":"node/804641365","_lat":"38.89153386657054","_lon":"-77.02104806900024","timestamp":"2021-02-24T05:46:45Z","version":5,"changeset":99873710,"user":"nickvet419","uid":18480}},{"type":"Feature","geometry":{"type":"Point","coordinates":[-77.0212917,38.8914215]},"properties":{"name":"206","height":"5","man_made":"surveillance","camera:type":"dome","camera:mount":"wall","surveillance":"public","surveillance:type":"camera","surveillance:zone":"building","id":"node/4838441816","_lat":"38.891416957534204","_lon":"-77.02128410339355","timestamp":"2021-02-24T06:08:09Z","version":3,"changeset":99875481,"user":"nickvet419","uid":18480}},{"type":"Feature","geometry":{"type":"Point","coordinates":[-77.0212895,38.8913296]},"properties":{"name":"207","height":"5","man_made":"surveillance","camera:type":"dome","camera:mount":"wall","surveillance":"public","surveillance:type":"camera","surveillance:zone":"building","id":"node/4838441817","_lat":"38.89133345096184","_lon":"-77.02128410339355","timestamp":"2021-02-24T06:08:09Z","version":2,"changeset":99875481,"user":"nickvet419","uid":18480}},{"type":"Feature","geometry":{"type":"Point","coordinates":[-77.0198943,38.8911627]},"properties":{"name":"196","height":"25","man_made":"surveillance","camera:type":"dome","camera:mount":"roof","surveillance":"public","surveillance:type":"camera","surveillance:zone":"building","id":"node/4838441828","_lat":"38.8911664375226","_lon":"-77.01988935470581","timestamp":"2021-02-24T05:46:45Z","version":3,"changeset":99873710,"user":"nickvet419","uid":18480}},{"type":"Feature","geometry":{"type":"Point","coordinates":[-77.0200929,38.8909574]},"properties":{"name":"200","height":"10","man_made":"surveillance","camera:type":"dome","camera:mount":"pole","surveillance":"public","surveillance:type":"camera","surveillance:zone":"building","id":"node/804638642","_lat":"38.89094931946451","_lon":"-77.02008247375488","timestamp":"2021-02-24T06:37:45Z","version":6,"changeset":99878082,"user":"nickvet419","uid":18480}},{"type":"Feature","geometry":{"type":"Point","coordinates":[-77.0196942,38.890963]},"properties":{"name":"198","height":"5","man_made":"surveillance","camera:type":"dome","camera:mount":"wall","surveillance":"public","surveillance:type":"camera","surveillance:zone":"building","id":"node/804641695","_lat":"38.89096602087713","_lon":"-77.01969623565674","timestamp":"2021-02-24T06:37:45Z","version":6,"changeset":99878082,"user":"nickvet419","uid":18480}},{"type":"Feature","geometry":{"type":"Point","coordinates":[-77.0205332,38.890883]},"properties":{"name":"203","height":"5","man_made":"surveillance","camera:type":"dome","camera:mount":"wall","surveillance":"public","surveillance:type":"camera","surveillance:zone":"building","id":"node/804639881","_lat":"38.89088251377464","_lon":"-77.02053308486938","timestamp":"2021-02-24T05:46:45Z","version":5,"changeset":99873710,"user":"nickvet419","uid":18480}},{"type":"Feature","geometry":{"type":"Point","coordinates":[-77.0210441,38.8908811]},"properties":{"name":"202","height":"5","man_made":"surveillance","camera:type":"dome","camera:mount":"wall","surveillance":"public","surveillance:type":"camera","surveillance:zone":"building","id":"node/804640264","_lat":"38.89088251377464","_lon":"-77.02104806900024","timestamp":"2021-02-24T05:46:45Z","version":5,"changeset":99873710,"user":"nickvet419","uid":18480}},{"type":"Feature","geometry":{"type":"Point","coordinates":[-77.0210501,38.8910602]},"properties":{"name":"199","height":"5","man_made":"surveillance","camera:type":"dome","camera:mount":"wall","surveillance":"public","surveillance:type":"camera","surveillance:zone":"building","id":"node/804638177","_lat":"38.89106622927059","_lon":"-77.02104806900024","timestamp":"2021-02-24T05:46:45Z","version":5,"changeset":99873710,"user":"nickvet419","uid":18480}},{"type":"Feature","geometry":{"type":"Point","coordinates":[-77.0212828,38.8910583]},"properties":{"name":"205","height":"25","man_made":"surveillance","camera:type":"dome","camera:mount":"roof","surveillance":"public","surveillance:type":"camera","surveillance:zone":"building","id":"node/804640788","_lat":"38.89106622927059","_lon":"-77.02128410339355","timestamp":"2021-02-24T05:46:45Z","version":5,"changeset":99873710,"user":"nickvet419","uid":18480}},{"type":"Feature","geometry":{"type":"Point","coordinates":[-77.0224366,38.8912493]},"properties":{"name":"211","height":"5","man_made":"surveillance","camera:type":"dome","camera:mount":"pole","surveillance":"public","surveillance:type":"camera","surveillance:zone":"building","id":"node/4838736723","_lat":"38.8912499442913","_lon":"-77.02244281768799","timestamp":"2017-05-06T15:40:20Z","version":1,"changeset":48455349,"user":"rouvinator","uid":5533199}},{"type":"Feature","geometry":{"type":"Point","coordinates":[-77.0223106,38.8912493]},"properties":{"name":"208","height":"5","man_made":"surveillance","camera:type":"dome","camera:mount":"pole","surveillance":"public","surveillance:type":"camera","surveillance:zone":"building","id":"node/4838736722","_lat":"38.8912499442913","_lon":"-77.02231407165527","timestamp":"2017-05-06T15:40:20Z","version":1,"changeset":48455349,"user":"rouvinator","uid":5533199}},{"type":"Feature","geometry":{"type":"Point","coordinates":[-77.0222231,38.8913235]},"properties":{"name":"209","height":"5","man_made":"surveillance","camera:type":"dome","camera:mount":"pole","surveillance":"public","surveillance:type":"camera","surveillance:zone":"building","id":"node/4838736721","_lat":"38.89131674963559","_lon":"-77.0222282409668","timestamp":"2021-02-24T22:12:32Z","version":2,"changeset":99932769,"user":"nickvet419","uid":18480}},{"type":"Feature","geometry":{"type":"Point","coordinates":[-77.0224742,38.8911104]},"properties":{"name":"210","height":"5","man_made":"surveillance","camera:type":"dome","camera:mount":"pole","surveillance":"public","surveillance:type":"camera","surveillance:zone":"building","id":"node/4838736726","_lat":"38.89111633341426","_lon":"-77.02246427536011","timestamp":"2021-02-24T17:00:29Z","version":2,"changeset":99920360,"user":"nickvet419","uid":18480}},{"type":"Feature","geometry":{"type":"Point","coordinates":[-77.0233674,38.8911679]},"properties":{"name":"217","height":"5","man_made":"surveillance","camera:type":"dome","camera:mount":"pole","surveillance":"public","surveillance:type":"camera","surveillance:zone":"building","id":"node/4838736729","_lat":"38.8911664375226","_lon":"-77.02336549758911","timestamp":"2017-05-06T15:40:21Z","version":1,"changeset":48455349,"user":"rouvinator","uid":5533199}},{"type":"Feature","geometry":{"type":"Point","coordinates":[-77.0232628,38.8910113]},"properties":{"name":"216","height":"5","man_made":"surveillance","camera:type":"dome","camera:mount":"pole","surveillance":"public","surveillance:type":"camera","surveillance:zone":"building","id":"node/4838736728","_lat":"38.89101612509151","_lon":"-77.02325820922852","timestamp":"2017-05-06T15:40:21Z","version":1,"changeset":48455349,"user":"rouvinator","uid":5533199}},{"type":"Feature","geometry":{"type":"Point","coordinates":[-77.0228082,38.8908245]},"properties":{"name":"212","height":"5","man_made":"surveillance","camera:type":"dome","camera:mount":"pole","surveillance":"public","surveillance:type":"camera","surveillance:zone":"building","id":"node/4838736724","_lat":"38.89083240946604","_lon":"-77.02280759811401","timestamp":"2021-02-24T17:00:29Z","version":2,"changeset":99920360,"user":"nickvet419","uid":18480}},{"type":"Feature","geometry":{"type":"Point","coordinates":[-77.0230791,38.8908349]},"properties":{"name":"213","height":"5","man_made":"surveillance","camera:type":"dome","camera:mount":"pole","surveillance":"public","surveillance:type":"camera","surveillance:zone":"building","id":"node/4838736725","_lat":"38.89083240946604","_lon":"-77.02308654785156","timestamp":"2021-02-24T17:00:29Z","version":2,"changeset":99920360,"user":"nickvet419","uid":18480}},{"type":"Feature","geometry":{"type":"Point","coordinates":[-77.0237402,38.8907149]},"properties":{"name":"218","height":"5","man_made":"surveillance","camera:type":"dome","camera:mount":"pole","surveillance":"public","surveillance:type":"camera","surveillance:zone":"building","id":"node/4838736727","_lat":"38.89071549927513","_lon":"-77.02373027801514","timestamp":"2017-05-06T15:40:21Z","version":1,"changeset":48455349,"user":"rouvinator","uid":5533199}},{"type":"Feature","geometry":{"type":"Point","coordinates":[-77.02439,38.8911006]},"properties":{"name":"219","height":"25","man_made":"surveillance","camera:type":"dome","camera:mount":"roof","surveillance":"public","surveillance:type":"camera","surveillance:zone":"building","id":"node/804642296","_lat":"38.89109963203694","_lon":"-77.02439546585083","timestamp":"2021-02-25T11:20:51Z","version":2,"changeset":99972145,"user":"nickvet419","uid":18480}},{"type":"Feature","geometry":{"type":"Point","coordinates":[-77.0249776,38.8908228]},"properties":{"name":"246","height":"25","man_made":"surveillance","camera:type":"dome","camera:mount":"roof","surveillance":"public","surveillance:type":"camera","surveillance:zone":"building","id":"node/804642857","_lat":"38.89081570802196","_lon":"-77.02497482299805","timestamp":"2021-02-25T11:20:51Z","version":2,"changeset":99972145,"user":"nickvet419","uid":18480}},{"type":"Feature","geometry":{"type":"Point","coordinates":[-77.0237724,38.8918046]},"properties":{"name":"222","height":"5","man_made":"surveillance","camera:type":"dome","camera:mount":"pole","surveillance":"public","surveillance:type":"camera","surveillance:zone":"building","id":"node/4838736730","_lat":"38.89180108650251","_lon":"-77.02377319335938","timestamp":"2017-05-06T15:40:21Z","version":1,"changeset":48455349,"user":"rouvinator","uid":5533199}},{"type":"Feature","geometry":{"type":"Point","coordinates":[-77.0236839,38.8916585]},"properties":{"name":"223","height":"5","man_made":"surveillance","camera:type":"dome","camera:mount":"pole","surveillance":"public","surveillance:type":"camera","surveillance:zone":"building","id":"node/4838736731","_lat":"38.89165077541449","_lon":"-77.0236873626709","timestamp":"2017-05-06T15:40:21Z","version":1,"changeset":48455349,"user":"rouvinator","uid":5533199}},{"type":"Feature","geometry":{"type":"Point","coordinates":[-77.0244,38.8916141]},"properties":{"name":"220","height":"25","man_made":"surveillance","camera:type":"dome","camera:mount":"roof","surveillance":"public","surveillance:type":"camera","surveillance:zone":"building","id":"node/804642620","_lat":"38.89161737290726","_lon":"-77.02439546585083","timestamp":"2021-02-25T11:20:51Z","version":2,"changeset":99972145,"user":"nickvet419","uid":18480}},{"type":"Feature","geometry":{"type":"Point","coordinates":[-77.0237965,38.8919382]},"properties":{"name":"224","height":"5","man_made":"surveillance","camera:type":"dome","camera:mount":"pole","surveillance":"public","surveillance:type":"camera","surveillance:zone":"building","id":"node/4838736733","_lat":"38.89193469609151","_lon":"-77.0237946510315","timestamp":"2017-05-06T15:40:22Z","version":1,"changeset":48455349,"user":"rouvinator","uid":5533199}},{"type":"Feature","geometry":{"type":"Point","coordinates":[-77.023708,38.8922723]},"properties":{"name":"226","height":"5","man_made":"surveillance","camera:type":"dome","camera:mount":"pole","surveillance":"public","surveillance:type":"camera","surveillance:zone":"building","id":"node/4838736736","_lat":"38.8922687189644","_lon":"-77.02370882034302","timestamp":"2017-05-06T15:40:22Z","version":1,"changeset":48455349,"user":"rouvinator","uid":5533199}},{"type":"Feature","geometry":{"type":"Point","coordinates":[-77.0236705,38.892266]},"properties":{"name":"225","height":"5","man_made":"surveillance","camera:type":"dome","camera:mount":"pole","surveillance":"public","surveillance:type":"camera","surveillance:zone":"building","id":"node/4838736735","_lat":"38.8922687189644","_lon":"-77.02366590499878","timestamp":"2017-05-06T15:40:22Z","version":1,"changeset":48455349,"user":"rouvinator","uid":5533199}},{"type":"Feature","geometry":{"type":"Point","coordinates":[-77.0248536,38.8922521]},"properties":{"name":"227","height":"15","man_made":"surveillance","camera:type":"dome","camera:mount":"roof","surveillance":"public","surveillance:type":"camera","surveillance:zone":"building","id":"node/4838748227","_lat":"38.892252017858056","_lon":"-77.02484607696533","timestamp":"2017-05-06T15:54:14Z","version":1,"changeset":48455634,"user":"rouvinator","uid":5533199}},{"type":"Feature","geometry":{"type":"Point","coordinates":[-77.0250978,38.8916583]},"properties":{"name":"228","height":"25","man_made":"surveillance","camera:type":"dome","camera:mount":"roof","surveillance":"public","surveillance:type":"camera","surveillance:zone":"building","id":"node/804639318","_lat":"38.89165077541449","_lon":"-77.02510356903076","timestamp":"2021-02-25T11:20:51Z","version":2,"changeset":99972145,"user":"nickvet419","uid":18480}},{"type":"Feature","geometry":{"type":"Point","coordinates":[-77.0257634,38.8917448]},"properties":{"name":"229","height":"25","man_made":"surveillance","camera:type":"dome","camera:mount":"roof","surveillance":"public","surveillance:type":"camera","surveillance:zone":"building","id":"node/804638104","_lat":"38.89175098284184","_lon":"-77.02576875686646","timestamp":"2021-02-25T11:20:51Z","version":2,"changeset":99972145,"user":"nickvet419","uid":18480}},{"type":"Feature","geometry":{"type":"Point","coordinates":[-77.0262062,38.8917404]},"properties":{"name":"230","height":"25","man_made":"surveillance","camera:type":"dome","camera:mount":"roof","surveillance":"public","surveillance:type":"camera","surveillance:zone":"building","id":"node/804641620","_lat":"38.891734281613765","_lon":"-77.02619791030884","timestamp":"2021-02-25T11:20:51Z","version":2,"changeset":99972145,"user":"nickvet419","uid":18480}},{"type":"Feature","geometry":{"type":"Point","coordinates":[-77.0256355,38.8923911]},"properties":{"name":"235","height":"30","man_made":"surveillance","camera:type":"dome","camera:mount":"roof","surveillance":"public","surveillance:type":"camera","surveillance:zone":"building","id":"node/4838748228","_lat":"38.89238562659881","_lon":"-77.02564001083374","timestamp":"2017-05-06T15:54:14Z","version":1,"changeset":48455634,"user":"rouvinator","uid":5533199}},{"type":"Feature","geometry":{"type":"Point","coordinates":[-77.0273049,38.8923698]},"properties":{"name":"236","height":"30","man_made":"surveillance","camera:type":"dome","camera:mount":"roof","surveillance":"public","surveillance:type":"camera","surveillance:zone":"building","id":"node/4838748229","_lat":"38.892368925519946","_lon":"-77.02731370925903","timestamp":"2017-05-06T15:54:15Z","version":1,"changeset":48455634,"user":"rouvinator","uid":5533199}},{"type":"Feature","geometry":{"type":"Point","coordinates":[-77.0268162,38.8916727]},"properties":{"name":"231","height":"25","man_made":"surveillance","camera:type":"dome","camera:mount":"roof","surveillance":"public","surveillance:type":"camera","surveillance:zone":"building","id":"node/804642200","_lat":"38.89166747666221","_lon":"-77.0268201828003","timestamp":"2021-02-25T11:20:51Z","version":2,"changeset":99972145,"user":"nickvet419","uid":18480}},{"type":"Feature","geometry":{"type":"Point","coordinates":[-77.0269483,38.8907976]},"properties":{"name":"245","height":"25","man_made":"surveillance","camera:type":"dome","camera:mount":"roof","surveillance":"public","surveillance:type":"camera","surveillance:zone":"building","id":"node/804640302","_lat":"38.890799006573985","_lon":"-77.02694892883301","timestamp":"2021-02-25T11:20:51Z","version":2,"changeset":99972145,"user":"nickvet419","uid":18480}},{"type":"Feature","geometry":{"type":"Point","coordinates":[-77.027547,38.8910595]},"properties":{"name":"244","height":"25","man_made":"surveillance","camera:type":"dome","camera:mount":"roof","surveillance":"public","surveillance:type":"camera","surveillance:zone":"building","id":"node/804641563","_lat":"38.89106622927059","_lon":"-77.02754974365234","timestamp":"2021-02-25T11:20:51Z","version":2,"changeset":99972145,"user":"nickvet419","uid":18480}},{"type":"Feature","geometry":{"type":"Point","coordinates":[-77.0275532,38.8915608]},"properties":{"name":"234","height":"25","man_made":"surveillance","check_date":"2025-05-06","camera:type":"dome","camera:mount":"roof","surveillance":"public","surveillance:type":"camera","surveillance:zone":"building","id":"node/804640839","_lat":"38.89156726911702","_lon":"-77.02754974365234","timestamp":"2025-05-06T20:48:01Z","version":3,"changeset":165911399,"user":"Lm2345","uid":22579445}},{"type":"Feature","geometry":{"type":"Point","coordinates":[-77.0291121,38.8912367]},"properties":{"name":"248","height":"30","man_made":"surveillance","camera:type":"dome","camera:mount":"roof","surveillance":"public","surveillance:type":"camera","surveillance:zone":"building","id":"node/4838758498","_lat":"38.89123324294542","_lon":"-77.02911615371704","timestamp":"2017-05-06T16:01:02Z","version":1,"changeset":48455770,"user":"rouvinator","uid":5533199}},{"type":"Feature","geometry":{"type":"Point","coordinates":[-77.028967,38.8908695]},"properties":{"name":"249","height":"5","man_made":"surveillance","camera:type":"fixed","camera:mount":"wall","surveillance":"public","camera:direction":"90-160","surveillance:type":"camera","surveillance:zone":"building","id":"node/4838758502","_lat":"38.89086581234238","_lon":"-77.0289659500122","timestamp":"2017-05-06T16:01:02Z","version":1,"changeset":48455770,"user":"rouvinator","uid":5533199}},{"type":"Feature","geometry":{"type":"Point","coordinates":[-77.0287555,38.8910395]},"properties":{"name":"252","height":"5","man_made":"surveillance","camera:type":"dome","camera:mount":"wall","surveillance":"public","surveillance:type":"camera","surveillance:zone":"building","id":"node/4838758500","_lat":"38.89103282648847","_lon":"-77.02875137329102","timestamp":"2021-02-25T18:40:27Z","version":2,"changeset":99997313,"user":"nickvet419","uid":18480}},{"type":"Feature","geometry":{"type":"Point","coordinates":[-77.0287576,38.8908695]},"properties":{"name":"250","height":"5","man_made":"surveillance","camera:type":"fixed","camera:mount":"wall","surveillance":"public","camera:direction":"200-270","surveillance:type":"camera","surveillance:zone":"building","id":"node/4838758501","_lat":"38.89086581234238","_lon":"-77.02875137329102","timestamp":"2017-05-06T16:01:02Z","version":1,"changeset":48455770,"user":"rouvinator","uid":5533199}},{"type":"Feature","geometry":{"type":"Point","coordinates":[-77.0290016,38.8908207]},"properties":{"name":"251","height":"5","man_made":"surveillance","camera:type":"dome","camera:mount":"wall","surveillance":"public","surveillance:type":"camera","surveillance:zone":"building","id":"node/804641076","_lat":"38.89081570802196","_lon":"-77.02900886535645","timestamp":"2021-02-25T14:41:02Z","version":5,"changeset":99984117,"user":"nickvet419","uid":18480}},{"type":"Feature","geometry":{"type":"Point","coordinates":[-77.0301055,38.8909478]},"properties":{"name":"247","height":"30","man_made":"surveillance","camera:type":"dome","camera:mount":"roof","surveillance":"public","surveillance:type":"camera","surveillance:zone":"building","id":"node/4838758494","_lat":"38.89094931946451","_lon":"-77.03010320663452","timestamp":"2017-05-06T16:01:01Z","version":1,"changeset":48455770,"user":"rouvinator","uid":5533199}},{"type":"Feature","geometry":{"type":"Point","coordinates":[-77.0308551,38.8912282]},"properties":{"name":"253","height":"30","man_made":"surveillance","camera:type":"dome","camera:mount":"roof","surveillance":"public","surveillance:type":"camera","surveillance:zone":"building","id":"node/4838758495","_lat":"38.89123324294542","_lon":"-77.03085422515869","timestamp":"2017-05-06T16:01:01Z","version":1,"changeset":48455770,"user":"rouvinator","uid":5533199}},{"type":"Feature","geometry":{"type":"Point","coordinates":[-77.0300946,38.8915221]},"properties":{"name":"254","height":"30","man_made":"surveillance","camera:type":"dome","camera:mount":"roof","surveillance":"public","surveillance:type":"camera","surveillance:zone":"building","id":"node/4838758496","_lat":"38.89151716529145","_lon":"-77.03010320663452","timestamp":"2017-05-06T16:01:01Z","version":1,"changeset":48455770,"user":"rouvinator","uid":5533199}},{"type":"Feature","geometry":{"type":"Point","coordinates":[-77.0300109,38.8915454]},"properties":{"name":"255","height":"5","man_made":"surveillance","camera:type":"dome","camera:mount":"wall","surveillance":"public","surveillance:type":"camera","surveillance:zone":"building","id":"node/4838758497","_lat":"38.89155056784574","_lon":"-77.03001737594604","timestamp":"2017-05-06T16:01:01Z","version":1,"changeset":48455770,"user":"rouvinator","uid":5533199}},{"type":"Feature","geometry":{"type":"Point","coordinates":[-77.0302646,38.8923005]},"properties":{"name":"256","height":"30","man_made":"surveillance","camera:type":"dome","camera:mount":"roof","surveillance":"public","surveillance:type":"camera","surveillance:zone":"building","id":"node/4838758503","_lat":"38.8923021211653","_lon":"-77.03027486801147","timestamp":"2017-05-06T16:01:02Z","version":1,"changeset":48455770,"user":"rouvinator","uid":5533199}},{"type":"Feature","geometry":{"type":"Point","coordinates":[-77.0279003,38.8919716]},"properties":{"name":"243","height":"10","man_made":"surveillance","check_date":"2024-12-27","camera:type":"dome","camera:mount":"pole","surveillance":"public","surveillance:type":"camera","surveillance:zone":"building","id":"node/4838748235","_lat":"38.891968098449496","_lon":"-77.02789306640625","timestamp":"2024-12-27T18:22:54Z","version":2,"changeset":160687758,"user":"Sparks","uid":80285}},{"type":"Feature","geometry":{"type":"Point","coordinates":[-77.0280357,38.891838]},"properties":{"name":"237-241","height":"5","man_made":"surveillance","check_date":"2024-12-27","camera:type":"fixed","camera:mount":"pole","surveillance":"public","camera:direction":"330-30","surveillance:type":"camera","surveillance:zone":"traffic","id":"node/4838748236","_lat":"38.89183448892334","_lon":"-77.02804327011108","timestamp":"2024-12-27T18:22:46Z","version":2,"changeset":160687758,"user":"Sparks","uid":80285}},{"type":"Feature","geometry":{"type":"Point","coordinates":[-77.0276696,38.8918172]},"properties":{"name":"241","height":"5","man_made":"surveillance","camera:type":"dome","camera:mount":"pole","surveillance":"public","surveillance:type":"camera","surveillance:zone":"building","id":"node/4838748234","_lat":"38.89181778771487","_lon":"-77.02767848968506","timestamp":"2017-05-06T15:54:15Z","version":1,"changeset":48455634,"user":"rouvinator","uid":5533199}},{"type":"Feature","geometry":{"type":"Point","coordinates":[-77.0294045,38.8960191]},"properties":{"source":"survey","man_made":"surveillance","check_date":"2023-07-23","camera:type":"fixed","camera:mount":"wall","surveillance":"outdoor","camera:direction":"0","surveillance:type":"camera","id":"node/4734407835","_lat":"38.89602636804415","_lon":"-77.02939510345459","timestamp":"2023-07-23T15:24:03Z","version":2,"changeset":138898745,"user":"konstantintutsch","uid":19626868}},{"type":"Feature","geometry":{"type":"Point","coordinates":[-77.0294032,38.8962665]},"properties":{"source":"survey","man_made":"surveillance","check_date":"2023-07-23","camera:type":"dome","surveillance":"outdoor","surveillance:type":"camera","surveillance:zone":"entrance","id":"node/4734407834","_lat":"38.89626017075014","_lon":"-77.02939510345459","timestamp":"2023-07-23T15:23:20Z","version":2,"changeset":138898745,"user":"konstantintutsch","uid":19626868}},{"type":"Feature","geometry":{"type":"Point","coordinates":[-77.0194754,38.8999316]},"properties":{"source":"survey","man_made":"surveillance","camera:type":"fixed","camera:mount":"wall","surveillance":"outdoor","camera:direction":"135","surveillance:type":"camera","id":"node/4736105814","_lat":"38.89993411218657","_lon":"-77.01948165893555","timestamp":"2017-03-15T13:09:43Z","version":1,"changeset":46868720,"user":"srevilak","uid":4955841}},{"type":"Feature","geometry":{"type":"Point","coordinates":[-77.0194325,38.8999353]},"properties":{"source":"survey","man_made":"surveillance","camera:type":"fixed","camera:mount":"wall","surveillance":"outdoor","camera:direction":"135","surveillance:type":"camera","id":"node/4736105816","_lat":"38.89993411218657","_lon":"-77.01943874359131","timestamp":"2017-03-15T13:09:44Z","version":1,"changeset":46868720,"user":"srevilak","uid":4955841}},{"type":"Feature","geometry":{"type":"Point","coordinates":[-77.0194399,38.8999317]},"properties":{"source":"survey","man_made":"surveillance","camera:type":"fixed","camera:mount":"wall","surveillance":"outdoor","camera:direction":"225","surveillance:type":"camera","id":"node/4736105815","_lat":"38.89993411218657","_lon":"-77.01943874359131","timestamp":"2017-03-15T13:09:44Z","version":1,"changeset":46868720,"user":"srevilak","uid":4955841}},{"type":"Feature","geometry":{"type":"Point","coordinates":[-77.020031,38.9009596]},"properties":{"owner":"Metropolitan Police Department","source":"survey","man_made":"surveillance","camera:type":"dome","camera:mount":"pole","surveillance":"camera","surveillance:type":"camera","id":"node/4736096893","_lat":"38.90095276228999","_lon":"-77.02003955841064","timestamp":"2017-03-15T13:01:09Z","version":1,"changeset":46868509,"user":"srevilak","uid":4955841}},{"type":"Feature","geometry":{"type":"Point","coordinates":[-77.019753,38.9016996]},"properties":{"source":"survey","man_made":"surveillance","camera:type":"fixed","camera:mount":"ceiling","surveillance":"outdoor","surveillance:type":"camera","surveillance:zone":"entrance","id":"node/4736090245","_lat":"38.90170421611441","_lon":"-77.0197606086731","timestamp":"2017-03-15T12:58:53Z","version":1,"changeset":46868436,"user":"srevilak","uid":4955841}},{"type":"Feature","geometry":{"type":"Point","coordinates":[-77.0200552,38.8999086]},"properties":{"owner":"Metropolitan Police Department","source":"survey","man_made":"surveillance","camera:type":"dome","camera:mount":"pole","surveillance":"outdoor","surveillance:type":"camera","id":"node/4736098379","_lat":"38.89990071357511","_lon":"-77.02006101608276","timestamp":"2017-03-15T13:03:17Z","version":1,"changeset":46868568,"user":"srevilak","uid":4955841}},{"type":"Feature","geometry":{"type":"Point","coordinates":[-77.0310359,38.9018184]},"properties":{"source":"survey","man_made":"surveillance","camera:type":"fixed","camera:mount":"pole","surveillance":"outdoor","camera:direction":"320","surveillance:type":"camera","surveillance:zone":"traffic","id":"node/1668206317","_lat":"38.90182110821678","_lon":"-77.03102588653564","timestamp":"2018-10-11T15:59:07Z","version":2,"changeset":63425280,"user":"MariaL64","uid":8929764}},{"type":"Feature","geometry":{"type":"Point","coordinates":[-77.0241265,38.9019372]},"properties":{"man_made":"surveillance","direction":"161","camera:type":"fixed","manufacturer":"Flock Safety","surveillance":"public","surveillance:type":"ALPR","surveillance:zone":"traffic","manufacturer:wikidata":"Q108485435","id":"node/13256764001","_lat":"38.90193800012668","_lon":"-77.02411651611328","timestamp":"2025-10-25T21:47:39Z","version":1,"changeset":173773570,"user":"Wedge A","uid":23307562}},{"type":"Feature","geometry":{"type":"Point","coordinates":[-77.0188302,38.9026399]},"properties":{"owner":"Metropolitan Police Department","source":"survey","man_made":"surveillance","camera:type":"fixed","camera:mount":"pole","surveillance":"outdoor","camera:direction":"210","surveillance:type":"camera","surveillance:zone":"traffic","id":"node/4736087292","_lat":"38.90263934754495","_lon":"-77.01883792877197","timestamp":"2017-03-15T12:56:07Z","version":1,"changeset":46868352,"user":"srevilak","uid":4955841}},{"type":"Feature","geometry":{"type":"Point","coordinates":[-77.018836,38.9026425]},"properties":{"owner":"Metropolitan Police Dept","source":"survey","man_made":"surveillance","camera:type":"dome","camera:mount":"pole","surveillance":"outdoor","surveillance:type":"camera","id":"node/4736087293","_lat":"38.90263934754495","_lon":"-77.01883792877197","timestamp":"2017-03-15T12:56:07Z","version":1,"changeset":46868352,"user":"srevilak","uid":4955841}},{"type":"Feature","geometry":{"type":"Point","coordinates":[-77.0176643,38.9027244]},"properties":{"source":"survey","man_made":"surveillance","check_date":"2023-10-29","camera:type":"fixed","camera:mount":"wall","surveillance":"outdoor","camera:direction":"180","surveillance:type":"camera","id":"node/4736116264","_lat":"38.90272284082374","_lon":"-77.01765775680542","timestamp":"2023-10-29T19:04:40Z","version":2,"changeset":143327131,"user":"Peter Newman","uid":7096975}},{"type":"Feature","geometry":{"type":"Point","coordinates":[-77.0176562,38.9027308]},"properties":{"source":"survey","man_made":"surveillance","check_date":"2023-10-29","camera:type":"fixed","camera:mount":"wall","surveillance":"outdoor","camera:direction":"90","surveillance:type":"camera","id":"node/4736116263","_lat":"38.90272284082374","_lon":"-77.01765775680542","timestamp":"2023-10-29T19:04:40Z","version":2,"changeset":143327131,"user":"Peter Newman","uid":7096975}},{"type":"Feature","geometry":{"type":"Point","coordinates":[-77.0173093,38.9027635]},"properties":{"source":"survey","man_made":"surveillance","camera:type":"fixed","camera:mount":"wall","surveillance":"outdoor","camera:direction":"180","surveillance:type":"camera","id":"node/4736116893","_lat":"38.90275623810777","_lon":"-77.01731443405151","timestamp":"2017-03-15T13:15:08Z","version":1,"changeset":46868838,"user":"srevilak","uid":4955841}},{"type":"Feature","geometry":{"type":"Point","coordinates":[-77.0164589,38.9027905]},"properties":{"source":"survey","man_made":"surveillance","check_date":"2023-04-20","camera:type":"fixed","camera:mount":"wall","surveillance":"outdoor","camera:direction":"180","surveillance:type":"camera","id":"node/4736113865","_lat":"38.90278963537611","_lon":"-77.01645612716675","timestamp":"2023-04-20T17:45:11Z","version":2,"changeset":135161327,"user":"Peter Newman","uid":7096975}},{"type":"Feature","geometry":{"type":"Point","coordinates":[-77.0164449,38.9028066]},"properties":{"source":"survey","man_made":"surveillance","check_date":"2023-04-20","camera:type":"fixed","camera:mount":"wall","surveillance":"outdoor","camera:direction":"90","surveillance:type":"camera","id":"node/4736113864","_lat":"38.90280633400437","_lon":"-77.01643466949463","timestamp":"2023-04-20T17:45:11Z","version":2,"changeset":135161327,"user":"Peter Newman","uid":7096975}},{"type":"Feature","geometry":{"type":"Point","coordinates":[-77.0190854,38.9058783]},"properties":{"source":"survey","man_made":"surveillance","camera:type":"dome","camera:mount":"pole","surveillance":"outdoor","surveillance:type":"camera","surveillance:zone":"parking","id":"node/4736082921","_lat":"38.905878814761735","_lon":"-77.0190954208374","timestamp":"2017-03-15T12:52:21Z","version":1,"changeset":46868240,"user":"srevilak","uid":4955841}},{"type":"Feature","geometry":{"type":"Point","coordinates":[-77.0255047,38.9170947]},"properties":{"man_made":"surveillance","direction":"245","camera:type":"fixed","manufacturer":"Flock Safety","surveillance:type":"ALPR","manufacturer:wikidata":"Q108485435","id":"node/13154331848","_lat":"38.91709891921005","_lon":"-77.02551126480103","timestamp":"2025-09-18T23:42:05Z","version":1,"changeset":172136298,"user":"Wedge A","uid":23307562}},{"type":"Feature","geometry":{"type":"Point","coordinates":[-77.0237967,38.9168985]},"properties":{"man_made":"surveillance","direction":"105","camera:type":"fixed","manufacturer":"Flock Safety","surveillance:type":"ALPR","manufacturer:wikidata":"Q108485435","id":"node/13154358813","_lat":"38.916898575755624","_lon":"-77.0237946510315","timestamp":"2025-09-18T23:52:35Z","version":1,"changeset":172136471,"user":"Wedge A","uid":23307562}},{"type":"Feature","geometry":{"type":"Point","coordinates":[-77.0162355,38.913721]},"properties":{"man_made":"surveillance","direction":"103","manufacturer":"Flock Safety","camera:direction":"108","operator:wikidata":"Q108485435","surveillance:type":"ALPR","id":"node/13166796505","_lat":"38.91372639568718","_lon":"-77.01624155044556","timestamp":"2025-10-20T22:34:13Z","version":2,"changeset":173558173,"user":"floweringnight","uid":19955230}},{"type":"Feature","geometry":{"type":"Point","coordinates":[-77.0190278,38.9086313]},"properties":{"source":"survey","man_made":"surveillance","check_date":"2022-01-21","camera:type":"fixed","camera:mount":"pole","surveillance":"outdoor","camera:direction":"135","surveillance:type":"camera","surveillance:zone":"traffic","id":"node/4736070039","_lat":"38.908633915403215","_lon":"-77.01903104782104","timestamp":"2022-01-21T01:43:12Z","version":2,"changeset":116408433,"user":"Yom","uid":242694}},{"type":"Feature","geometry":{"type":"Point","coordinates":[-77.0190206,38.9086261]},"properties":{"source":"survey","man_made":"surveillance","check_date":"2022-01-21","camera:type":"dome","camera:mount":"pole","surveillance":"outdoor","surveillance:type":"camera","id":"node/4736059583","_lat":"38.908633915403215","_lon":"-77.01903104782104","timestamp":"2022-01-21T01:43:12Z","version":2,"changeset":116408433,"user":"Yom","uid":242694}},{"type":"Feature","geometry":{"type":"Point","coordinates":[-77.0189972,38.9078731]},"properties":{"man_made":"surveillance","operator":"Metro Police Department","direction":"19","camera:type":"fixed","manufacturer":"Flock Safety","surveillance":"public","surveillance:type":"ALPR","surveillance:zone":"traffic","manufacturer:wikidata":"Q108485435","id":"node/13256870801","_lat":"38.90786583748911","_lon":"-77.0189881324768","timestamp":"2025-10-25T23:13:02Z","version":1,"changeset":173775485,"user":"Wedge A","uid":23307562}},{"type":"Feature","geometry":{"type":"Point","coordinates":[-77.0190399,38.9072685]},"properties":{"man_made":"surveillance","operator":"Metro Police Department","direction":"263","camera:type":"fixed","manufacturer":"Flock Safety","surveillance":"public","surveillance:type":"ALPR","surveillance:zone":"traffic","manufacturer:wikidata":"Q108485435","id":"node/13256865201","_lat":"38.90726472723756","_lon":"-77.01903104782104","timestamp":"2025-10-25T23:04:16Z","version":1,"changeset":173775322,"user":"Wedge A","uid":23307562}},{"type":"Feature","geometry":{"type":"Point","coordinates":[-77.0188335,38.9071865]},"properties":{"man_made":"surveillance","operator":"Metro Police Department","direction":"84","camera:type":"fixed","manufacturer":"Flock Safety","surveillance":"public","surveillance:type":"ALPR","surveillance:zone":"traffic","manufacturer:wikidata":"Q108485435","id":"node/13256864301","_lat":"38.90718123930006","_lon":"-77.01883792877197","timestamp":"2025-10-25T23:02:22Z","version":1,"changeset":173775292,"user":"Wedge A","uid":23307562}},{"type":"Feature","geometry":{"type":"Point","coordinates":[-77.0190171,38.9071745]},"properties":{"owner":"Metropolitan Police Department","source":"survey","man_made":"surveillance","camera:type":"dome","camera:mount":"pole","surveillance":"outdoor","surveillance:type":"camera","id":"node/4736078600","_lat":"38.90718123930006","_lon":"-77.01900959014893","timestamp":"2017-03-15T12:50:25Z","version":1,"changeset":46868182,"user":"srevilak","uid":4955841}},{"type":"Feature","geometry":{"type":"Point","coordinates":[-77.031556,38.907348]},"properties":{"source":"survey","man_made":"surveillance","camera:type":"fixed","camera:mount":"wall","surveillance":"outdoor","surveillance:type":"camera","id":"node/4734370933","_lat":"38.907348215076894","_lon":"-77.03156232833862","timestamp":"2017-03-14T14:51:19Z","version":1,"changeset":46843163,"user":"srevilak","uid":4955841}},{"type":"Feature","geometry":{"type":"Point","coordinates":[-77.0316826,38.9073482]},"properties":{"source":"survey","man_made":"surveillance","camera:type":"fixed","camera:mount":"wall","surveillance":"outdoor","surveillance:type":"camera","id":"node/4734370934","_lat":"38.907348215076894","_lon":"-77.03169107437134","timestamp":"2017-03-14T14:51:19Z","version":1,"changeset":46843163,"user":"srevilak","uid":4955841}},{"type":"Feature","geometry":{"type":"Point","coordinates":[-77.032145,38.9081575]},"properties":{"source":"survey","man_made":"surveillance","camera:type":"fixed","camera:mount":"wall","surveillance":"outdoor","camera:direction":"90","surveillance:type":"camera","surveillance:zone":"entrance","id":"node/4734372965","_lat":"38.908149693338544","_lon":"-77.03214168548584","timestamp":"2017-03-14T14:53:42Z","version":1,"changeset":46843238,"user":"srevilak","uid":4955841}},{"type":"Feature","geometry":{"type":"Point","coordinates":[-77.0337736,38.9073568]},"properties":{"man_made":"surveillance","camera:type":"fixed","surveillance":"yes","surveillance:type":"camera","surveillance:zone":"residential","id":"node/6052754941","_lat":"38.90736491263297","_lon":"-77.0337724685669","timestamp":"2018-11-11T14:06:16Z","version":1,"changeset":64375390,"user":"West Virginian","uid":7602382}},{"type":"Feature","geometry":{"type":"Point","coordinates":[-77.0337401,38.90736]},"properties":{"man_made":"surveillance","camera:type":"fixed","surveillance":"yes","surveillance:type":"camera","surveillance:zone":"residential","id":"node/6052754942","_lat":"38.90736491263297","_lon":"-77.03372955322266","timestamp":"2018-11-11T14:06:16Z","version":1,"changeset":64375390,"user":"West Virginian","uid":7602382}},{"type":"Feature","geometry":{"type":"Point","coordinates":[-77.0321451,38.9114404]},"properties":{"source":"survey","man_made":"surveillance","camera:type":"fixed","camera:mount":"wall","surveillance":"outdoor","camera:direction":"90","surveillance:type":"camera","id":"node/4734398425","_lat":"38.911438998922534","_lon":"-77.03214168548584","timestamp":"2017-03-14T15:03:50Z","version":1,"changeset":46843558,"user":"srevilak","uid":4955841}},{"type":"Feature","geometry":{"type":"Point","coordinates":[-77.0321451,38.9114216]},"properties":{"source":"survey","man_made":"surveillance","camera:type":"fixed","camera:mount":"wall","surveillance":"outdoor","camera:direction":"90","surveillance:type":"camera","id":"node/4734398424","_lat":"38.91142230232481","_lon":"-77.03214168548584","timestamp":"2017-03-14T15:03:50Z","version":1,"changeset":46843558,"user":"srevilak","uid":4955841}},{"type":"Feature","geometry":{"type":"Point","coordinates":[-77.0516622,38.9207412]},"properties":{"man_made":"surveillance","direction":"190","camera:type":"fixed","manufacturer":"Flock Safety","surveillance":"public","surveillance:type":"ALPR","surveillance:zone":"traffic","manufacturer:wikidata":"Q108485435","id":"node/13631244401","_lat":"38.92073839349476","_lon":"-77.05166816711426","timestamp":"2026-03-09T23:08:42Z","version":1,"changeset":179608005,"user":"Natty","uid":226869}},{"type":"Feature","geometry":{"type":"Point","coordinates":[-77.0515509,38.9203781]},"properties":{"man_made":"surveillance","direction":"21","camera:type":"fixed","manufacturer":"Flock Safety","surveillance":"public","surveillance:type":"ALPR","surveillance:zone":"traffic","manufacturer:wikidata":"Q108485435","id":"node/13631284301","_lat":"38.92037111556749","_lon":"-77.05156087875366","timestamp":"2026-03-09T23:38:19Z","version":1,"changeset":179608479,"user":"Natty","uid":226869}},{"type":"Feature","geometry":{"type":"Point","coordinates":[-77.0435126,38.9216833]},"properties":{"man_made":"surveillance","camera:type":"fixed","manufacturer":"Flock Safety","camera:direction":"194","surveillance:type":"ALPR","wikimedia_commons":"Q108485435","id":"node/13226901329","_lat":"38.92168996837171","_lon":"-77.04351425170898","timestamp":"2025-10-12T00:11:12Z","version":1,"changeset":173159620,"user":"Wedge A","uid":23307562}},{"type":"Feature","geometry":{"type":"Point","coordinates":[-77.0404107,38.9169397]},"properties":{"man_made":"surveillance","direction":"70","camera:type":"fixed","manufacturer":"Flock Safety","surveillance:type":"ALPR","manufacturer:wikidata":"Q108485435","id":"node/13154255961","_lat":"38.91693196637064","_lon":"-77.04040288925171","timestamp":"2025-09-18T23:00:36Z","version":1,"changeset":172135755,"user":"Wedge A","uid":23307562}},{"type":"Feature","geometry":{"type":"Point","coordinates":[-77.0418338,38.9167625]},"properties":{"man_made":"surveillance","operator":"Metro Police Department","direction":"209","camera:type":"fixed","manufacturer":"Flock Safety","surveillance":"public","surveillance:type":"ALPR","surveillance:zone":"traffic","manufacturer:wikidata":"Q108485435","id":"node/13256954701","_lat":"38.91676501313847","_lon":"-77.04184055328369","timestamp":"2025-10-26T01:12:17Z","version":1,"changeset":173777131,"user":"Wedge A","uid":23307562}},{"type":"Feature","geometry":{"type":"Point","coordinates":[-77.0417392,38.9166184]},"properties":{"man_made":"surveillance","direction":"174","camera:type":"fixed","manufacturer":"Flock Safety","surveillance":"public","surveillance:type":"ALPR","surveillance:zone":"traffic","manufacturer:wikidata":"Q108485435","id":"node/13256953001","_lat":"38.916614754893686","_lon":"-77.0417332649231","timestamp":"2025-10-26T01:10:30Z","version":1,"changeset":173777114,"user":"Wedge A","uid":23307562}},{"type":"Feature","geometry":{"type":"Point","coordinates":[-77.0415948,38.9171469]},"properties":{"man_made":"surveillance","operator":"Metro Police Department","direction":"348","camera:type":"fixed","manufacturer":"Flock Safety","surveillance":"public","surveillance:type":"ALPR","surveillance:zone":"traffic","manufacturer:wikidata":"Q108485435","id":"node/13256956601","_lat":"38.917149004985276","_lon":"-77.04160451889038","timestamp":"2025-10-26T01:14:26Z","version":1,"changeset":173777161,"user":"Wedge A","uid":23307562}},{"type":"Feature","geometry":{"type":"Point","coordinates":[-77.0407173,38.9172868]},"properties":{"man_made":"surveillance","operator":"Metro Police Department","direction":"31","camera:type":"fixed","manufacturer":"Flock Safety","surveillance":"public","surveillance:type":"ALPR","surveillance:zone":"traffic","manufacturer:wikidata":"Q108485435","id":"node/13302800001","_lat":"38.91728256687972","_lon":"-77.0407247543335","timestamp":"2025-11-14T01:43:26Z","version":1,"changeset":174629083,"user":"Wedge A","uid":23307562}},{"type":"Feature","geometry":{"type":"Point","coordinates":[-77.0321061,38.9173621]},"properties":{"man_made":"surveillance","surveillance":"outdoor","surveillance:type":"camera","surveillance:zone":"traffic","id":"node/4350322335","_lat":"38.917366042936095","_lon":"-77.0320987701416","timestamp":"2016-08-14T22:18:41Z","version":1,"changeset":41455766,"user":"andrewwiseman","uid":408282}},{"type":"Feature","geometry":{"type":"Point","coordinates":[-77.0317886,38.9174182]},"properties":{"source":"survey","man_made":"surveillance","camera:type":"fixed","camera:mount":"pole","surveillance":"outdoor","camera:direction":"315","surveillance:type":"camera","surveillance:zone":"traffic","id":"node/4734386090","_lat":"38.917416128522774","_lon":"-77.03179836273193","timestamp":"2017-03-14T15:00:19Z","version":1,"changeset":46843432,"user":"srevilak","uid":4955841}},{"type":"Feature","geometry":{"type":"Point","coordinates":[-77.0321716,38.917112]},"properties":{"source":"survey","man_made":"surveillance","camera:type":"dome","camera:mount":"pole","surveillance":"outdoor","surveillance:type":"camera","id":"node/4734386089","_lat":"38.91711561447235","_lon":"-77.03216314315796","timestamp":"2017-03-14T15:00:19Z","version":1,"changeset":46843432,"user":"srevilak","uid":4955841}},{"type":"Feature","geometry":{"type":"Point","coordinates":[-77.0321573,38.9171068]},"properties":{"source":"survey","man_made":"surveillance","camera:type":"dome","camera:mount":"pole","surveillance":"outdoor","surveillance:type":"camera","id":"node/4734386088","_lat":"38.91709891921005","_lon":"-77.03216314315796","timestamp":"2017-03-14T15:00:19Z","version":1,"changeset":46843432,"user":"srevilak","uid":4955841}},{"type":"Feature","geometry":{"type":"Point","coordinates":[-77.0325593,38.928821]},"properties":{"man_made":"surveillance","check_date":"2025-07-12","camera:type":"dome","camera:mount":"pole","surveillance":"outdoor","surveillance:type":"camera","surveillance:zone":"street","id":"node/6416257421","_lat":"38.92881802690641","_lon":"-77.0325493812561","timestamp":"2025-07-12T21:35:32Z","version":2,"changeset":168852894,"user":"John Kastner","uid":8486808}},{"type":"Feature","geometry":{"type":"Point","coordinates":[-77.042307,38.922851]},"properties":{"man_made":"surveillance","camera:type":"fixed","manufacturer":"Flock Safety","camera:direction":"41","surveillance:type":"ALPR","wikimedia_commons":"Q108485435","id":"node/13226901848","_lat":"38.922858551638114","_lon":"-77.04231262207031","timestamp":"2025-10-12T00:04:47Z","version":1,"changeset":173159529,"user":"Wedge A","uid":23307562}},{"type":"Feature","geometry":{"type":"Point","coordinates":[-77.0365541,38.9361548]},"properties":{"man_made":"surveillance","direction":"140","camera:type":"fixed","manufacturer":"Flock Safety","surveillance:type":"ALPR","manufacturer:wikidata":"Q108485435","id":"node/13158951821","_lat":"38.9361623496803","_lon":"-77.03656196594238","timestamp":"2025-09-21T02:00:29Z","version":1,"changeset":172227515,"user":"hello_moto","uid":22566125}},{"type":"Feature","geometry":{"type":"Point","coordinates":[-77.0363576,38.9373607]},"properties":{"man_made":"surveillance","direction":"345","camera:type":"fixed","manufacturer":"Flock Safety","surveillance:type":"ALPR","manufacturer:wikidata":"Q108485435","id":"node/13143737413","_lat":"38.93736407554613","_lon":"-77.03634738922119","timestamp":"2025-09-15T04:10:34Z","version":2,"changeset":171944155,"user":"hello_moto","uid":22566125}},{"type":"Feature","geometry":{"type":"Point","coordinates":[-77.0048529,38.9282606]},"properties":{"man_made":"surveillance","direction":"13","camera:type":"fixed","camera:mount":"pole","manufacturer":"Motorola Solutions","surveillance":"public","surveillance:type":"ALPR","surveillance:zone":"traffic","manufacturer:wikidata":"Q634815","id":"node/13667426501","_lat":"38.928267172040734","_lon":"-77.0048475265503","timestamp":"2026-03-21T18:45:18Z","version":2,"changeset":180221326,"user":"FiloDo4","uid":23924244}},{"type":"Feature","geometry":{"type":"Point","coordinates":[-77.005016,38.9282886]},"properties":{"man_made":"surveillance","direction":"185","camera:type":"fixed","manufacturer":"Motorola Solutions","surveillance":"public","surveillance:type":"ALPR","surveillance:zone":"traffic","manufacturer:wikidata":"Q634815","id":"node/13667430801","_lat":"38.92828386467525","_lon":"-77.00501918792725","timestamp":"2026-03-21T18:46:00Z","version":2,"changeset":180221354,"user":"FiloDo4","uid":23924244}},{"type":"Feature","geometry":{"type":"Point","coordinates":[-77.0351724,38.939936]},"properties":{"man_made":"surveillance","direction":"153","camera:type":"fixed","manufacturer":"Flock Safety","surveillance":"public","surveillance:type":"ALPR","surveillance:zone":"traffic","manufacturer:wikidata":"Q108485435","id":"node/13597112080","_lat":"38.93993436528612","_lon":"-77.03516721725464","timestamp":"2026-03-26T21:09:36Z","version":3,"changeset":180475790,"user":"Deflockdc","uid":23981943}},{"type":"Feature","geometry":{"type":"Point","coordinates":[-77.035139,38.9398893]},"properties":{"man_made":"surveillance","direction":"134","camera:type":"fixed","manufacturer":"Flock Safety","surveillance":"public","surveillance:type":"ALPR","surveillance:zone":"traffic","manufacturer:wikidata":"Q108485435","id":"node/13764984801","_lat":"38.939884295596585","_lon":"-77.03514575958252","timestamp":"2026-04-26T21:00:44Z","version":1,"changeset":181864621,"user":"Natty","uid":226869}},{"type":"Feature","geometry":{"type":"Point","coordinates":[-77.0614238,38.9402675]},"properties":{"man_made":"surveillance","direction":"135","camera:type":"fixed","manufacturer":"Flock Safety","surveillance:type":"ALPR","manufacturer:wikidata":"Q108485435","id":"node/13146150310","_lat":"38.940268162312975","_lon":"-77.06143140792847","timestamp":"2025-09-16T00:08:26Z","version":1,"changeset":171989552,"user":"hello_moto","uid":22566125}},{"type":"Feature","geometry":{"type":"Point","coordinates":[-77.03658,38.8887376]},"properties":{"name":"278","height":"10","man_made":"surveillance","check_date":"2021-12-02","camera:type":"dome","camera:mount":"pole","surveillance":"public","surveillance:type":"camera","surveillance:zone":"memorial","id":"node/4838792678","_lat":"38.88874469852408","_lon":"-77.0365834236145","timestamp":"2021-12-02T21:59:16Z","version":2,"changeset":114499774,"user":"Fabian N","uid":215568}},{"type":"Feature","geometry":{"type":"Point","coordinates":[-77.0339837,38.8885957]},"properties":{"name":"277","height":"10","man_made":"surveillance","check_date":"2021-12-02","camera:type":"dome","camera:mount":"pole","surveillance":"public","surveillance:type":"camera","surveillance:zone":"memorial","id":"node/4838792677","_lat":"38.8885943809683","_lon":"-77.03398704528809","timestamp":"2021-12-02T22:02:11Z","version":2,"changeset":114499774,"user":"Fabian N","uid":215568}},{"type":"Feature","geometry":{"type":"Point","coordinates":[-77.0333672,38.886969]},"properties":{"name":"377","height":"10","man_made":"surveillance","camera:type":"dome","camera:mount":"wall","surveillance":"public","surveillance:type":"camera","surveillance:zone":"building","id":"node/4838814777","_lat":"38.88697427156765","_lon":"-77.03336477279663","timestamp":"2017-05-06T16:42:11Z","version":1,"changeset":48456638,"user":"rouvinator","uid":5533199}},{"type":"Feature","geometry":{"type":"Point","coordinates":[-77.0330057,38.8871083]},"properties":{"name":"379","height":"20","man_made":"surveillance","camera:type":"panning","camera:mount":"wall","surveillance":"public","camera:direction":"90-270","surveillance:type":"camera","surveillance:zone":"building","id":"node/4838814779","_lat":"38.8871078902358","_lon":"-77.0329999923706","timestamp":"2017-05-06T16:42:11Z","version":1,"changeset":48456638,"user":"rouvinator","uid":5533199}},{"type":"Feature","geometry":{"type":"Point","coordinates":[-77.0329015,38.8868296]},"properties":{"name":"382","height":"5","man_made":"surveillance","camera:type":"dome","camera:mount":"wall","surveillance":"public","surveillance:type":"camera","surveillance:zone":"building","id":"node/4838814768","_lat":"38.88682395026561","_lon":"-77.03289270401001","timestamp":"2017-05-06T16:42:10Z","version":1,"changeset":48456638,"user":"rouvinator","uid":5533199}},{"type":"Feature","geometry":{"type":"Point","coordinates":[-77.0322501,38.8870375]},"properties":{"name":"384","height":"5","man_made":"surveillance","camera:type":"dome","camera:mount":"pole","surveillance":"public","surveillance:type":"camera","surveillance:zone":"building","id":"node/4838814774","_lat":"38.88704108093313","_lon":"-77.03224897384644","timestamp":"2017-05-06T16:42:11Z","version":1,"changeset":48456638,"user":"rouvinator","uid":5533199}},{"type":"Feature","geometry":{"type":"Point","coordinates":[-77.0326984,38.8870383]},"properties":{"name":"378","height":"20","man_made":"surveillance","camera:type":"dome","camera:mount":"roof","surveillance":"public","surveillance:type":"camera","surveillance:zone":"building","id":"node/4838814778","_lat":"38.88704108093313","_lon":"-77.03269958496094","timestamp":"2017-05-06T16:42:11Z","version":1,"changeset":48456638,"user":"rouvinator","uid":5533199}},{"type":"Feature","geometry":{"type":"Point","coordinates":[-77.032566,38.8870552]},"properties":{"name":"381","man_made":"surveillance","camera:type":"dome","camera:mount":"roof","surveillance":"public","surveillance:type":"camera","surveillance:zone":"building","id":"node/4838814776","_lat":"38.88705778326468","_lon":"-77.03257083892822","timestamp":"2017-05-06T16:42:11Z","version":1,"changeset":48456638,"user":"rouvinator","uid":5533199}},{"type":"Feature","geometry":{"type":"Point","coordinates":[-77.032491,38.8870397]},"properties":{"name":"380","height":"10","man_made":"surveillance","camera:type":"dome","camera:mount":"wall","surveillance":"public","surveillance:type":"camera","surveillance:zone":"building","id":"node/4838814775","_lat":"38.88704108093313","_lon":"-77.03248500823975","timestamp":"2017-05-06T16:42:11Z","version":1,"changeset":48456638,"user":"rouvinator","uid":5533199}},{"type":"Feature","geometry":{"type":"Point","coordinates":[-77.0321296,38.887035]},"properties":{"name":"385","height":"5","man_made":"surveillance","camera:type":"dome","camera:mount":"pole","surveillance":"public","surveillance:type":"camera","surveillance:zone":"building","id":"node/4838814773","_lat":"38.88704108093313","_lon":"-77.03212022781372","timestamp":"2017-05-06T16:42:10Z","version":1,"changeset":48456638,"user":"rouvinator","uid":5533199}},{"type":"Feature","geometry":{"type":"Point","coordinates":[-77.0350211,38.8894343]},"properties":{"name":"444","height":"5","support":"wall_mounted","man_made":"surveillance","camera:type":"dome","camera:mount":"wall","surveillance":"outdoor","surveillance:type":"camera","surveillance:zone":"entrance","id":"node/4838792674","_lat":"38.88942947447529","_lon":"-77.0350170135498","timestamp":"2025-08-23T13:54:43Z","version":5,"changeset":170882139,"user":"rollercoasting","uid":10869342}},{"type":"Feature","geometry":{"type":"Point","coordinates":[-77.0350215,38.8895169]},"properties":{"name":"276","height":"5","support":"wall_mounted","man_made":"surveillance","camera:type":"dome","camera:mount":"wall","surveillance":"outdoor","surveillance:type":"camera","surveillance:zone":"entrance","id":"node/4838792673","_lat":"38.88951298328604","_lon":"-77.0350170135498","timestamp":"2025-08-23T13:54:43Z","version":5,"changeset":170882139,"user":"rollercoasting","uid":10869342}},{"type":"Feature","geometry":{"type":"Point","coordinates":[-77.0234995,38.8877829]},"properties":{"name":"439","height":"5","man_made":"surveillance","camera:type":"dome","camera:mount":"wall","surveillance":"public","camera:direction":"45-135","surveillance:type":"camera","surveillance:zone":"building","id":"node/4838828071","_lat":"38.887775979806634","_lon":"-77.02349424362183","timestamp":"2017-05-06T16:56:20Z","version":1,"changeset":48456946,"user":"rouvinator","uid":5533199}},{"type":"Feature","geometry":{"type":"Point","coordinates":[-77.0235777,38.8878364]},"properties":{"name":"399","height":"5","man_made":"surveillance","camera:type":"fixed","camera:mount":"wall","surveillance":"public","camera:direction":"300-45","surveillance:type":"camera","surveillance:zone":"building","id":"node/4838828070","_lat":"38.88784278841814","_lon":"-77.0235800743103","timestamp":"2017-05-06T16:56:20Z","version":1,"changeset":48456946,"user":"rouvinator","uid":5533199}},{"type":"Feature","geometry":{"type":"Point","coordinates":[-77.0235762,38.8886344]},"properties":{"name":"394","height":"5","man_made":"surveillance","camera:type":"fixed","camera:mount":"wall","surveillance":"public","camera:direction":"200-270","surveillance:type":"camera","surveillance:zone":"building","id":"node/2553946714","_lat":"38.88862778489707","_lon":"-77.0235800743103","timestamp":"2025-08-28T02:14:40Z","version":4,"changeset":171110143,"user":"nickvet419","uid":18480}},{"type":"Feature","geometry":{"type":"Point","coordinates":[-77.0260181,38.889005]},"properties":{"name":"392","height":"25","man_made":"surveillance","camera:type":"dome","camera:mount":"roof","surveillance":"public","surveillance:type":"camera","surveillance:zone":"building","id":"node/528552022","_lat":"38.889011928948975","_lon":"-77.02602624893188","timestamp":"2021-02-19T14:00:30Z","version":3,"changeset":99599445,"user":"nickvet419","uid":18480}},{"type":"Feature","geometry":{"type":"Point","coordinates":[-77.0259433,38.889005]},"properties":{"name":"393","height":"25","man_made":"surveillance","camera:type":"dome","camera:mount":"wall","surveillance":"public","surveillance:type":"camera","surveillance:zone":"building","id":"node/528552029","_lat":"38.889011928948975","_lon":"-77.02594041824341","timestamp":"2021-02-19T14:00:30Z","version":3,"changeset":99599445,"user":"nickvet419","uid":18480}},{"type":"Feature","geometry":{"type":"Point","coordinates":[-77.0172378,38.8889827]},"properties":{"name":"390","height":"5","man_made":"surveillance","check_date":"2023-03-25","camera:type":"dome","camera:mount":"pole","surveillance":"public","surveillance:type":"camera","surveillance:zone":"traffic","id":"node/4838475451","_lat":"38.88897852520083","_lon":"-77.01722860336304","timestamp":"2023-03-26T01:37:54Z","version":2,"changeset":134122505,"user":"Qs382","uid":14002023}},{"type":"Feature","geometry":{"type":"Point","coordinates":[-77.017168,38.8889785]},"properties":{"name":"391","height":"5","man_made":"surveillance","check_date":"2023-03-25","camera:type":"dome","camera:mount":"pole","surveillance":"public","surveillance:type":"camera","surveillance:zone":"traffic","id":"node/4838475452","_lat":"38.88897852520083","_lon":"-77.01716423034668","timestamp":"2023-03-26T01:37:56Z","version":2,"changeset":134122505,"user":"Qs382","uid":14002023}},{"type":"Feature","geometry":{"type":"Point","coordinates":[-77.0173496,38.8886793]},"properties":{"name":"432","height":"5","man_made":"surveillance","camera:type":"dome","camera:mount":"pole","surveillance":"public","surveillance:type":"camera","surveillance:zone":"building","id":"node/8417967017","_lat":"38.88867789076079","_lon":"-77.01735734939575","timestamp":"2021-02-18T01:10:21Z","version":2,"changeset":99483084,"user":"nickvet419","uid":18480}},{"type":"Feature","geometry":{"type":"Point","coordinates":[-77.0189537,38.8884073]},"properties":{"name":"408","height":"5","man_made":"surveillance","camera:type":"dome","camera:mount":"wall","surveillance":"public","surveillance:type":"camera","surveillance:zone":"building","id":"node/4838837912","_lat":"38.888410659079256","_lon":"-77.01894521713257","timestamp":"2017-05-06T17:06:45Z","version":1,"changeset":48457161,"user":"rouvinator","uid":5533199}},{"type":"Feature","geometry":{"type":"Point","coordinates":[-77.0180996,38.8880082]},"properties":{"name":"434","height":"5","man_made":"surveillance","camera:type":"dome","camera:mount":"wall","surveillance":"indoor","surveillance:type":"camera","surveillance:zone":"building","id":"node/4838837914","_lat":"38.88800980967207","_lon":"-77.01810836791992","timestamp":"2017-05-06T17:06:46Z","version":1,"changeset":48457161,"user":"rouvinator","uid":5533199}},{"type":"Feature","geometry":{"type":"Point","coordinates":[-77.0181866,38.8879396]},"properties":{"name":"435","height":"5","man_made":"surveillance","camera:type":"dome","camera:mount":"wall","surveillance":"indoor","surveillance:type":"camera","surveillance:zone":"building","id":"node/4838837915","_lat":"38.88794300121762","_lon":"-77.0181941986084","timestamp":"2017-05-06T17:06:46Z","version":1,"changeset":48457161,"user":"rouvinator","uid":5533199}},{"type":"Feature","geometry":{"type":"Point","coordinates":[-77.0179971,38.8880645]},"properties":{"name":"413","height":"5","man_made":"surveillance","camera:type":"dome","camera:mount":"wall","surveillance":"indoor","surveillance:type":"camera","surveillance:zone":"building","id":"node/4838837913","_lat":"38.88805991597167","_lon":"-77.01800107955933","timestamp":"2017-05-06T17:06:46Z","version":1,"changeset":48457161,"user":"rouvinator","uid":5533199}},{"type":"Feature","geometry":{"type":"Point","coordinates":[-77.0180012,38.8882595]},"properties":{"name":"412","height":"5","man_made":"surveillance","camera:type":"dome","camera:mount":"wall","surveillance":"indoor","surveillance:type":"camera","surveillance:zone":"building","id":"node/4838837911","_lat":"38.88826034081663","_lon":"-77.01800107955933","timestamp":"2017-05-06T17:06:45Z","version":1,"changeset":48457161,"user":"rouvinator","uid":5533199}},{"type":"Feature","geometry":{"type":"Point","coordinates":[-77.0185326,38.8884574]},"properties":{"name":"406","height":"15","man_made":"surveillance","camera:type":"dome","camera:mount":"roof","surveillance":"public","surveillance:type":"camera","surveillance:zone":"building","id":"node/4838837908","_lat":"38.88846076509614","_lon":"-77.0185375213623","timestamp":"2017-05-06T17:06:45Z","version":1,"changeset":48457161,"user":"rouvinator","uid":5533199}},{"type":"Feature","geometry":{"type":"Point","coordinates":[-77.0172157,38.8884739]},"properties":{"name":"431","height":"5","man_made":"surveillance","camera:type":"dome","camera:mount":"wall","surveillance":"public","surveillance:type":"camera","surveillance:zone":"building","id":"node/4838854219","_lat":"38.88847746709391","_lon":"-77.01720714569092","timestamp":"2021-02-12T11:32:12Z","version":2,"changeset":99172304,"user":"nickvet419","uid":18480}},{"type":"Feature","geometry":{"type":"Point","coordinates":[-77.0167879,38.888472]},"properties":{"name":"429","height":"10","man_made":"surveillance","camera:type":"dome","camera:mount":"wall","surveillance":"public","surveillance:type":"camera","surveillance:zone":"building","id":"node/4838854220","_lat":"38.88847746709391","_lon":"-77.01677799224854","timestamp":"2021-02-12T11:32:12Z","version":2,"changeset":99172304,"user":"nickvet419","uid":18480}},{"type":"Feature","geometry":{"type":"Point","coordinates":[-77.0163745,38.8884904]},"properties":{"name":"430","height":"25","man_made":"surveillance","camera:type":"dome","camera:mount":"roof","surveillance":"public","surveillance:type":"camera","surveillance:zone":"building","id":"node/4270169910","_lat":"38.88849416908772","_lon":"-77.01637029647827","timestamp":"2021-02-12T11:17:49Z","version":2,"changeset":99171343,"user":"nickvet419","uid":18480}},{"type":"Feature","geometry":{"type":"Point","coordinates":[-77.0159492,38.8885107]},"properties":{"name":"433","height":"25","man_made":"surveillance","camera:type":"dome","camera:mount":"roof","surveillance":"public","surveillance:type":"camera","surveillance:zone":"building","id":"node/4838855223","_lat":"38.88851087107764","_lon":"-77.01594114303589","timestamp":"2021-02-12T11:32:12Z","version":2,"changeset":99172304,"user":"nickvet419","uid":18480}},{"type":"Feature","geometry":{"type":"Point","coordinates":[-77.0160464,38.8884461]},"properties":{"name":"428","height":"5","man_made":"surveillance","check_date":"2023-04-17","camera:type":"dome","camera:mount":"wall","surveillance":"public","surveillance:type":"camera","surveillance:zone":"building","id":"node/4838855222","_lat":"38.888444063094454","_lon":"-77.01604843139648","timestamp":"2023-04-17T18:42:30Z","version":3,"changeset":135028136,"user":"Peter Newman","uid":7096975}},{"type":"Feature","geometry":{"type":"Point","coordinates":[-77.0157938,38.8884228]},"properties":{"name":"427","height":"5","man_made":"surveillance","camera:type":"dome","camera:mount":"wall","surveillance":"public","surveillance:type":"camera","surveillance:zone":"building","id":"node/4838855224","_lat":"38.888427361088816","_lon":"-77.01579093933105","timestamp":"2021-02-12T11:32:12Z","version":2,"changeset":99172304,"user":"nickvet419","uid":18480}},{"type":"Feature","geometry":{"type":"Point","coordinates":[-77.0157626,38.8882955]},"properties":{"name":"426","height":"5","man_made":"surveillance","camera:type":"dome","camera:mount":"wall","surveillance":"public","surveillance:type":"camera","surveillance:zone":"building","id":"node/4838855225","_lat":"38.888293744902484","_lon":"-77.01576948165894","timestamp":"2021-02-12T11:32:12Z","version":2,"changeset":99172304,"user":"nickvet419","uid":18480}},{"type":"Feature","geometry":{"type":"Point","coordinates":[-77.0160603,38.8882001]},"properties":{"name":"423","height":"10","man_made":"surveillance","camera:type":"dome","camera:mount":"wall","surveillance":"public","surveillance:type":"camera","surveillance:zone":"building","id":"node/4838855227","_lat":"38.888193532597796","_lon":"-77.0160698890686","timestamp":"2017-05-06T17:26:47Z","version":1,"changeset":48457578,"user":"rouvinator","uid":5533199}},{"type":"Feature","geometry":{"type":"Point","coordinates":[-77.0163735,38.8879667]},"properties":{"name":"416","height":"5","man_made":"surveillance","camera:type":"dome","camera:mount":"pole","surveillance":"public","surveillance:type":"camera","surveillance:zone":"building","id":"node/4838855233","_lat":"38.887959703337145","_lon":"-77.01637029647827","timestamp":"2017-05-06T17:26:48Z","version":1,"changeset":48457578,"user":"rouvinator","uid":5533199}},{"type":"Feature","geometry":{"type":"Point","coordinates":[-77.016354,38.8880576]},"properties":{"name":"415","height":"5","man_made":"surveillance","camera:type":"dome","camera:mount":"pole","surveillance":"public","surveillance:type":"camera","surveillance:zone":"building","id":"node/4838855234","_lat":"38.88805991597167","_lon":"-77.01634883880615","timestamp":"2021-02-12T11:17:49Z","version":2,"changeset":99171343,"user":"nickvet419","uid":18480}},{"type":"Feature","geometry":{"type":"Point","coordinates":[-77.016338,38.8881253]},"properties":{"name":"418","height":"5","man_made":"surveillance","camera:type":"dome","camera:mount":"wall","surveillance":"public","surveillance:type":"camera","surveillance:zone":"building","id":"node/4838855229","_lat":"38.88812672431615","_lon":"-77.01632738113403","timestamp":"2017-05-06T17:26:47Z","version":1,"changeset":48457578,"user":"rouvinator","uid":5533199}},{"type":"Feature","geometry":{"type":"Point","coordinates":[-77.0161955,38.8881702]},"properties":{"name":"422","height":"5","man_made":"surveillance","camera:type":"dome","camera:mount":"wall","surveillance":"public","surveillance:type":"camera","surveillance:zone":"building","id":"node/4838855228","_lat":"38.8881768305333","_lon":"-77.01619863510132","timestamp":"2021-02-12T11:17:49Z","version":2,"changeset":99171343,"user":"nickvet419","uid":18480}},{"type":"Feature","geometry":{"type":"Point","coordinates":[-77.0168129,38.88733]},"properties":{"name":"417","height":"25","man_made":"surveillance","camera:type":"dome","camera:mount":"roof","surveillance":"public","surveillance:type":"camera","surveillance:zone":"building","id":"node/4838855238","_lat":"38.88732502003549","_lon":"-77.01682090759277","timestamp":"2017-05-06T17:26:48Z","version":1,"changeset":48457578,"user":"rouvinator","uid":5533199}},{"type":"Feature","geometry":{"type":"Point","coordinates":[-77.0160355,38.8873237]},"properties":{"name":"419","height":"25","man_made":"surveillance","camera:type":"dome","camera:mount":"roof","surveillance":"public","surveillance:type":"camera","surveillance:zone":"building","id":"node/4838855235","_lat":"38.88732502003549","_lon":"-77.01602697372437","timestamp":"2017-05-06T17:26:48Z","version":1,"changeset":48457578,"user":"rouvinator","uid":5533199}},{"type":"Feature","geometry":{"type":"Point","coordinates":[-77.0162739,38.8873122]},"properties":{"name":"421","height":"10","man_made":"surveillance","camera:type":"dome","camera:mount":"wall","surveillance":"public","surveillance:type":"camera","surveillance:zone":"building","id":"node/4838855237","_lat":"38.88730831776675","_lon":"-77.0162844657898","timestamp":"2017-05-06T17:26:48Z","version":1,"changeset":48457578,"user":"rouvinator","uid":5533199}},{"type":"Feature","geometry":{"type":"Point","coordinates":[-77.0161696,38.8873279]},"properties":{"name":"420","height":"10","man_made":"surveillance","camera:type":"dome","camera:mount":"wall","surveillance":"public","surveillance:type":"camera","surveillance:zone":"building","id":"node/4838855236","_lat":"38.88732502003549","_lon":"-77.0161771774292","timestamp":"2017-05-06T17:26:48Z","version":1,"changeset":48457578,"user":"rouvinator","uid":5533199}},{"type":"Feature","geometry":{"type":"Point","coordinates":[-77.0200427,38.8873696]},"properties":{"name":"437","height":"5","man_made":"surveillance","check_date":"2023-03-25","camera:type":"dome","camera:mount":"pole","surveillance":"public","surveillance:type":"camera","surveillance:zone":"building","id":"node/4838837907","_lat":"38.887375126818114","_lon":"-77.02003955841064","timestamp":"2023-03-25T22:49:53Z","version":2,"changeset":134120647,"user":"Qs382","uid":14002023}},{"type":"Feature","geometry":{"type":"Point","coordinates":[-77.0197155,38.8873905]},"properties":{"name":"436","height":"5","man_made":"surveillance","check_date":"2024-12-27","camera:type":"dome","camera:mount":"pole","surveillance":"public","surveillance:type":"camera","surveillance:zone":"building","id":"node/4838837906","_lat":"38.887391829071106","_lon":"-77.01971769332886","timestamp":"2024-12-27T20:41:33Z","version":2,"changeset":160691973,"user":"Sparks","uid":80285}},{"type":"Feature","geometry":{"type":"Point","coordinates":[-77.0204102,38.8884177]},"properties":{"name":"407","height":"5","man_made":"surveillance","check_date":"2023-03-25","camera:type":"dome","camera:mount":"wall","surveillance":"public","surveillance:type":"camera","surveillance:zone":"building","id":"node/4838837905","_lat":"38.888410659079256","_lon":"-77.02040433883667","timestamp":"2023-03-25T22:49:35Z","version":2,"changeset":134120647,"user":"Qs382","uid":14002023}},{"type":"Feature","geometry":{"type":"Point","coordinates":[-77.0210457,38.8884313]},"properties":{"name":"464","height":"25","man_made":"surveillance","camera:type":"dome","camera:mount":"roof","surveillance":"public","surveillance:type":"camera","surveillance:zone":"building","id":"node/4838837903","_lat":"38.888427361088816","_lon":"-77.02104806900024","timestamp":"2017-05-06T17:06:44Z","version":1,"changeset":48457161,"user":"rouvinator","uid":5533199}},{"type":"Feature","geometry":{"type":"Point","coordinates":[-77.0210311,38.8878263]},"properties":{"name":"405","height":"25","man_made":"surveillance","check_date":"2023-03-25","camera:type":"dome","camera:mount":"roof","surveillance":"public","surveillance:type":"camera","surveillance:zone":"building","id":"node/4838837904","_lat":"38.88782608627116","_lon":"-77.02102661132812","timestamp":"2023-03-25T22:49:31Z","version":4,"changeset":134120647,"user":"Qs382","uid":14002023}},{"type":"Feature","geometry":{"type":"Point","coordinates":[-77.0223122,38.8877471]},"properties":{"name":"438","height":"5","man_made":"surveillance","camera:type":"fixed","camera:mount":"wall","surveillance":"public","camera:direction":"225-330","surveillance:type":"camera","surveillance:zone":"building","id":"node/2553946710","_lat":"38.88774257547732","_lon":"-77.02231407165527","timestamp":"2021-02-19T14:23:17Z","version":3,"changeset":99600619,"user":"nickvet419","uid":18480}},{"type":"Feature","geometry":{"type":"Point","coordinates":[-77.0222855,38.8878857]},"properties":{"name":"403","height":"10","man_made":"surveillance","check_date":"2023-03-25","camera:type":"dome","camera:mount":"pole","surveillance":"public","surveillance:type":"camera","surveillance:zone":"building","id":"node/4838828072","_lat":"38.887892894835545","_lon":"-77.02229261398315","timestamp":"2023-03-25T22:50:34Z","version":2,"changeset":134120647,"user":"Qs382","uid":14002023}},{"type":"Feature","geometry":{"type":"Point","coordinates":[-77.0222895,38.8881276]},"properties":{"name":"402","height":"10","man_made":"surveillance","camera:type":"dome","camera:mount":"pole","surveillance":"public","surveillance:type":"camera","surveillance:zone":"building","id":"node/4838828066","_lat":"38.88812672431615","_lon":"-77.02229261398315","timestamp":"2021-02-19T14:00:30Z","version":2,"changeset":99599445,"user":"nickvet419","uid":18480}},{"type":"Feature","geometry":{"type":"Point","coordinates":[-77.0223148,38.8885859]},"properties":{"name":"401","height":"5","man_made":"surveillance","camera:type":"fixed","camera:mount":"wall","surveillance":"public","camera:direction":"135-235","surveillance:type":"camera","surveillance:zone":"building","id":"node/4838828065","_lat":"38.88857767899802","_lon":"-77.02231407165527","timestamp":"2017-05-06T16:56:20Z","version":1,"changeset":48456946,"user":"rouvinator","uid":5533199}},{"type":"Feature","geometry":{"type":"Point","coordinates":[-77.0223567,38.8886343]},"properties":{"name":"400","height":"5","man_made":"surveillance","camera:type":"fixed","camera:mount":"wall","surveillance":"public","camera:direction":"215-330","surveillance:type":"camera","surveillance:zone":"building","id":"node/4838828064","_lat":"38.88862778489707","_lon":"-77.02235698699951","timestamp":"2017-05-06T16:56:19Z","version":1,"changeset":48456946,"user":"rouvinator","uid":5533199}},{"type":"Feature","geometry":{"type":"Point","coordinates":[-77.0232476,38.8886362]},"properties":{"name":"397","height":"5","man_made":"surveillance","camera:type":"fixed","camera:mount":"wall","surveillance":"public","camera:direction":"45-135","surveillance:type":"camera","surveillance:zone":"building","id":"node/8437902097","_lat":"38.88864448685558","_lon":"-77.02325820922852","timestamp":"2021-02-19T14:23:17Z","version":2,"changeset":99600619,"user":"nickvet419","uid":18480}},{"type":"Feature","geometry":{"type":"Point","coordinates":[-77.0230732,38.8880374]},"properties":{"name":"395","height":"5","man_made":"surveillance","camera:type":"dome","camera:mount":"wall","surveillance":"public","surveillance:type":"camera","surveillance:zone":"building","id":"node/4838828068","_lat":"38.88804321387573","_lon":"-77.02306509017944","timestamp":"2021-02-20T19:42:29Z","version":2,"changeset":99657706,"user":"nickvet419","uid":18480}},{"type":"Feature","geometry":{"type":"Point","coordinates":[-77.0228264,38.8880398]},"properties":{"name":"396","height":"5","man_made":"surveillance","camera:type":"dome","camera:mount":"wall","surveillance":"public","surveillance:type":"camera","surveillance:zone":"building","id":"node/4838828067","_lat":"38.88804321387573","_lon":"-77.02282905578613","timestamp":"2021-02-20T19:42:29Z","version":2,"changeset":99657706,"user":"nickvet419","uid":18480}},{"type":"Feature","geometry":{"type":"Point","coordinates":[-77.0227169,38.8877277]},"properties":{"name":"437","height":"10","man_made":"surveillance","check_date":"2023-03-25","camera:type":"dome","camera:mount":"pole","surveillance":"public","surveillance:type":"camera","surveillance:zone":"building","id":"node/4838828074","_lat":"38.88772587330678","_lon":"-77.02272176742554","timestamp":"2023-03-25T22:50:39Z","version":2,"changeset":134120647,"user":"Qs382","uid":14002023}},{"type":"Feature","geometry":{"type":"Point","coordinates":[-77.0082469,38.8877752]},"properties":{"name":"176","height":"5","man_made":"surveillance","camera:type":"dome","camera:mount":"pole","surveillance":"public","surveillance:type":"camera","surveillance:zone":"building","id":"node/4838549396","_lat":"38.887775979806634","_lon":"-77.00823783874512","timestamp":"2021-02-08T22:06:45Z","version":2,"changeset":98933353,"user":"nickvet419","uid":18480}},{"type":"Feature","geometry":{"type":"Point","coordinates":[-77.0081711,38.8877623]},"properties":{"name":"175","height":"5","man_made":"surveillance","camera:type":"dome","camera:mount":"pole","surveillance":"public","surveillance:type":"camera","surveillance:zone":"building","id":"node/4838549395","_lat":"38.88775927764394","_lon":"-77.00817346572876","timestamp":"2017-05-06T13:23:29Z","version":1,"changeset":48452158,"user":"rouvinator","uid":5533199}},{"type":"Feature","geometry":{"type":"Point","coordinates":[-77.0082245,38.8884075]},"properties":{"name":"175","height":"5","man_made":"surveillance","camera:type":"dome","camera:mount":"pole","surveillance":"public","surveillance:type":"camera","surveillance:zone":"building","id":"node/8395808407","_lat":"38.888410659079256","_lon":"-77.008216381073","timestamp":"2021-02-08T22:06:45Z","version":3,"changeset":98933353,"user":"nickvet419","uid":18480}},{"type":"Feature","geometry":{"type":"Point","coordinates":[-77.0081751,38.8884837]},"properties":{"name":"174","height":"5","man_made":"surveillance","camera:type":"dome","camera:mount":"pole","surveillance":"public","surveillance:type":"camera","surveillance:zone":"traffic","id":"node/8395808406","_lat":"38.88847746709391","_lon":"-77.00817346572876","timestamp":"2021-02-08T22:06:45Z","version":3,"changeset":98933353,"user":"nickvet419","uid":18480}},{"type":"Feature","geometry":{"type":"Point","coordinates":[-77.0096998,38.8886501]},"properties":{"name":"184","height":"30","man_made":"surveillance","camera:type":"dome","surveillance":"public","surveillance:type":"camera","surveillance:zone":"building","id":"node/4838549402","_lat":"38.88864448685558","_lon":"-77.00969696044922","timestamp":"2017-05-06T13:23:30Z","version":1,"changeset":48452158,"user":"rouvinator","uid":5533199}},{"type":"Feature","geometry":{"type":"Point","coordinates":[-77.009397,38.8881659]},"properties":{"name":"179","height":"5","man_made":"surveillance","check_date":"2024-08-08","camera:type":"dome","camera:mount":"pole","surveillance":"public","surveillance:type":"camera","surveillance:zone":"building","id":"node/4838549407","_lat":"38.88816012846485","_lon":"-77.00939655303955","timestamp":"2024-08-08T12:30:09Z","version":2,"changeset":154976646,"user":"cactux","uid":224420}},{"type":"Feature","geometry":{"type":"Point","coordinates":[-77.0093514,38.8881608]},"properties":{"name":"178","height":"5","man_made":"surveillance","check_date":"2024-08-08","camera:type":"dome","camera:mount":"pole","surveillance":"public","surveillance:type":"camera","surveillance:zone":"building","id":"node/4838549406","_lat":"38.88816012846485","_lon":"-77.00935363769531","timestamp":"2024-08-08T12:30:12Z","version":2,"changeset":154976646,"user":"cactux","uid":224420}},{"type":"Feature","geometry":{"type":"Point","coordinates":[-77.01077,38.8885424]},"properties":{"name":"182","height":"10","man_made":"surveillance","camera:type":"dome","camera:mount":"pole","surveillance":"public","surveillance:type":"camera","surveillance:zone":"building","id":"node/804640157","_lat":"38.88854427504569","_lon":"-77.01076984405518","timestamp":"2017-07-15T20:27:20Z","version":2,"changeset":50313523,"user":"sctrojan79","uid":2601744}},{"type":"Feature","geometry":{"type":"Point","coordinates":[-77.0107587,38.8886]},"properties":{"name":"183","height":"10","man_made":"surveillance","camera:type":"fixed","camera:mount":"pole","surveillance":"public","camera:direction":"0-60","surveillance:type":"camera","surveillance:zone":"building","id":"node/4838549410","_lat":"38.8885943809683","_lon":"-77.01074838638306","timestamp":"2017-05-06T13:23:31Z","version":1,"changeset":48452158,"user":"rouvinator","uid":5533199}},{"type":"Feature","geometry":{"type":"Point","coordinates":[-77.0113005,38.8884016]},"properties":{"name":"180","height":"5","man_made":"surveillance","camera:type":"dome","camera:mount":"pole","surveillance":"public","surveillance:type":"camera","surveillance:zone":"building","id":"node/4838549411","_lat":"38.8883939570658","_lon":"-77.01130628585815","timestamp":"2017-05-06T13:23:31Z","version":1,"changeset":48452158,"user":"rouvinator","uid":5533199}},{"type":"Feature","geometry":{"type":"Point","coordinates":[-77.0112321,38.888399]},"properties":{"name":"181","height":"5","man_made":"surveillance","camera:type":"dome","camera:mount":"pole","surveillance":"public","surveillance:type":"camera","surveillance:zone":"building","id":"node/4838549412","_lat":"38.8883939570658","_lon":"-77.0112419128418","timestamp":"2017-05-06T13:23:31Z","version":1,"changeset":48452158,"user":"rouvinator","uid":5533199}},{"type":"Feature","geometry":{"type":"Point","coordinates":[-77.009896,38.8898818]},"properties":{"name":"190","height":"30","man_made":"surveillance","camera:type":"dome","camera:mount":"pole","surveillance":"public","surveillance:type":"camera","surveillance:zone":"building","id":"node/4838549386","_lat":"38.88988042088698","_lon":"-77.00989007949829","timestamp":"2017-05-06T13:23:28Z","version":1,"changeset":48452158,"user":"rouvinator","uid":5533199}},{"type":"Feature","geometry":{"type":"Point","coordinates":[-77.0098895,38.8897551]},"properties":{"name":"189","height":"30","man_made":"surveillance","camera:type":"dome","camera:mount":"pole","surveillance":"public","surveillance:type":"camera","surveillance:zone":"building","id":"node/4838549388","_lat":"38.88974680743382","_lon":"-77.00989007949829","timestamp":"2017-05-06T13:23:28Z","version":1,"changeset":48452158,"user":"rouvinator","uid":5533199}},{"type":"Feature","geometry":{"type":"Point","coordinates":[-77.0108218,38.8887412]},"properties":{"name":"187","height":"5","man_made":"surveillance","camera:type":"dome","camera:mount":"pole","surveillance":"public","surveillance:type":"camera","surveillance:zone":"building","id":"node/4838549414","_lat":"38.88874469852408","_lon":"-77.01081275939941","timestamp":"2017-05-06T13:23:31Z","version":1,"changeset":48452158,"user":"rouvinator","uid":5533199}},{"type":"Feature","geometry":{"type":"Point","coordinates":[-77.0108055,38.8887793]},"properties":{"name":"186","height":"5","man_made":"surveillance","camera:type":"dome","camera:mount":"pole","surveillance":"public","surveillance:type":"camera","id":"node/4838549413","_lat":"38.88877810238219","_lon":"-77.01081275939941","timestamp":"2017-05-06T13:23:31Z","version":1,"changeset":48452158,"user":"rouvinator","uid":5533199}},{"type":"Feature","geometry":{"type":"Point","coordinates":[-77.0104912,38.8890987]},"properties":{"name":"68","height":"5","man_made":"surveillance","camera:type":"dome","camera:mount":"pole","surveillance":"public","surveillance:type":"camera","surveillance:zone":"building","id":"node/4838549405","_lat":"38.889095438250564","_lon":"-77.01049089431763","timestamp":"2017-05-06T13:23:30Z","version":1,"changeset":48452158,"user":"rouvinator","uid":5533199}},{"type":"Feature","geometry":{"type":"Point","coordinates":[-77.0104717,38.8891241]},"properties":{"name":"67","height":"5","man_made":"surveillance","camera:type":"dome","camera:mount":"pole","surveillance":"public","surveillance:type":"camera","surveillance:zone":"building","id":"node/4838549404","_lat":"38.889128841943744","_lon":"-77.01046943664551","timestamp":"2017-05-06T13:23:30Z","version":1,"changeset":48452158,"user":"rouvinator","uid":5533199}},{"type":"Feature","geometry":{"type":"Point","coordinates":[-77.0095229,38.8889059]},"properties":{"name":"188","height":"15","man_made":"surveillance","camera:type":"dome","camera:mount":"building","surveillance":"indoor","surveillance:type":"camera","surveillance:zone":"building","id":"node/4838549389","_lat":"38.888911717657436","_lon":"-77.00952529907227","timestamp":"2017-05-06T13:23:28Z","version":1,"changeset":48452158,"user":"rouvinator","uid":5533199}},{"type":"Feature","geometry":{"type":"Point","coordinates":[-77.0097255,38.8887601]},"properties":{"name":"185","height":"10","man_made":"surveillance","camera:type":"dome","camera:mount":"wall","surveillance":"public","surveillance:type":"camera","surveillance:zone":"building","id":"node/4838549403","_lat":"38.88876140045508","_lon":"-77.00971841812134","timestamp":"2021-01-08T13:02:19Z","version":2,"changeset":97171807,"user":"nickvet419","uid":18480}},{"type":"Feature","geometry":{"type":"Point","coordinates":[-77.0085597,38.8891187]},"properties":{"name":"171","height":"5","man_made":"surveillance","camera:type":"fixed","camera:mount":"wall","surveillance":"public","camera:direction":"30-120","surveillance:type":"camera","surveillance:zone":"building","id":"node/804642244","_lat":"38.889112140099144","_lon":"-77.0085597038269","timestamp":"2021-02-07T00:50:10Z","version":6,"changeset":98835533,"user":"nickvet419","uid":18480}},{"type":"Feature","geometry":{"type":"Point","coordinates":[-77.0085636,38.8889127]},"properties":{"name":"169","height":"5","man_made":"surveillance","camera:type":"dome","camera:mount":"pole","surveillance":"public","surveillance:type":"camera","surveillance:zone":"building","id":"node/804642938","_lat":"38.888911717657436","_lon":"-77.0085597038269","timestamp":"2021-01-10T08:35:44Z","version":6,"changeset":97238745,"user":"nickvet419","uid":18480}},{"type":"Feature","geometry":{"type":"Point","coordinates":[-77.0086027,38.8888151]},"properties":{"name":"170","height":"5","man_made":"surveillance","camera:type":"dome","camera:mount":"pole","surveillance":"public","surveillance:type":"camera","surveillance:zone":"building","id":"node/804641698","_lat":"38.888811506224556","_lon":"-77.00860261917114","timestamp":"2021-01-10T07:12:14Z","version":5,"changeset":97237404,"user":"nickvet419","uid":18480}},{"type":"Feature","geometry":{"type":"Point","coordinates":[-77.0086968,38.8888452]},"properties":{"name":"173","height":"25","man_made":"surveillance","camera:type":"dome","camera:mount":"wall","surveillance":"public","surveillance:type":"camera","surveillance:zone":"building","id":"node/4838549401","_lat":"38.88884491005123","_lon":"-77.00868844985962","timestamp":"2017-05-06T13:23:30Z","version":1,"changeset":48452158,"user":"rouvinator","uid":5533199}},{"type":"Feature","geometry":{"type":"Point","coordinates":[-77.0078891,38.8887743]},"properties":{"name":"167","height":"5","man_made":"surveillance","check_date":"2024-08-08","camera:type":"dome","camera:mount":"pole","surveillance":"public","surveillance:type":"camera","surveillance:zone":"building","id":"node/4838549399","_lat":"38.88877810238219","_lon":"-77.00789451599121","timestamp":"2024-08-08T12:28:15Z","version":2,"changeset":154976646,"user":"cactux","uid":224420}},{"type":"Feature","geometry":{"type":"Point","coordinates":[-77.0079033,38.8889158]},"properties":{"name":"168","height":"5","man_made":"surveillance","camera:type":"dome","surveillance":"public","surveillance:type":"camera","surveillance:zone":"building","id":"node/4838549400","_lat":"38.888911717657436","_lon":"-77.00789451599121","timestamp":"2021-02-07T03:09:37Z","version":2,"changeset":98837233,"user":"nickvet419","uid":18480}},{"type":"Feature","geometry":{"type":"Point","coordinates":[-77.0094857,38.8898336]},"properties":{"name":"191","height":"20","man_made":"surveillance","camera:type":"dome","camera:mount":"pole","surveillance":"public","surveillance:type":"camera","surveillance:zone":"building","id":"node/4838549387","_lat":"38.88983031587148","_lon":"-77.00948238372803","timestamp":"2017-05-06T13:23:28Z","version":1,"changeset":48452158,"user":"rouvinator","uid":5533199}},{"type":"Feature","geometry":{"type":"Point","coordinates":[-77.0070854,38.8898712]},"properties":{"name":"164","height":"10","man_made":"surveillance","camera:type":"dome","surveillance":"public","surveillance:type":"camera","surveillance:zone":"building","id":"node/5339666447","_lat":"38.88986371921911","_lon":"-77.00707912445068","timestamp":"2021-02-05T03:16:41Z","version":4,"changeset":98735105,"user":"nickvet419","uid":18480}},{"type":"Feature","geometry":{"type":"Point","coordinates":[-77.0070869,38.8897369]},"properties":{"name":"165","height":"10","man_made":"surveillance","camera:type":"dome","camera:mount":"wall","surveillance":"public","surveillance:type":"camera","surveillance:zone":"building","id":"node/5339666444","_lat":"38.889730105734515","_lon":"-77.00707912445068","timestamp":"2021-02-05T03:16:41Z","version":5,"changeset":98735105,"user":"nickvet419","uid":18480}},{"type":"Feature","geometry":{"type":"Point","coordinates":[-77.0070784,38.8900551]},"properties":{"name":"90","height":"5","man_made":"surveillance","camera:type":"dome","camera:mount":"wall","surveillance":"public","surveillance:type":"camera","surveillance:zone":"building","id":"node/4838549371","_lat":"38.890047437350006","_lon":"-77.00707912445068","timestamp":"2021-01-10T08:52:49Z","version":3,"changeset":97239059,"user":"nickvet419","uid":18480}},{"type":"Feature","geometry":{"type":"Point","coordinates":[-77.0072328,38.8900695]},"properties":{"name":"166","height":"5","man_made":"surveillance","camera:type":"dome","camera:mount":"pole","surveillance":"public","surveillance:type":"camera","surveillance:zone":"building","id":"node/5339666438","_lat":"38.89006413897471","_lon":"-77.00722932815552","timestamp":"2021-01-10T14:43:02Z","version":3,"changeset":97250491,"user":"nickvet419","uid":18480}},{"type":"Feature","geometry":{"type":"Point","coordinates":[-77.0049087,38.8902039]},"properties":{"name":"157","height":"1","man_made":"surveillance","camera:type":"dome","camera:mount":"wall","surveillance":"public","surveillance:type":"camera","surveillance:zone":"building","id":"node/4838579457","_lat":"38.89019775183098","_lon":"-77.00491189956665","timestamp":"2017-05-06T13:52:45Z","version":1,"changeset":48452879,"user":"rouvinator","uid":5533199}},{"type":"Feature","geometry":{"type":"Point","coordinates":[-77.0039168,38.8902022]},"properties":{"name":"121","height":"5","man_made":"surveillance","camera:type":"dome","camera:mount":"wall","surveillance":"public","surveillance:type":"camera","surveillance:zone":"building","id":"node/4838579463","_lat":"38.89019775183098","_lon":"-77.00392484664917","timestamp":"2024-03-26T23:50:40Z","version":4,"changeset":149199479,"user":"evkalina","uid":15476210}},{"type":"Feature","geometry":{"type":"Point","coordinates":[-77.0042802,38.8901481]},"properties":{"name":"156","height":"1","man_made":"surveillance","camera:type":"dome","camera:mount":"wall","surveillance":"public","surveillance:type":"camera","surveillance:zone":"building","id":"node/4838579460","_lat":"38.89014764703933","_lon":"-77.0042896270752","timestamp":"2017-05-06T13:52:45Z","version":1,"changeset":48452879,"user":"rouvinator","uid":5533199}},{"type":"Feature","geometry":{"type":"Point","coordinates":[-77.0048566,38.8900639]},"properties":{"name":"154","height":"5","man_made":"surveillance","camera:type":"dome","camera:mount":"pole","surveillance":"public","surveillance:type":"camera","surveillance:zone":"building","id":"node/4838579459","_lat":"38.89006413897471","_lon":"-77.0048475265503","timestamp":"2017-05-06T13:52:45Z","version":1,"changeset":48452879,"user":"rouvinator","uid":5533199}},{"type":"Feature","geometry":{"type":"Point","coordinates":[-77.0043388,38.8900442]},"properties":{"name":"153","height":"5","man_made":"surveillance","camera:type":"dome","camera:mount":"pole","surveillance":"public","surveillance:type":"camera","surveillance:zone":"building","id":"node/4838579461","_lat":"38.890047437350006","_lon":"-77.00433254241943","timestamp":"2017-05-06T13:52:46Z","version":1,"changeset":48452879,"user":"rouvinator","uid":5533199}},{"type":"Feature","geometry":{"type":"Point","coordinates":[-77.0042965,38.8900493]},"properties":{"name":"154","height":"5","man_made":"surveillance","camera:type":"dome","camera:mount":"pole","surveillance":"public","surveillance:type":"camera","surveillance:zone":"building","id":"node/4838579462","_lat":"38.890047437350006","_lon":"-77.0042896270752","timestamp":"2017-05-06T13:52:46Z","version":1,"changeset":48452879,"user":"rouvinator","uid":5533199}},{"type":"Feature","geometry":{"type":"Point","coordinates":[-77.0052424,38.8896447]},"properties":{"name":"150","height":"5","man_made":"surveillance","camera:type":"dome","camera:mount":"pole","surveillance":"public","surveillance:type":"camera","surveillance:zone":"building","id":"node/4838713746","_lat":"38.88964659717902","_lon":"-77.00523376464844","timestamp":"2017-05-06T15:27:12Z","version":1,"changeset":48455035,"user":"rouvinator","uid":5533199}},{"type":"Feature","geometry":{"type":"Point","coordinates":[-77.0049087,38.8900493]},"properties":{"name":"155","height":"5","man_made":"surveillance","camera:type":"dome","camera:mount":"pole","surveillance":"public","surveillance:type":"camera","surveillance:zone":"building","id":"node/4838579458","_lat":"38.890047437350006","_lon":"-77.00491189956665","timestamp":"2017-05-06T13:52:45Z","version":1,"changeset":48452879,"user":"rouvinator","uid":5533199}},{"type":"Feature","geometry":{"type":"Point","coordinates":[-77.0056697,38.8896467]},"properties":{"name":"148","height":"5","man_made":"surveillance","check_date":"2024-09-25","camera:type":"dome","camera:mount":"pole","surveillance":"public","surveillance:type":"camera","surveillance:zone":"building","id":"node/4838713766","_lat":"38.88964659717902","_lon":"-77.00566291809082","timestamp":"2024-09-25T16:11:42Z","version":2,"changeset":157091118,"user":"tilsti","uid":131211}},{"type":"Feature","geometry":{"type":"Point","coordinates":[-77.005712,38.8896365]},"properties":{"name":"149","height":"5","man_made":"surveillance","check_date":"2024-09-25","camera:type":"dome","camera:mount":"pole","surveillance":"public","surveillance:type":"camera","surveillance:zone":"building","id":"node/4838713767","_lat":"38.88962989545615","_lon":"-77.00570583343506","timestamp":"2024-09-25T16:11:43Z","version":2,"changeset":157091118,"user":"tilsti","uid":131211}},{"type":"Feature","geometry":{"type":"Point","coordinates":[-77.0051566,38.8896197]},"properties":{"name":"151","height":"5","man_made":"surveillance","camera:type":"dome","camera:mount":"pole","surveillance":"public","surveillance:type":"camera","surveillance:zone":"building","id":"node/4838713745","_lat":"38.88961319372933","_lon":"-77.00514793395996","timestamp":"2017-05-06T15:27:12Z","version":1,"changeset":48455035,"user":"rouvinator","uid":5533199}},{"type":"Feature","geometry":{"type":"Point","coordinates":[-77.0039765,38.8893163]},"properties":{"name":"126","height":"5","man_made":"surveillance","camera:type":"dome","camera:mount":"wall","surveillance":"public","surveillance:type":"camera","surveillance:zone":"building","id":"node/4838713751","_lat":"38.889312561975316","_lon":"-77.00396776199341","timestamp":"2021-02-27T00:12:34Z","version":2,"changeset":100079483,"user":"kguenther24","uid":11697944}},{"type":"Feature","geometry":{"type":"Point","coordinates":[-77.0039603,38.8892731]},"properties":{"name":"127","height":"5","man_made":"surveillance","check_date":"2024-08-15","camera:type":"dome","camera:mount":"wall","surveillance":"public","surveillance:type":"camera","surveillance:zone":"building","id":"node/4838713752","_lat":"38.889279158368566","_lon":"-77.00396776199341","timestamp":"2024-08-15T20:18:41Z","version":2,"changeset":155300427,"user":"Jewfro193","uid":10802115}},{"type":"Feature","geometry":{"type":"Point","coordinates":[-77.0053229,38.888889]},"properties":{"name":"142","height":"5","man_made":"surveillance","camera:type":"dome","camera:mount":"wall","surveillance":"public","surveillance:type":"camera","id":"node/4838713749","_lat":"38.88889501576179","_lon":"-77.00531959533691","timestamp":"2017-05-06T15:27:12Z","version":1,"changeset":48455035,"user":"rouvinator","uid":5533199}},{"type":"Feature","geometry":{"type":"Point","coordinates":[-77.0049796,38.8891395]},"properties":{"name":"146","height":"25","man_made":"surveillance","camera:type":"dome","camera:mount":"roof","surveillance":"public","surveillance:type":"camera","surveillance:zone":"building","id":"node/4838713747","_lat":"38.88914554378442","_lon":"-77.00497627258301","timestamp":"2017-05-06T15:27:12Z","version":1,"changeset":48455035,"user":"rouvinator","uid":5533199}},{"type":"Feature","geometry":{"type":"Point","coordinates":[-77.0057847,38.8891067]},"properties":{"name":"145","height":"5","man_made":"surveillance","camera:type":"dome","camera:mount":"pole","surveillance":"public","surveillance:type":"camera","surveillance:zone":"building","id":"node/4838713770","_lat":"38.889112140099144","_lon":"-77.00579166412354","timestamp":"2017-05-06T15:27:15Z","version":1,"changeset":48455035,"user":"rouvinator","uid":5533199}},{"type":"Feature","geometry":{"type":"Point","coordinates":[-77.0057847,38.8891473]},"properties":{"name":"144","height":"5","man_made":"surveillance","camera:type":"dome","camera:mount":"pole","surveillance":"public","surveillance:type":"camera","surveillance:zone":"building","id":"node/4838713769","_lat":"38.88914554378442","_lon":"-77.00579166412354","timestamp":"2017-05-06T15:27:15Z","version":1,"changeset":48455035,"user":"rouvinator","uid":5533199}},{"type":"Feature","geometry":{"type":"Point","coordinates":[-77.0063609,38.888717]},"properties":{"name":"160","height":"5","man_made":"surveillance","camera:type":"dome","camera:mount":"pole","surveillance":"public","surveillance:type":"camera","surveillance:zone":"building","id":"node/4838549377","_lat":"38.88871129465028","_lon":"-77.00637102127075","timestamp":"2017-05-06T13:23:27Z","version":1,"changeset":48452158,"user":"rouvinator","uid":5533199}},{"type":"Feature","geometry":{"type":"Point","coordinates":[-77.0063985,38.8887524]},"properties":{"name":"159","height":"5","man_made":"surveillance","camera:type":"dome","camera:mount":"pole","surveillance":"public","surveillance:type":"camera","surveillance:zone":"building","id":"node/4838549376","_lat":"38.88874469852408","_lon":"-77.00639247894287","timestamp":"2021-02-06T06:30:58Z","version":2,"changeset":98801593,"user":"nickvet419","uid":18480}},{"type":"Feature","geometry":{"type":"Point","coordinates":[-77.0070642,38.8895536]},"properties":{"name":"163","height":"5","man_made":"surveillance","camera:type":"dome","camera:mount":"wall","surveillance":"public","surveillance:type":"camera","surveillance:zone":"building","id":"node/4838549372","_lat":"38.889546386782825","_lon":"-77.00705766677856","timestamp":"2018-01-14T21:17:40Z","version":2,"changeset":55443714,"user":"gionax","uid":6757296}},{"type":"Feature","geometry":{"type":"Point","coordinates":[-77.0067365,38.8884456]},"properties":{"name":"161","height":"5","man_made":"surveillance","camera:type":"dome","camera:mount":"pole","surveillance":"public","surveillance:type":"camera","surveillance:zone":"building","id":"node/4838549378","_lat":"38.888444063094454","_lon":"-77.00673580169678","timestamp":"2017-05-06T13:23:27Z","version":1,"changeset":48452158,"user":"rouvinator","uid":5533199}},{"type":"Feature","geometry":{"type":"Point","coordinates":[-77.0066882,38.8884539]},"properties":{"name":"162","height":"5","man_made":"surveillance","camera:type":"dome","camera:mount":"pole","surveillance":"public","surveillance:type":"camera","surveillance:zone":"building","id":"node/4838549379","_lat":"38.88846076509614","_lon":"-77.00669288635254","timestamp":"2017-05-06T13:23:27Z","version":1,"changeset":48452158,"user":"rouvinator","uid":5533199}},{"type":"Feature","geometry":{"type":"Point","coordinates":[-77.0046879,38.8878974]},"properties":{"name":"135","height":"5","man_made":"surveillance","camera:type":"dome","camera:mount":"pole","surveillance":"public","surveillance:type":"camera","surveillance:zone":"building","id":"node/4838713761","_lat":"38.887892894835545","_lon":"-77.00469732284546","timestamp":"2017-05-06T15:27:14Z","version":1,"changeset":48455035,"user":"rouvinator","uid":5533199}},{"type":"Feature","geometry":{"type":"Point","coordinates":[-77.0047234,38.8879097]},"properties":{"name":"136","height":"5","man_made":"surveillance","camera:type":"dome","camera:mount":"pole","surveillance":"public","surveillance:type":"camera","surveillance:zone":"building","id":"node/4838713762","_lat":"38.887909596966864","_lon":"-77.00471878051758","timestamp":"2017-05-06T15:27:14Z","version":1,"changeset":48455035,"user":"rouvinator","uid":5533199}},{"type":"Feature","geometry":{"type":"Point","coordinates":[-77.0055499,38.8878605]},"properties":{"name":"136","height":"5","man_made":"surveillance","camera:type":"dome","camera:mount":"pole","surveillance":"public","surveillance:type":"camera","surveillance:zone":"building","id":"node/4838713764","_lat":"38.887859490561226","_lon":"-77.00555562973022","timestamp":"2017-05-06T15:27:14Z","version":1,"changeset":48455035,"user":"rouvinator","uid":5533199}},{"type":"Feature","geometry":{"type":"Point","coordinates":[-77.0055341,38.8878713]},"properties":{"name":"137","height":"5","man_made":"surveillance","camera:type":"dome","camera:mount":"pole","surveillance":"public","surveillance:type":"camera","surveillance:zone":"building","id":"node/4838713763","_lat":"38.88787619270036","_lon":"-77.0055341720581","timestamp":"2017-05-06T15:27:14Z","version":1,"changeset":48455035,"user":"rouvinator","uid":5533199}},{"type":"Feature","geometry":{"type":"Point","coordinates":[-77.0057859,38.888473]},"properties":{"name":"141","height":"5","man_made":"surveillance","camera:type":"dome","camera:mount":"pole","surveillance":"public","surveillance:type":"camera","surveillance:zone":"building","id":"node/4838713772","_lat":"38.88847746709391","_lon":"-77.00579166412354","timestamp":"2017-05-06T15:27:15Z","version":1,"changeset":48455035,"user":"rouvinator","uid":5533199}},{"type":"Feature","geometry":{"type":"Point","coordinates":[-77.0057858,38.8884933]},"properties":{"name":"140","height":"5","man_made":"surveillance","camera:type":"dome","camera:mount":"pole","surveillance":"public","surveillance:type":"camera","surveillance:zone":"building","id":"node/4838713771","_lat":"38.88849416908772","_lon":"-77.00579166412354","timestamp":"2017-05-06T15:27:15Z","version":1,"changeset":48455035,"user":"rouvinator","uid":5533199}},{"type":"Feature","geometry":{"type":"Point","coordinates":[-77.0052764,38.8884508]},"properties":{"name":"143","height":"143","man_made":"surveillance","camera:type":"dome","camera:mount":"wall","surveillance":"public","surveillance:type":"camera","surveillance:zone":"building","id":"node/4838713750","_lat":"38.888444063094454","_lon":"-77.00527667999268","timestamp":"2017-05-06T15:27:12Z","version":1,"changeset":48455035,"user":"rouvinator","uid":5533199}},{"type":"Feature","geometry":{"type":"Point","coordinates":[-77.0036599,38.8879412]},"properties":{"name":"131","height":"5","man_made":"surveillance","camera:type":"dome","camera:mount":"pole","surveillance":"public","surveillance:type":"camera","surveillance:zone":"building","id":"node/4838713756","_lat":"38.88794300121762","_lon":"-77.00366735458374","timestamp":"2017-05-06T15:27:13Z","version":1,"changeset":48455035,"user":"rouvinator","uid":5533199}},{"type":"Feature","geometry":{"type":"Point","coordinates":[-77.0036921,38.8879328]},"properties":{"name":"130","height":"5","man_made":"surveillance","camera:type":"dome","camera:mount":"pole","surveillance":"public","surveillance:type":"camera","surveillance:zone":"building","id":"node/4838713757","_lat":"38.887926299094204","_lon":"-77.00368881225586","timestamp":"2017-05-06T15:27:13Z","version":1,"changeset":48455035,"user":"rouvinator","uid":5533199}},{"type":"Feature","geometry":{"type":"Point","coordinates":[-77.0034668,38.8879036]},"properties":{"name":"132","height":"5","man_made":"surveillance","camera:type":"dome","camera:mount":"pole","surveillance":"public","surveillance:type":"camera","surveillance:zone":"building","id":"node/4838713758","_lat":"38.887909596966864","_lon":"-77.00347423553467","timestamp":"2017-05-06T15:27:13Z","version":1,"changeset":48455035,"user":"rouvinator","uid":5533199}},{"type":"Feature","geometry":{"type":"Point","coordinates":[-77.00346,38.8878774]},"properties":{"name":"134","height":"10","man_made":"surveillance","camera:type":"dome","camera:mount":"pole","surveillance":"public","surveillance:type":"camera","surveillance:zone":"building","id":"node/4838713760","_lat":"38.88787619270036","_lon":"-77.00345277786255","timestamp":"2017-05-06T15:27:14Z","version":1,"changeset":48455035,"user":"rouvinator","uid":5533199}},{"type":"Feature","geometry":{"type":"Point","coordinates":[-77.0034857,38.8878743]},"properties":{"name":"133","height":"10","man_made":"surveillance","camera:type":"dome","camera:mount":"pole","surveillance":"public","surveillance:type":"camera","surveillance:zone":"building","id":"node/4838713759","_lat":"38.88787619270036","_lon":"-77.00349569320679","timestamp":"2017-05-06T15:27:14Z","version":1,"changeset":48455035,"user":"rouvinator","uid":5533199}},{"type":"Feature","geometry":{"type":"Point","coordinates":[-77.0038692,38.8887011]},"properties":{"name":"129","height":"5","man_made":"surveillance","camera:type":"dome","camera:mount":"wall","surveillance":"public","surveillance:type":"camera","surveillance:zone":"building","id":"node/4838713755","_lat":"38.88869459270748","_lon":"-77.00386047363281","timestamp":"2017-05-06T15:27:13Z","version":1,"changeset":48455035,"user":"rouvinator","uid":5533199}},{"type":"Feature","geometry":{"type":"Point","coordinates":[-77.0036238,38.8900078]},"properties":{"name":"124","height":"5","man_made":"surveillance","camera:type":"dome","camera:mount":"pole","surveillance":"public","surveillance:type":"camera","surveillance:zone":"building","id":"node/4838579467","_lat":"38.890014034088836","_lon":"-77.0036244392395","timestamp":"2017-05-06T13:52:46Z","version":1,"changeset":48452879,"user":"rouvinator","uid":5533199}},{"type":"Feature","geometry":{"type":"Point","coordinates":[-77.0036202,38.8900005]},"properties":{"name":"125","height":"5","man_made":"surveillance","camera:type":"dome","camera:mount":"pole","surveillance":"public","surveillance:type":"camera","surveillance:zone":"building","id":"node/4838579468","_lat":"38.88999733245234","_lon":"-77.0036244392395","timestamp":"2017-05-06T13:52:46Z","version":1,"changeset":48452879,"user":"rouvinator","uid":5533199}},{"type":"Feature","geometry":{"type":"Point","coordinates":[-77.0036278,38.8901226]},"properties":{"name":"122","height":"5","man_made":"surveillance","camera:type":"dome","camera:mount":"roof","surveillance":"public","surveillance:type":"camera","surveillance:zone":"building","id":"node/4838579465","_lat":"38.890130945434265","_lon":"-77.0036244392395","timestamp":"2018-01-17T08:51:13Z","version":3,"changeset":55515336,"user":"gionax","uid":6757296}},{"type":"Feature","geometry":{"type":"Point","coordinates":[-77.0036419,38.8901123]},"properties":{"name":"123","height":"5","man_made":"surveillance","camera:type":"dome","camera:mount":"roof","surveillance":"public","surveillance:type":"camera","surveillance:zone":"building","id":"node/4838579466","_lat":"38.89011424382528","_lon":"-77.00364589691162","timestamp":"2018-01-17T08:51:13Z","version":3,"changeset":55515336,"user":"gionax","uid":6757296}},{"type":"Feature","geometry":{"type":"Point","coordinates":[-77.0500386,38.8706516]},"properties":{"man_made":"surveillance","direction":"180","camera:type":"fixed","manufacturer":"Flock Safety","surveillance":"camera","surveillance:type":"ALPR","surveillance:zone":"traffic","manufacturer:wikidata":"Q108485435","id":"node/13109278151","_lat":"38.870654202284896","_lon":"-77.0500373840332","timestamp":"2025-08-30T21:10:32Z","version":1,"changeset":171246049,"user":"Ja$0n","uid":23241550}},{"type":"Feature","geometry":{"type":"Point","coordinates":[-77.0513434,38.8728505]},"properties":{"man_made":"surveillance","direction":"308","camera:type":"fixed","manufacturer":"Flock Safety","surveillance":"public","surveillance:type":"ALPR","surveillance:zone":"traffic","manufacturer:wikidata":"Q108485435","id":"node/13743188101","_lat":"38.87284267890303","_lon":"-77.05134630203247","timestamp":"2026-04-19T16:50:29Z","version":1,"changeset":181547402,"user":"Nope2","uid":23978437}},{"type":"Feature","geometry":{"type":"Point","coordinates":[-77.0511604,38.8723768]},"properties":{"man_made":"surveillance","direction":"306","camera:type":"fixed","manufacturer":"Flock Safety","surveillance":"public","surveillance:type":"ALPR","surveillance:zone":"traffic","manufacturer:wikidata":"Q108485435","id":"node/13680794301","_lat":"38.872374918570245","_lon":"-77.0511531829834","timestamp":"2026-03-26T02:03:47Z","version":1,"changeset":180433388,"user":"Nope2","uid":23978437}},{"type":"Feature","geometry":{"type":"Point","coordinates":[-77.0603972,38.8681064]},"properties":{"man_made":"surveillance","direction":"99","camera:type":"fixed","manufacturer":"Flock Safety","surveillance":"public","surveillance:type":"ALPR","surveillance:zone":"traffic","manufacturer:wikidata":"Q108485435","id":"node/13743186801","_lat":"38.86809810993731","_lon":"-77.06040143966675","timestamp":"2026-04-19T16:49:47Z","version":1,"changeset":181547385,"user":"Nope2","uid":23978437}},{"type":"Feature","geometry":{"type":"Point","coordinates":[-77.0603146,38.8682937]},"properties":{"man_made":"surveillance","direction":"130","camera:type":"fixed","manufacturer":"Flock Safety","surveillance":"public","surveillance:type":"ALPR","surveillance:zone":"traffic","manufacturer:wikidata":"Q108485435","id":"node/13743185001","_lat":"38.868298591090195","_lon":"-77.06031560897827","timestamp":"2026-04-19T16:49:24Z","version":1,"changeset":181547370,"user":"Nope2","uid":23978437}},{"type":"Feature","geometry":{"type":"Point","coordinates":[-77.0665072,38.8682256]},"properties":{"man_made":"surveillance","camera:type":"dome","camera:mount":"pole","surveillance":"public","surveillance:type":"camera","surveillance:zone":"area","id":"node/10052038789","_lat":"38.86823176410206","_lon":"-77.0665168762207","timestamp":"2022-09-25T18:59:18Z","version":1,"changeset":126626860,"user":"mamanakis","uid":20713}},{"type":"Feature","geometry":{"type":"Point","coordinates":[-77.0667244,38.869171]},"properties":{"man_made":"surveillance","camera:type":"dome","camera:mount":"pole","surveillance":"public","surveillance:type":"camera","surveillance:zone":"area","id":"node/10052038808","_lat":"38.86916733621925","_lon":"-77.0667314529419","timestamp":"2022-10-29T23:52:24Z","version":2,"changeset":128229953,"user":"themamanakis","uid":11523910}},{"type":"Feature","geometry":{"type":"Point","coordinates":[-77.0559355,38.8800059]},"properties":{"man_made":"surveillance","direction":"80","camera:type":"fixed","manufacturer":"Flock Safety","surveillance":"traffic","surveillance:type":"ALPR","surveillance:zone":"traffic","manufacturer:wikidata":"Q108485435","id":"node/13244765533","_lat":"38.88000905052505","_lon":"-77.05593824386597","timestamp":"2025-10-20T00:44:06Z","version":1,"changeset":173514385,"user":"PackerFan_0007!","uid":23414436}},{"type":"Feature","geometry":{"type":"Point","coordinates":[-77.0563775,38.8781742]},"properties":{"man_made":"surveillance","direction":"120","camera:type":"fixed","camera:mount":"pole","manufacturer":"Flock Safety","surveillance":"public","surveillance:type":"ALPR","surveillance:zone":"traffic","manufacturer:wikidata":"Q108485435","id":"node/12832220487","_lat":"38.87817158823208","_lon":"-77.05636739730835","timestamp":"2025-05-12T20:42:33Z","version":2,"changeset":166172643,"user":"singleuse1","uid":22883776}},{"type":"Feature","geometry":{"type":"Point","coordinates":[-77.0475567,38.8756393]},"properties":{"man_made":"surveillance","direction":"137","camera:type":"fixed","camera:mount":"pole","manufacturer":"Flock Safety","surveillance":"public","surveillance:type":"ALPR","surveillance:zone":"traffic","manufacturer:wikidata":"Q108485435","id":"node/13618262501","_lat":"38.875632471240266","_lon":"-77.04754829406738","timestamp":"2026-03-04T16:47:22Z","version":1,"changeset":179358780,"user":"dalekpredator","uid":14714197}},{"type":"Feature","geometry":{"type":"Point","coordinates":[-77.0473139,38.8757691]},"properties":{"man_made":"surveillance","direction":"322","camera:type":"fixed","camera:mount":"pole","manufacturer":"Flock Safety","surveillance":"public","surveillance:type":"ALPR","surveillance:zone":"traffic","manufacturer:wikidata":"Q108485435","id":"node/13618258403","_lat":"38.87576611123839","_lon":"-77.04731225967407","timestamp":"2026-03-04T16:46:48Z","version":1,"changeset":179358739,"user":"dalekpredator","uid":14714197}},{"type":"Feature","geometry":{"type":"Point","coordinates":[-77.0415084,38.882723]},"properties":{"ref":"1","height":"15","man_made":"surveillance","check_date":"2023-09-01","camera:type":"dome","camera:mount":"pole","surveillance":"public","surveillance:type":"camera","surveillance:zone":"memorial","id":"node/4838375356","_lat":"38.882715044843565","_lon":"-77.0415186882019","timestamp":"2023-09-01T10:29:06Z","version":3,"changeset":140671934,"user":"MBTY1","uid":6237857}},{"type":"Feature","geometry":{"type":"Point","coordinates":[-77.0346405,38.8803462]},"properties":{"man_made":"surveillance","direction":"253","camera:type":"fixed","manufacturer":"Flock Safety","surveillance":"public","surveillance:type":"ALPR","surveillance:zone":"traffic","manufacturer:wikidata":"Q108485435","id":"node/13702630701","_lat":"38.88034312947366","_lon":"-77.03463077545166","timestamp":"2026-04-02T22:37:26Z","version":1,"changeset":180789383,"user":"Ted_G","uid":23467270}},{"type":"Feature","geometry":{"type":"Point","coordinates":[-77.0364295,38.8813543]},"properties":{"name":"441","height":"20","man_made":"surveillance","check_date":"2023-04-23","camera:type":"fixed","camera:mount":"wall","surveillance":"public","camera:direction":"270-360","surveillance:type":"camera","surveillance:zone":"memorial","id":"node/4838801101","_lat":"38.88136206056595","_lon":"-77.03643321990967","timestamp":"2023-04-23T21:00:08Z","version":3,"changeset":135277506,"user":"Peter Newman","uid":7096975}},{"type":"Feature","geometry":{"type":"Point","coordinates":[-77.0364333,38.8814711]},"properties":{"name":"440","height":"20","man_made":"surveillance","check_date":"2023-04-23","camera:type":"fixed","camera:mount":"wall","surveillance":"public","camera:direction":"180-270","surveillance:type":"camera","surveillance:zone":"memorial","id":"node/4838801100","_lat":"38.88147898615017","_lon":"-77.03643321990967","timestamp":"2023-04-23T21:00:07Z","version":3,"changeset":135277506,"user":"Peter Newman","uid":7096975}},{"type":"Feature","geometry":{"type":"Point","coordinates":[-77.0366195,38.8814887]},"properties":{"name":"443","height":"20","man_made":"surveillance","check_date":"2023-04-23","camera:type":"fixed","camera:mount":"wall","surveillance":"public","camera:direction":"90-180","surveillance:type":"camera","surveillance:zone":"building","id":"node/4838801103","_lat":"38.88149568978935","_lon":"-77.03662633895874","timestamp":"2023-04-23T21:00:07Z","version":4,"changeset":135277506,"user":"Peter Newman","uid":7096975}},{"type":"Feature","geometry":{"type":"Point","coordinates":[-77.0366194,38.8813715]},"properties":{"name":"442","height":"20","man_made":"surveillance","check_date":"2023-04-23","camera:type":"fixed","camera:mount":"wall","surveillance":"public","camera:direction":"0-90","surveillance:type":"camera","surveillance:zone":"memorial","id":"node/4838801102","_lat":"38.88137876423261","_lon":"-77.03662633895874","timestamp":"2023-04-23T21:00:08Z","version":3,"changeset":135277506,"user":"Peter Newman","uid":7096975}},{"type":"Feature","geometry":{"type":"Point","coordinates":[-77.0321915,38.8864519]},"properties":{"name":"387","height":"5","man_made":"surveillance","camera:type":"dome","camera:mount":"pole","surveillance":"public","surveillance:type":"camera","surveillance:zone":"building","id":"node/4838814766","_lat":"38.886456496854805","_lon":"-77.03218460083008","timestamp":"2017-05-06T16:42:10Z","version":1,"changeset":48456638,"user":"rouvinator","uid":5533199}},{"type":"Feature","geometry":{"type":"Point","coordinates":[-77.03227,38.8863093]},"properties":{"name":"388","height":"25","man_made":"surveillance","camera:type":"dome","camera:mount":"roof","surveillance":"public","surveillance:type":"camera","surveillance:zone":"building","id":"node/4838814764","_lat":"38.88630617445713","_lon":"-77.03227043151855","timestamp":"2017-05-06T16:42:09Z","version":1,"changeset":48456638,"user":"rouvinator","uid":5533199}},{"type":"Feature","geometry":{"type":"Point","coordinates":[-77.0325953,38.8864476]},"properties":{"name":"389","height":"20","man_made":"surveillance","camera:type":"dome","camera:mount":"roof","surveillance":"public","surveillance:type":"camera","surveillance:zone":"building","id":"node/4838814767","_lat":"38.886439794381886","_lon":"-77.03259229660034","timestamp":"2017-05-06T16:42:10Z","version":1,"changeset":48456638,"user":"rouvinator","uid":5533199}},{"type":"Feature","geometry":{"type":"Point","coordinates":[-77.0322859,38.8865964]},"properties":{"name":"384","height":"15","man_made":"surveillance","camera:type":"dome","camera:mount":"wall","surveillance":"public","surveillance:type":"camera","surveillance:zone":"building","id":"node/4838814770","_lat":"38.88659011649682","_lon":"-77.03229188919067","timestamp":"2017-05-06T16:42:10Z","version":1,"changeset":48456638,"user":"rouvinator","uid":5533199}},{"type":"Feature","geometry":{"type":"Point","coordinates":[-77.0328992,38.8864228]},"properties":{"man_made":"surveillance","surveillance:type":"camera","id":"node/8939320291","_lat":"38.886423091905016","_lon":"-77.03289270401001","timestamp":"2021-07-21T16:26:41Z","version":1,"changeset":108376369,"user":"TanviB28","uid":13741316}},{"type":"Feature","geometry":{"type":"Point","coordinates":[-77.0327311,38.886428]},"properties":{"man_made":"surveillance","surveillance:type":"camera","id":"node/8939320293","_lat":"38.886423091905016","_lon":"-77.03272104263306","timestamp":"2021-07-21T16:26:41Z","version":1,"changeset":108376369,"user":"TanviB28","uid":13741316}},{"type":"Feature","geometry":{"type":"Point","coordinates":[-77.0328182,38.8864265]},"properties":{"man_made":"surveillance","surveillance:type":"camera","id":"node/8939320292","_lat":"38.886423091905016","_lon":"-77.03282833099365","timestamp":"2021-07-21T16:26:41Z","version":1,"changeset":108376369,"user":"TanviB28","uid":13741316}},{"type":"Feature","geometry":{"type":"Point","coordinates":[-77.033263,38.8862592]},"properties":{"name":"375","height":"25","man_made":"surveillance","camera:type":"dome","camera:mount":"roof","surveillance":"public","surveillance:type":"camera","surveillance:zone":"building","id":"node/4838814762","_lat":"38.886256066920566","_lon":"-77.03325748443604","timestamp":"2017-05-06T16:42:09Z","version":1,"changeset":48456638,"user":"rouvinator","uid":5533199}},{"type":"Feature","geometry":{"type":"Point","coordinates":[-77.0332174,38.886339]},"properties":{"name":"276","height":"25","man_made":"surveillance","camera:type":"dome","camera:mount":"roof","surveillance":"public","surveillance:type":"camera","surveillance:zone":"building","id":"node/4838814763","_lat":"38.88633957946189","_lon":"-77.0332145690918","timestamp":"2017-05-06T16:42:09Z","version":1,"changeset":48456638,"user":"rouvinator","uid":5533199}},{"type":"Feature","geometry":{"type":"Point","coordinates":[-77.0419958,38.8829753]},"properties":{"ref":"2","height":"15","man_made":"surveillance","check_date":"2023-09-01","camera:type":"dome","camera:mount":"pole","surveillance":"public","surveillance:type":"camera","surveillance:zone":"memorial","id":"node/4838375357","_lat":"38.88298229795001","_lon":"-77.04199075698853","timestamp":"2023-09-01T10:29:03Z","version":3,"changeset":140671934,"user":"MBTY1","uid":6237857}},{"type":"Feature","geometry":{"type":"Point","coordinates":[-77.0423127,38.8831304]},"properties":{"ref":"2","height":"15","man_made":"surveillance","check_date":"2023-09-01","camera:type":"dome","camera:mount":"pole","surveillance":"public","surveillance:type":"camera","surveillance:zone":"memorial","id":"node/4838375358","_lat":"38.883132627380604","_lon":"-77.04231262207031","timestamp":"2023-09-01T10:29:00Z","version":3,"changeset":140671934,"user":"MBTY1","uid":6237857}},{"type":"Feature","geometry":{"type":"Point","coordinates":[-77.0426131,38.8831992]},"properties":{"ref":"3","height":"15","man_made":"surveillance","check_date":"2023-09-01","camera:type":"dome","camera:mount":"pole","surveillance":"public","surveillance:type":"camera","surveillance:zone":"memorial","id":"node/4838375364","_lat":"38.883199440358766","_lon":"-77.04261302947998","timestamp":"2023-09-01T10:28:59Z","version":3,"changeset":140671934,"user":"MBTY1","uid":6237857}},{"type":"Feature","geometry":{"type":"Point","coordinates":[-77.0432276,38.8832945]},"properties":{"ref":"5","height":"15","man_made":"surveillance","check_date":"2023-09-01","camera:type":"dome","camera:mount":"pole","surveillance":"public","surveillance:type":"camera","surveillance:zone":"memorial","id":"node/4838375362","_lat":"38.88329965970823","_lon":"-77.04323530197144","timestamp":"2023-09-01T10:28:56Z","version":3,"changeset":140671934,"user":"MBTY1","uid":6237857}},{"type":"Feature","geometry":{"type":"Point","coordinates":[-77.0432348,38.8834982]},"properties":{"ref":"4","height":"15","man_made":"surveillance","check_date":"2023-09-01","camera:type":"dome","camera:mount":"pole","surveillance":"public","surveillance:type":"camera","surveillance:zone":"memorial","id":"node/4838375363","_lat":"38.883500097983074","_lon":"-77.04323530197144","timestamp":"2023-09-01T10:28:55Z","version":3,"changeset":140671934,"user":"MBTY1","uid":6237857}},{"type":"Feature","geometry":{"type":"Point","coordinates":[-77.0441756,38.8836817]},"properties":{"ref":"8","height":"15","man_made":"surveillance","check_date":"2023-09-01","camera:type":"dome","camera:mount":"pole","surveillance":"public","surveillance:type":"camera","surveillance:zone":"memorial","id":"node/4838375361","_lat":"38.88368383257159","_lon":"-77.04417943954468","timestamp":"2023-09-01T10:28:34Z","version":3,"changeset":140671934,"user":"MBTY1","uid":6237857}},{"type":"Feature","geometry":{"type":"Point","coordinates":[-77.0445333,38.8840087]},"properties":{"ref":"9","height":"15","man_made":"surveillance","check_date":"2023-09-01","camera:type":"dome","camera:mount":"pole","surveillance":"public","surveillance:type":"camera","surveillance:zone":"memorial","id":"node/4838375359","_lat":"38.88400119119626","_lon":"-77.04452276229858","timestamp":"2023-09-01T10:28:28Z","version":3,"changeset":140671934,"user":"MBTY1","uid":6237857}},{"type":"Feature","geometry":{"type":"Point","coordinates":[-77.0438851,38.8838929]},"properties":{"ref":"7","height":"15","man_made":"surveillance","check_date":"2023-09-01","camera:type":"dome","camera:mount":"pole","surveillance":"public","surveillance:type":"camera","surveillance:zone":"memorial","id":"node/4838375360","_lat":"38.88390097283633","_lon":"-77.04387903213501","timestamp":"2023-09-01T10:28:37Z","version":3,"changeset":140671934,"user":"MBTY1","uid":6237857}},{"type":"Feature","geometry":{"type":"Point","coordinates":[-77.0448348,38.8855088]},"properties":{"name":"10","height":"5","man_made":"surveillance","camera:type":"dome","camera:mount":"pole","surveillance":"public","surveillance:type":"camera","surveillance:zone":"memorial","id":"node/4838389352","_lat":"38.885504449631014","_lon":"-77.04484462738037","timestamp":"2017-05-06T11:22:05Z","version":1,"changeset":48449713,"user":"rouvinator","uid":5533199}},{"type":"Feature","geometry":{"type":"Point","coordinates":[-77.0450863,38.8862572]},"properties":{"name":"18","height":"5","man_made":"surveillance","camera:type":"dome","camera:mount":"pole","surveillance":"public","surveillance:type":"camera","surveillance:zone":"memorial","id":"node/4838389353","_lat":"38.886256066920566","_lon":"-77.04508066177368","timestamp":"2021-01-01T15:10:02Z","version":2,"changeset":96775412,"user":"RunTrails","uid":5215025}},{"type":"Feature","geometry":{"type":"Point","coordinates":[-77.0450817,38.8863516]},"properties":{"name":"16","height":"5","man_made":"surveillance","camera:type":"fixed","camera:mount":"pole","surveillance":"public","camera:direction":"150-210","surveillance:type":"camera","surveillance:zone":"memorial","id":"node/4838389354","_lat":"38.88635628195837","_lon":"-77.04508066177368","timestamp":"2021-02-03T01:23:30Z","version":2,"changeset":98608466,"user":"kguenther24","uid":11697944}},{"type":"Feature","geometry":{"type":"Point","coordinates":[-77.0450789,38.8864128]},"properties":{"name":"17","height":"5","man_made":"surveillance","check_date":"2024-07-29","camera:type":"fixed","camera:mount":"pole","surveillance":"public","camera:direction":"330-30","surveillance:type":"camera","surveillance:zone":"memorial","id":"node/4838389355","_lat":"38.88640638942428","_lon":"-77.04508066177368","timestamp":"2024-07-29T15:19:10Z","version":2,"changeset":154567976,"user":"StrikeMind","uid":20112842}},{"type":"Feature","geometry":{"type":"Point","coordinates":[-77.0447248,38.8866675]},"properties":{"name":"15","height":"5","man_made":"surveillance","camera:type":"dome","camera:mount":"pole","surveillance":"public","surveillance:type":"camera","surveillance:zone":"memorial","id":"node/4838389356","_lat":"38.88667362864547","_lon":"-77.04471588134766","timestamp":"2017-05-06T11:22:05Z","version":1,"changeset":48449713,"user":"rouvinator","uid":5533199}},{"type":"Feature","geometry":{"type":"Point","coordinates":[-77.0446953,38.8865026]},"properties":{"name":"14","height":"5","man_made":"surveillance","camera:type":"fixed","camera:mount":"pole","surveillance":"public","camera:direction":"0-60","surveillance:type":"camera","surveillance:zone":"memorial","id":"node/4838389359","_lat":"38.88650660425003","_lon":"-77.04469442367554","timestamp":"2017-05-06T11:22:06Z","version":1,"changeset":48449713,"user":"rouvinator","uid":5533199}},{"type":"Feature","geometry":{"type":"Point","coordinates":[-77.0440918,38.8863627]},"properties":{"name":"12","height":"10","man_made":"surveillance","check_date":"2023-04-11","camera:type":"dome","camera:mount":"pole","surveillance":"public","surveillance:type":"camera","surveillance:zone":"memorial","id":"node/4838389350","_lat":"38.88635628195837","_lon":"-77.0440936088562","timestamp":"2023-04-11T18:20:26Z","version":2,"changeset":134786049,"user":"Peter Newman","uid":7096975}},{"type":"Feature","geometry":{"type":"Point","coordinates":[-77.0447723,38.8864518]},"properties":{"name":"13","height":"5","man_made":"surveillance","camera:type":"fixed","camera:mount":"pole","surveillance":"public","camera:direction":"180-240","surveillance:type":"camera","surveillance:zone":"memorial","id":"node/4838389358","_lat":"38.886456496854805","_lon":"-77.04478025436401","timestamp":"2021-01-01T15:10:02Z","version":2,"changeset":96775412,"user":"RunTrails","uid":5215025}},{"type":"Feature","geometry":{"type":"Point","coordinates":[-77.044411,38.8860871]},"properties":{"name":"11","height":"10","man_made":"surveillance","check_date":"2023-04-11","camera:type":"panning","camera:mount":"pole","surveillance":"public","camera:direction":"0-90","surveillance:type":"camera","surveillance:zone":"memorial","id":"node/4838389351","_lat":"38.88608904154344","_lon":"-77.04441547393799","timestamp":"2023-04-11T18:20:26Z","version":2,"changeset":134786049,"user":"Peter Newman","uid":7096975}},{"type":"Feature","geometry":{"type":"Point","coordinates":[-77.0450601,38.8867468]},"properties":{"name":"19","height":"5","man_made":"surveillance","camera:mount":"pole","surveillance":"public","surveillance:type":"camera","surveillance:zone":"traffic","id":"node/4838389357","_lat":"38.886740438293685","_lon":"-77.04505920410156","timestamp":"2017-05-06T11:22:05Z","version":1,"changeset":48449713,"user":"rouvinator","uid":5533199}},{"type":"Feature","geometry":{"type":"Point","coordinates":[-77.0329699,38.886751]},"properties":{"name":"383","height":"5","man_made":"surveillance","camera:type":"dome","camera:mount":"wall","surveillance":"public","surveillance:type":"camera","surveillance:zone":"building","id":"node/4838814769","_lat":"38.88675714069592","_lon":"-77.03297853469849","timestamp":"2017-05-06T16:42:10Z","version":1,"changeset":48456638,"user":"rouvinator","uid":5533199}},{"type":"Feature","geometry":{"type":"Point","coordinates":[-77.0322827,38.8867358]},"properties":{"name":"385","height":"15","man_made":"surveillance","camera:type":"dome","camera:mount":"wall","surveillance":"public","surveillance:type":"camera","surveillance:zone":"building","id":"node/4838814771","_lat":"38.886740438293685","_lon":"-77.03229188919067","timestamp":"2017-05-06T16:42:10Z","version":1,"changeset":48456638,"user":"rouvinator","uid":5533199}},{"type":"Feature","geometry":{"type":"Point","coordinates":[-77.0175192,38.873382]},"properties":{"highway":"speed_camera","direction":"0","id":"node/12578286268","_lat":"38.87337725837105","_lon":"-77.0175290107727","timestamp":"2025-02-11T06:55:27Z","version":1,"changeset":162377948,"user":"nikos2wheels","uid":22437239}},{"type":"Feature","geometry":{"type":"Point","coordinates":[-77.0175916,38.8738662]},"properties":{"highway":"speed_camera","direction":"185","id":"node/12578286269","_lat":"38.87386171754096","_lon":"-77.01759338378906","timestamp":"2025-02-11T06:55:27Z","version":1,"changeset":162377948,"user":"nikos2wheels","uid":22437239}},{"type":"Feature","geometry":{"type":"Point","coordinates":[-77.0709013,38.8948743]},"properties":{"highway":"speed_camera","enforcement":"red_light_camera","id":"node/12578289282","_lat":"38.894874043462096","_lon":"-77.07089424133301","timestamp":"2025-02-11T07:06:02Z","version":1,"changeset":162378232,"user":"nikos2wheels","uid":22437239}},{"type":"Feature","geometry":{"type":"Point","coordinates":[-77.0753434,38.8911713]},"properties":{"highway":"speed_camera","maxspeed":"45 mph","direction":"45","id":"node/13675947693","_lat":"38.8911664375226","_lon":"-77.07533597946167","timestamp":"2026-03-24T20:44:26Z","version":1,"changeset":180375138,"user":"funglui","uid":10716908}},{"type":"Feature","geometry":{"type":"Point","coordinates":[-77.0335849,38.8921661]},"properties":{"highway":"speed_camera","id":"node/12543203130","_lat":"38.89216851226746","_lon":"-77.03357934951782","timestamp":"2025-01-30T07:04:38Z","version":1,"changeset":161925190,"user":"nikos2wheels","uid":22437239}},{"type":"Feature","geometry":{"type":"Point","coordinates":[-77.0334463,38.8921722]},"properties":{"highway":"speed_camera","direction":"270","enforcement":"red_light_camera","id":"node/12578244899","_lat":"38.89216851226746","_lon":"-77.03345060348511","timestamp":"2025-02-11T07:03:04Z","version":1,"changeset":162378153,"user":"nikos2wheels","uid":22437239}},{"type":"Feature","geometry":{"type":"Point","coordinates":[-77.0318013,38.8857171]},"properties":{"highway":"speed_camera","direction":"0","enforcement":"red_light_camera","id":"node/12578244898","_lat":"38.885721584331435","_lon":"-77.03179836273193","timestamp":"2025-02-11T07:03:04Z","version":1,"changeset":162378153,"user":"nikos2wheels","uid":22437239}},{"type":"Feature","geometry":{"type":"Point","coordinates":[-77.0091644,38.8798787]},"properties":{"highway":"speed_camera","enforcement":"red_light_camera","id":"node/12578286270","_lat":"38.87987541850583","_lon":"-77.00916051864624","timestamp":"2025-10-30T19:31:16Z","version":2,"changeset":173992491,"user":"KB-01","uid":9509339}},{"type":"Feature","geometry":{"type":"Point","coordinates":[-77.0154926,38.8875681]},"properties":{"highway":"speed_camera","direction":"90","enforcement":"red_light_camera","id":"node/12578244897","_lat":"38.8875755535951","_lon":"-77.01549053192139","timestamp":"2026-03-28T15:39:48Z","version":2,"changeset":180547625,"user":"KB-01","uid":9509339}},{"type":"Feature","geometry":{"type":"Point","coordinates":[-77.02793,38.8918741]},"properties":{"highway":"speed_camera","direction":"0","enforcement":"red_light_camera","id":"node/12578244900","_lat":"38.89186789132842","_lon":"-77.02793598175049","timestamp":"2025-02-11T07:03:04Z","version":1,"changeset":162378153,"user":"nikos2wheels","uid":22437239}},{"type":"Feature","geometry":{"type":"Point","coordinates":[-77.0280396,38.892171]},"properties":{"highway":"speed_camera","id":"node/12543206049","_lat":"38.89216851226746","_lon":"-77.02804327011108","timestamp":"2025-01-30T07:03:50Z","version":1,"changeset":161925173,"user":"nikos2wheels","uid":22437239}},{"type":"Feature","geometry":{"type":"Point","coordinates":[-76.9925467,38.8920784]},"properties":{"highway":"speed_camera","direction":"270","enforcement":"traffic_signals","id":"node/12580479018","_lat":"38.8920850065787","_lon":"-76.99255228042603","timestamp":"2025-02-11T23:40:47Z","version":1,"changeset":162410594,"user":"nikos2wheels","uid":22437239}},{"type":"Feature","geometry":{"type":"Point","coordinates":[-76.9927181,38.891907]},"properties":{"highway":"speed_camera","direction":"0","enforcement":"traffic_signals","id":"node/12580479017","_lat":"38.89190129371781","_lon":"-76.99272394180298","timestamp":"2025-02-11T23:40:47Z","version":1,"changeset":162410594,"user":"nikos2wheels","uid":22437239}},{"type":"Feature","geometry":{"type":"Point","coordinates":[-76.9880718,38.8876497]},"properties":{"highway":"speed_camera","id":"node/12580479014","_lat":"38.8876423623951","_lon":"-76.98806762695312","timestamp":"2025-02-11T23:40:47Z","version":1,"changeset":162410594,"user":"nikos2wheels","uid":22437239}},{"type":"Feature","geometry":{"type":"Point","coordinates":[-76.9904178,38.8876505]},"properties":{"highway":"speed_camera","direction":"90","id":"node/12580479015","_lat":"38.8876423623951","_lon":"-76.99042797088623","timestamp":"2025-02-11T23:40:47Z","version":1,"changeset":162410594,"user":"nikos2wheels","uid":22437239}},{"type":"Feature","geometry":{"type":"Point","coordinates":[-76.9928755,38.8898504]},"properties":{"highway":"speed_camera","direction":"90","id":"node/12580479016","_lat":"38.889847017547254","_lon":"-76.99287414550781","timestamp":"2025-02-11T23:40:47Z","version":1,"changeset":162410594,"user":"nikos2wheels","uid":22437239}},{"type":"Feature","geometry":{"type":"Point","coordinates":[-76.9913591,38.8780791]},"properties":{"highway":"speed_camera","direction":"300","enforcement":"red_light_camera","id":"node/12580477712","_lat":"38.87807136164963","_lon":"-76.99135065078735","timestamp":"2025-02-11T23:34:38Z","version":1,"changeset":162410488,"user":"nikos2wheels","uid":22437239}},{"type":"Feature","geometry":{"type":"Point","coordinates":[-76.9917705,38.8777098]},"properties":{"highway":"speed_camera","direction":"90","enforcement":"red_light_camera","id":"node/12580477711","_lat":"38.87770386297123","_lon":"-76.99177980422974","timestamp":"2025-02-11T23:34:38Z","version":1,"changeset":162410488,"user":"nikos2wheels","uid":22437239}},{"type":"Feature","geometry":{"type":"Point","coordinates":[-76.990183,38.8716483]},"properties":{"highway":"speed_camera","direction":"155","id":"node/13733844861","_lat":"38.87165656635116","_lon":"-76.99019193649292","timestamp":"2026-04-16T05:29:42Z","version":1,"changeset":181395279,"user":"wambag","uid":326503}},{"type":"Feature","geometry":{"type":"Point","coordinates":[-77.0995552,38.9304142]},"properties":{"highway":"speed_camera","direction":"230","id":"node/12578341743","_lat":"38.93042048946532","_lon":"-77.09956169128418","timestamp":"2025-02-11T07:18:20Z","version":1,"changeset":162378527,"user":"nikos2wheels","uid":22437239}},{"type":"Feature","geometry":{"type":"Point","coordinates":[-77.0905778,38.9142943]},"properties":{"highway":"speed_camera","maxspeed":"25 mph","direction":"105","id":"node/12541122304","_lat":"38.91429405937893","_lon":"-77.09057092666626","timestamp":"2025-01-29T08:19:25Z","version":1,"changeset":161886799,"user":"nikos2wheels","uid":22437239}},{"type":"Feature","geometry":{"type":"Point","coordinates":[-77.0817245,38.9126803]},"properties":{"highway":"speed_camera","maxspeed":"25 mph","direction":"90","id":"node/12541095764","_lat":"38.912674536257356","_lon":"-77.08173036575317","timestamp":"2025-01-29T08:12:24Z","version":1,"changeset":161886597,"user":"nikos2wheels","uid":22437239}},{"type":"Feature","geometry":{"type":"Point","coordinates":[-77.0920935,38.9137361]},"properties":{"highway":"speed_camera","direction":"140","id":"node/12541100542","_lat":"38.9137430917429","_lon":"-77.09209442138672","timestamp":"2025-01-29T08:08:17Z","version":1,"changeset":161886458,"user":"nikos2wheels","uid":22437239}},{"type":"Feature","geometry":{"type":"Point","coordinates":[-77.0961571,38.8960335]},"properties":{"highway":"speed_camera","direction":"225","enforcement":"red_light_camera","id":"node/12578282475","_lat":"38.89602636804415","_lon":"-77.09614992141724","timestamp":"2025-02-11T07:11:48Z","version":1,"changeset":162378354,"user":"nikos2wheels","uid":22437239}},{"type":"Feature","geometry":{"type":"Point","coordinates":[-77.0955613,38.8958096]},"properties":{"highway":"speed_camera","direction":"310","enforcement":"red_light_camera","id":"node/12578282476","_lat":"38.89580926484223","_lon":"-77.09557056427002","timestamp":"2025-02-11T07:11:48Z","version":1,"changeset":162378354,"user":"nikos2wheels","uid":22437239}},{"type":"Feature","geometry":{"type":"Point","coordinates":[-77.0982163,38.8961336]},"properties":{"highway":"speed_camera","direction":"275","enforcement":"red_light_camera","id":"node/12578282474","_lat":"38.89612656929813","_lon":"-77.09820985794067","timestamp":"2025-02-11T07:11:48Z","version":1,"changeset":162378354,"user":"nikos2wheels","uid":22437239}},{"type":"Feature","geometry":{"type":"Point","coordinates":[-77.0858488,38.891821]},"properties":{"highway":"speed_camera","direction":"355","id":"node/12578282471","_lat":"38.89181778771487","_lon":"-77.08585023880005","timestamp":"2025-02-11T07:11:48Z","version":1,"changeset":162378354,"user":"nikos2wheels","uid":22437239}},{"type":"Feature","geometry":{"type":"Point","coordinates":[-76.9545948,38.9398316]},"properties":{"highway":"speed_camera","maxspeed":"30 mph","direction":"230","id":"node/9912878862","_lat":"38.939834225871635","_lon":"-76.95459365844727","timestamp":"2022-07-26T16:53:57Z","version":1,"changeset":124105017,"user":"0x0000","uid":651903}},{"type":"Feature","geometry":{"type":"Point","coordinates":[-76.9545246,38.9397521]},"properties":{"highway":"speed_camera","maxspeed":"30 mph","direction":"50","id":"node/9912878863","_lat":"38.93975077625154","_lon":"-76.95452928543091","timestamp":"2022-07-26T16:53:57Z","version":1,"changeset":124105017,"user":"0x0000","uid":651903}},{"type":"Feature","geometry":{"type":"Point","coordinates":[-76.9522183,38.9368181]},"properties":{"highway":"speed_camera","maxspeed":"25 mph","direction":"170;320","id":"node/12512968466","_lat":"38.93681328705219","_lon":"-76.95221185684204","timestamp":"2026-04-25T18:58:56Z","version":4,"changeset":181819665,"user":"KB-01","uid":9509339}},{"type":"Feature","geometry":{"type":"Point","coordinates":[-76.9587334,38.9235788]},"properties":{"note":"Note that the limit is 20 mph, and not 25 mph","source":"local knowledge;streetlevel imagery","highway":"speed_camera","maxspeed":"20 mph","direction":"100","id":"node/8455577166","_lat":"38.9235763861017","_lon":"-76.95873498916626","timestamp":"2026-04-25T22:28:44Z","version":3,"changeset":181825383,"user":"snake21","uid":2591427}},{"type":"Feature","geometry":{"type":"Point","coordinates":[-76.9948648,38.9122712]},"properties":{"highway":"speed_camera","id":"node/12663145040","_lat":"38.91227382380265","_lon":"-76.99486970901489","timestamp":"2026-04-25T16:12:25Z","version":3,"changeset":181813342,"user":"snake21","uid":2591427}},{"type":"Feature","geometry":{"type":"Point","coordinates":[-76.9880626,38.900168]},"properties":{"highway":"speed_camera","direction":"90","id":"node/12578283047","_lat":"38.90016790202699","_lon":"-76.98806762695312","timestamp":"2025-02-11T06:46:34Z","version":1,"changeset":162377730,"user":"nikos2wheels","uid":22437239}},{"type":"Feature","geometry":{"type":"Point","coordinates":[-76.9809019,38.8998285]},"properties":{"highway":"speed_camera","direction":"285","id":"node/12578283050","_lat":"38.899833916305056","_lon":"-76.98090076446533","timestamp":"2025-02-11T06:46:34Z","version":1,"changeset":162377730,"user":"nikos2wheels","uid":22437239}},{"type":"Feature","geometry":{"type":"Point","coordinates":[-76.9806595,38.9013181]},"properties":{"highway":"speed_camera","direction":"235","id":"node/12578283049","_lat":"38.90132014070886","_lon":"-76.98066473007202","timestamp":"2025-02-11T06:46:34Z","version":1,"changeset":162377730,"user":"nikos2wheels","uid":22437239}},{"type":"Feature","geometry":{"type":"Point","coordinates":[-76.9826854,38.9012777]},"properties":{"highway":"speed_camera","direction":"35","id":"node/12578283048","_lat":"38.901270043763674","_lon":"-76.98268175125122","timestamp":"2025-02-11T06:46:34Z","version":1,"changeset":162377730,"user":"nikos2wheels","uid":22437239}},{"type":"Feature","geometry":{"type":"Point","coordinates":[-76.9707852,38.8885473]},"properties":{"highway":"speed_camera","direction":"50","id":"node/12580477717","_lat":"38.88854427504569","_lon":"-76.97079420089722","timestamp":"2025-02-11T23:34:38Z","version":1,"changeset":162410488,"user":"nikos2wheels","uid":22437239}},{"type":"Feature","geometry":{"type":"Point","coordinates":[-76.9766294,38.8876575]},"properties":{"highway":"speed_camera","direction":"90","id":"node/12580477716","_lat":"38.88765906458531","_lon":"-76.97663068771362","timestamp":"2025-02-11T23:34:38Z","version":1,"changeset":162410488,"user":"nikos2wheels","uid":22437239}},{"type":"Feature","geometry":{"type":"Point","coordinates":[-76.9851991,38.8898897]},"properties":{"highway":"speed_camera","direction":"270","id":"node/12580479013","_lat":"38.88989712255096","_lon":"-76.98519229888916","timestamp":"2025-02-11T23:40:47Z","version":1,"changeset":162410594,"user":"nikos2wheels","uid":22437239}},{"type":"Feature","geometry":{"type":"Point","coordinates":[-76.9808554,38.8851666]},"properties":{"highway":"speed_camera","direction":"180","id":"node/12580477715","_lat":"38.88517039494985","_lon":"-76.9808578491211","timestamp":"2025-02-11T23:34:38Z","version":1,"changeset":162410488,"user":"nikos2wheels","uid":22437239}},{"type":"Feature","geometry":{"type":"Point","coordinates":[-76.98438,38.8800504]},"properties":{"highway":"speed_camera","direction":"300","id":"node/12580477714","_lat":"38.88004245849061","_lon":"-76.98437690734863","timestamp":"2025-02-11T23:34:38Z","version":1,"changeset":162410488,"user":"nikos2wheels","uid":22437239}},{"type":"Feature","geometry":{"type":"Point","coordinates":[-76.9849633,38.8799572]},"properties":{"highway":"speed_camera","direction":"120","id":"node/12580477713","_lat":"38.879958938547304","_lon":"-76.98495626449585","timestamp":"2025-02-11T23:34:38Z","version":1,"changeset":162410488,"user":"nikos2wheels","uid":22437239}},{"type":"Feature","geometry":{"type":"Point","coordinates":[-77.0730325,38.929483]},"properties":{"highway":"speed_camera","maxspeed":"25 mph","direction":"10","id":"node/12542850580","_lat":"38.92948572403881","_lon":"-77.07304000854492","timestamp":"2025-03-11T13:09:35Z","version":2,"changeset":163484471,"user":"willkmis","uid":11523236}},{"type":"Feature","geometry":{"type":"Point","coordinates":[-77.0727878,38.9223457]},"properties":{"highway":"speed_camera","direction":"160","id":"node/12580485629","_lat":"38.92234103856603","_lon":"-77.07278251647949","timestamp":"2026-04-24T01:54:18Z","version":2,"changeset":181742933,"user":"KB-01","uid":9509339}},{"type":"Feature","geometry":{"type":"Point","coordinates":[-77.0731883,38.9245092]},"properties":{"highway":"speed_camera","direction":"180","id":"node/12580485630","_lat":"38.92451122939843","_lon":"-77.07319021224976","timestamp":"2026-04-24T01:54:18Z","version":2,"changeset":181742933,"user":"KB-01","uid":9509339}},{"type":"Feature","geometry":{"type":"Point","coordinates":[-77.0731888,38.9240301]},"properties":{"highway":"speed_camera","direction":"0","id":"node/12543165381","_lat":"38.924027115657566","_lon":"-77.07319021224976","timestamp":"2026-04-24T01:54:18Z","version":3,"changeset":181742933,"user":"KB-01","uid":9509339}},{"type":"Feature","geometry":{"type":"Point","coordinates":[-77.0720346,38.9210987]},"properties":{"highway":"speed_camera","direction":"330","id":"node/12580485627","_lat":"38.92110566952093","_lon":"-77.07203149795532","timestamp":"2026-04-24T01:54:18Z","version":2,"changeset":181742933,"user":"KB-01","uid":9509339}},{"type":"Feature","geometry":{"type":"Point","coordinates":[-77.0720138,38.9209259]},"properties":{"highway":"speed_camera","direction":"150","id":"node/12580485628","_lat":"38.92092203174548","_lon":"-77.0720100402832","timestamp":"2025-02-11T23:51:54Z","version":1,"changeset":162410755,"user":"nikos2wheels","uid":22437239}},{"type":"Feature","geometry":{"type":"Point","coordinates":[-77.0728915,38.9170313]},"properties":{"highway":"speed_camera","direction":"185","id":"node/12543172689","_lat":"38.91703213812144","_lon":"-77.07288980484009","timestamp":"2025-01-30T06:39:39Z","version":1,"changeset":161924558,"user":"nikos2wheels","uid":22437239}},{"type":"Feature","geometry":{"type":"Point","coordinates":[-77.0728437,38.9167819]},"properties":{"highway":"speed_camera","direction":"0","id":"node/12580433292","_lat":"38.91678170847936","_lon":"-77.07284688949585","timestamp":"2025-02-12T00:07:59Z","version":1,"changeset":162410983,"user":"nikos2wheels","uid":22437239}},{"type":"Feature","geometry":{"type":"Point","coordinates":[-77.0729126,38.9166168]},"properties":{"highway":"speed_camera","direction":"180","enforcement":"traffic_signals","id":"node/12580433291","_lat":"38.916614754893686","_lon":"-77.0729112625122","timestamp":"2025-02-12T00:07:59Z","version":1,"changeset":162410983,"user":"nikos2wheels","uid":22437239}},{"type":"Feature","geometry":{"type":"Point","coordinates":[-77.0706736,38.8982568]},"properties":{"highway":"speed_camera","direction":"120","id":"node/12541124481","_lat":"38.89826416236977","_lon":"-77.07067966461182","timestamp":"2025-01-29T08:35:45Z","version":1,"changeset":161887334,"user":"nikos2wheels","uid":22437239}},{"type":"Feature","geometry":{"type":"Point","coordinates":[-77.0719482,38.8991178]},"properties":{"highway":"speed_camera","maxspeed":"25 mph","direction":"225","id":"node/12541122176","_lat":"38.899115841683425","_lon":"-77.07194566726685","timestamp":"2025-01-29T08:29:08Z","version":1,"changeset":161887110,"user":"nikos2wheels","uid":22437239}},{"type":"Feature","geometry":{"type":"Point","coordinates":[-77.0705473,38.8990846]},"properties":{"highway":"speed_camera","direction":"255","id":"node/12541137859","_lat":"38.899082442687074","_lon":"-77.0705509185791","timestamp":"2025-01-29T08:34:53Z","version":1,"changeset":161887314,"user":"nikos2wheels","uid":22437239}},{"type":"Feature","geometry":{"type":"Point","coordinates":[-77.0699453,38.9050281]},"properties":{"highway":"speed_camera","direction":"260","enforcement":"red_light_camera","id":"node/12541080615","_lat":"38.905027216567305","_lon":"-77.06995010375977","timestamp":"2025-10-26T16:50:20Z","version":3,"changeset":173803911,"user":"KB-01","uid":9509339}},{"type":"Feature","geometry":{"type":"Point","coordinates":[-77.0626862,38.90527]},"properties":{"type":"enforcement","highway":"speed_camera","enforcement":"traffic_signals","id":"node/12578227482","_lat":"38.9052776876849","_lon":"-77.06267595291138","timestamp":"2025-02-11T06:17:05Z","version":1,"changeset":162377020,"user":"nikos2wheels","uid":22437239}},{"type":"Feature","geometry":{"type":"Point","coordinates":[-77.0539772,38.8995565]},"properties":{"ref":"Potomac River Fwy nw/b @ 25th St NW","highway":"speed_camera","maxspeed":"40 mph","direction":"340","check_date":"2025-06-06","id":"node/12984524530","_lat":"38.89955002720629","_lon":"-77.05398559570312","timestamp":"2025-07-06T23:21:14Z","version":1,"changeset":168581552,"user":"supermjr","uid":1393639}},{"type":"Feature","geometry":{"type":"Point","coordinates":[-77.0490233,38.9024856]},"properties":{"highway":"speed_camera","direction":"85","id":"node/12541145586","_lat":"38.90248905939566","_lon":"-77.0490288734436","timestamp":"2025-01-29T08:40:35Z","version":1,"changeset":161887504,"user":"nikos2wheels","uid":22437239}},{"type":"Feature","geometry":{"type":"Point","coordinates":[-77.0519167,38.9025758]},"properties":{"highway":"speed_camera","direction":"270","id":"node/12541139525","_lat":"38.90257255285121","_lon":"-77.05192565917969","timestamp":"2025-01-29T08:39:47Z","version":1,"changeset":161887476,"user":"nikos2wheels","uid":22437239}},{"type":"Feature","geometry":{"type":"Point","coordinates":[-77.0499591,38.9052577]},"properties":{"highway":"speed_camera","maxspeed":"25 mph","direction":"270","id":"node/12578248286","_lat":"38.905260989637895","_lon":"-77.04995155334473","timestamp":"2025-10-28T20:49:22Z","version":2,"changeset":173901929,"user":"KB-01","uid":9509339}},{"type":"Feature","geometry":{"type":"Point","coordinates":[-77.0319536,38.9019806]},"properties":{"highway":"speed_camera","direction":"25","id":"node/12578273310","_lat":"38.901988096600604","_lon":"-77.03194856643677","timestamp":"2026-03-28T18:36:36Z","version":2,"changeset":180554576,"user":"KB-01","uid":9509339}},{"type":"Feature","geometry":{"type":"Point","coordinates":[-77.0136978,38.8965368]},"properties":{"highway":"speed_camera","id":"node/12578333701","_lat":"38.896544073001195","_lon":"-77.01368808746338","timestamp":"2025-02-11T07:03:04Z","version":1,"changeset":162378153,"user":"nikos2wheels","uid":22437239}},{"type":"Feature","geometry":{"type":"Point","coordinates":[-77.0192317,38.9012362]},"properties":{"highway":"speed_camera","maxspeed":"25 mph","direction":"110","id":"node/12578283031","_lat":"38.90123664578056","_lon":"-77.01922416687012","timestamp":"2026-03-28T18:36:36Z","version":2,"changeset":180554576,"user":"KB-01","uid":9509339}},{"type":"Feature","geometry":{"type":"Point","coordinates":[-77.0244164,38.9030415]},"properties":{"highway":"speed_camera","maxspeed":"25 mph","direction":"115","id":"node/12578283028","_lat":"38.90304011438778","_lon":"-77.02441692352295","timestamp":"2025-10-30T18:44:49Z","version":2,"changeset":173990878,"user":"KB-01","uid":9509339}},{"type":"Feature","geometry":{"type":"Point","coordinates":[-77.0257495,38.9035047]},"properties":{"highway":"speed_camera","direction":"110","id":"node/12578283026","_lat":"38.90350767284531","_lon":"-77.02574729919434","timestamp":"2025-10-30T18:44:49Z","version":2,"changeset":173990878,"user":"KB-01","uid":9509339}},{"type":"Feature","geometry":{"type":"Point","coordinates":[-77.0209084,38.9032345]},"properties":{"highway":"speed_camera","maxspeed":"25 mph","direction":"65","id":"node/12578283029","_lat":"38.903240496960876","_lon":"-77.02089786529541","timestamp":"2026-03-28T18:36:36Z","version":2,"changeset":180554576,"user":"KB-01","uid":9509339}},{"type":"Feature","geometry":{"type":"Point","coordinates":[-77.0203767,38.9034279]},"properties":{"highway":"speed_camera","maxspeed":"25 mph","direction":"240","id":"node/12578283030","_lat":"38.903424180489395","_lon":"-77.02038288116455","timestamp":"2026-03-28T18:36:36Z","version":2,"changeset":180554576,"user":"KB-01","uid":9509339}},{"type":"Feature","geometry":{"type":"Point","coordinates":[-77.0158179,38.905011]},"properties":{"highway":"speed_camera","maxspeed":"25 mph","direction":"245","id":"node/12578283032","_lat":"38.90501051846138","_lon":"-77.01581239700317","timestamp":"2025-10-28T19:54:13Z","version":2,"changeset":173900009,"user":"KB-01","uid":9509339}},{"type":"Feature","geometry":{"type":"Point","coordinates":[-77.0140307,38.9055498]},"properties":{"highway":"speed_camera","maxspeed":"25 mph","direction":"60","id":"node/12578283034","_lat":"38.905544855903","_lon":"-77.01403141021729","timestamp":"2025-10-28T19:54:13Z","version":2,"changeset":173900009,"user":"KB-01","uid":9509339}},{"type":"Feature","geometry":{"type":"Point","coordinates":[-77.0152907,38.9051895]},"properties":{"highway":"speed_camera","maxspeed":"25 mph","direction":"240","id":"node/12578283033","_lat":"38.90519419741054","_lon":"-77.01529741287231","timestamp":"2025-10-28T19:54:13Z","version":2,"changeset":173900009,"user":"KB-01","uid":9509339}},{"type":"Feature","geometry":{"type":"Point","coordinates":[-77.0090151,38.9038481]},"properties":{"highway":"speed_camera","maxspeed":"25 mph","direction":"355","id":"node/12578283040","_lat":"38.90384164128693","_lon":"-77.0090103149414","timestamp":"2025-10-28T19:54:13Z","version":2,"changeset":173900009,"user":"KB-01","uid":9509339}},{"type":"Feature","geometry":{"type":"Point","coordinates":[-77.0139258,38.9030755]},"properties":{"highway":"speed_camera","maxspeed":"25 mph","direction":"335","id":"node/12578283041","_lat":"38.903073511522564","_lon":"-77.01392412185669","timestamp":"2026-03-28T18:36:36Z","version":2,"changeset":180554576,"user":"KB-01","uid":9509339}},{"type":"Feature","geometry":{"type":"Point","coordinates":[-77.014754,38.9025932]},"properties":{"highway":"speed_camera","direction":"150","id":"node/12578283042","_lat":"38.9027729367439","_lon":"-77.01493263244629","timestamp":"2026-04-28T01:43:18Z","version":2,"changeset":181916681,"user":"KB-01","uid":9509339}},{"type":"Feature","geometry":{"type":"Point","coordinates":[-77.0105714,38.9002174]},"properties":{"highway":"speed_camera","direction":"270","id":"node/12578283043","_lat":"38.9002179997498","_lon":"-77.0105767250061","timestamp":"2025-10-28T19:54:13Z","version":2,"changeset":173900009,"user":"KB-01","uid":9509339}},{"type":"Feature","geometry":{"type":"Point","coordinates":[-77.0090154,38.8991064]},"properties":{"highway":"speed_camera","direction":"0","id":"node/12578283044","_lat":"38.899099142187225","_lon":"-77.0090103149414","timestamp":"2025-10-28T19:54:13Z","version":2,"changeset":173900009,"user":"KB-01","uid":9509339}},{"type":"Feature","geometry":{"type":"Point","coordinates":[-77.0091113,38.900581]},"properties":{"type":"enforcement","highway":"speed_camera","enforcement":"red_light_camera","id":"node/12578283045","_lat":"38.900585381970274","_lon":"-77.009117603302","timestamp":"2025-10-28T19:54:13Z","version":2,"changeset":173900009,"user":"KB-01","uid":9509339}},{"type":"Feature","geometry":{"type":"Point","coordinates":[-77.0043333,38.9001498]},"properties":{"highway":"speed_camera","direction":"90","id":"node/12578283046","_lat":"38.900151202778204","_lon":"-77.00433254241943","timestamp":"2026-04-26T00:42:59Z","version":3,"changeset":181827422,"user":"snake21","uid":2591427}},{"type":"Feature","geometry":{"type":"Point","coordinates":[-77.0046414,38.9090192]},"properties":{"highway":"speed_camera","maxspeed":"25","direction":"230","enforcement":"red_light_camera","id":"node/12580479020","_lat":"38.909017951243754","_lon":"-77.0046329498291","timestamp":"2025-02-23T18:07:02Z","version":2,"changeset":162863767,"user":"ElliottPlack","uid":105946}},{"type":"Feature","geometry":{"type":"Point","coordinates":[-77.0067593,38.9097582]},"properties":{"highway":"speed_camera","direction":"305","id":"node/12580479021","_lat":"38.90975262271476","_lon":"-77.0067572593689","timestamp":"2025-02-11T23:40:47Z","version":1,"changeset":162410594,"user":"nikos2wheels","uid":22437239}},{"type":"Feature","geometry":{"type":"Point","coordinates":[-77.0087044,38.9075903]},"properties":{"highway":"speed_camera","maxspeed":"25 mph","direction":"230","id":"node/12578283039","_lat":"38.9075819805046","_lon":"-77.00870990753174","timestamp":"2025-02-11T06:46:34Z","version":1,"changeset":162377730,"user":"nikos2wheels","uid":22437239}},{"type":"Feature","geometry":{"type":"Point","coordinates":[-77.0152758,38.9066521]},"properties":{"highway":"speed_camera","maxspeed":"25 mph","direction":"350","id":"node/12578283035","_lat":"38.90664691417496","_lon":"-77.0152759552002","timestamp":"2025-02-11T06:46:34Z","version":1,"changeset":162377730,"user":"nikos2wheels","uid":22437239}},{"type":"Feature","geometry":{"type":"Point","coordinates":[-77.0151489,38.9066924]},"properties":{"highway":"speed_camera","maxspeed":"25 mph","direction":"170","id":"node/12578283036","_lat":"38.90669700732627","_lon":"-77.01514720916748","timestamp":"2025-02-11T06:46:34Z","version":1,"changeset":162377730,"user":"nikos2wheels","uid":22437239}},{"type":"Feature","geometry":{"type":"Point","coordinates":[-77.0122159,38.9073742]},"properties":{"highway":"speed_camera","traffic_sign":"stop","id":"node/12578283038","_lat":"38.907381610185126","_lon":"-77.01220750808716","timestamp":"2025-02-11T06:46:34Z","version":1,"changeset":162377730,"user":"nikos2wheels","uid":22437239}},{"type":"Feature","geometry":{"type":"Point","coordinates":[-77.0104312,38.9114597]},"properties":{"highway":"speed_camera","direction":"120","id":"node/12580479022","_lat":"38.911455695516366","_lon":"-77.01042652130127","timestamp":"2025-02-11T23:40:47Z","version":1,"changeset":162410594,"user":"nikos2wheels","uid":22437239}},{"type":"Feature","geometry":{"type":"Point","coordinates":[-77.0090239,38.9125081]},"properties":{"highway":"speed_camera","direction":"0","id":"node/12580479023","_lat":"38.91250757300949","_lon":"-77.00903177261353","timestamp":"2025-02-11T23:40:47Z","version":1,"changeset":162410594,"user":"nikos2wheels","uid":22437239}},{"type":"Feature","geometry":{"type":"Point","coordinates":[-77.0096988,38.9165103]},"properties":{"highway":"speed_camera","direction":"65","id":"node/12580439695","_lat":"38.916614754893686","_lon":"-77.00935363769531","timestamp":"2026-04-28T02:13:46Z","version":2,"changeset":181917139,"user":"KB-01","uid":9509339}},{"type":"Feature","geometry":{"type":"Point","coordinates":[-77.0117555,38.9159255]},"properties":{"highway":"speed_camera","direction":"250","id":"node/12580439696","_lat":"38.91589684999954","_lon":"-77.01201438903809","timestamp":"2026-04-28T02:13:46Z","version":2,"changeset":181917139,"user":"KB-01","uid":9509339}},{"type":"Feature","geometry":{"type":"Point","coordinates":[-77.0151833,38.9147343]},"properties":{"highway":"speed_camera","direction":"250","id":"node/12580439698","_lat":"38.91479493533629","_lon":"-77.01519012451172","timestamp":"2026-04-28T02:13:46Z","version":2,"changeset":181917139,"user":"KB-01","uid":9509339}},{"type":"Feature","geometry":{"type":"Point","coordinates":[-77.0151386,38.9146191]},"properties":{"highway":"speed_camera","direction":"60","id":"node/12580439697","_lat":"38.914778239528005","_lon":"-77.01495409011841","timestamp":"2026-04-28T02:13:46Z","version":2,"changeset":181917139,"user":"KB-01","uid":9509339}},{"type":"Feature","geometry":{"type":"Point","coordinates":[-77.0179654,38.9146695]},"properties":{"highway":"speed_camera","direction":"300","id":"node/12580439699","_lat":"38.914661368759965","_lon":"-77.01795816421509","timestamp":"2025-02-11T23:47:00Z","version":1,"changeset":162410691,"user":"nikos2wheels","uid":22437239}},{"type":"Feature","geometry":{"type":"Point","coordinates":[-77.0183452,38.9147755]},"properties":{"highway":"speed_camera","direction":"120","id":"node/12580439700","_lat":"38.914778239528005","_lon":"-77.01834440231323","timestamp":"2025-02-11T23:47:00Z","version":1,"changeset":162410691,"user":"nikos2wheels","uid":22437239}},{"type":"Feature","geometry":{"type":"Point","coordinates":[-77.0190123,38.9141529]},"properties":{"highway":"speed_camera","direction":"90","enforcement":"red_light_camera","id":"node/12580485901","_lat":"38.91416049185992","_lon":"-77.01900959014893","timestamp":"2025-02-11T23:47:00Z","version":1,"changeset":162410691,"user":"nikos2wheels","uid":22437239}},{"type":"Feature","geometry":{"type":"Point","coordinates":[-77.0209511,38.9141068]},"properties":{"highway":"speed_camera","direction":"90","id":"node/12580485903","_lat":"38.914110403975485","_lon":"-77.02094078063965","timestamp":"2025-02-11T23:47:00Z","version":1,"changeset":162410691,"user":"nikos2wheels","uid":22437239}},{"type":"Feature","geometry":{"type":"Point","coordinates":[-77.0204498,38.9156791]},"properties":{"highway":"speed_camera","direction":"120","id":"node/12580485904","_lat":"38.915679807555364","_lon":"-77.02044725418091","timestamp":"2025-02-11T23:47:00Z","version":1,"changeset":162410691,"user":"nikos2wheels","uid":22437239}},{"type":"Feature","geometry":{"type":"Point","coordinates":[-77.0217715,38.9162929]},"properties":{"highway":"speed_camera","direction":"120","id":"node/12580485905","_lat":"38.9162975419988","_lon":"-77.0217776298523","timestamp":"2025-02-11T23:47:00Z","version":1,"changeset":162410691,"user":"nikos2wheels","uid":22437239}},{"type":"Feature","geometry":{"type":"Point","coordinates":[-77.0269003,38.9170882]},"properties":{"highway":"speed_camera","direction":"90","id":"node/12580485906","_lat":"38.917082223943794","_lon":"-77.02690601348877","timestamp":"2025-02-11T23:47:00Z","version":1,"changeset":162410691,"user":"nikos2wheels","uid":22437239}},{"type":"Feature","geometry":{"type":"Point","coordinates":[-77.0190488,38.9134355]},"properties":{"highway":"speed_camera","direction":"60","id":"node/12580485902","_lat":"38.91344256213867","_lon":"-77.01905250549316","timestamp":"2025-02-11T23:47:00Z","version":1,"changeset":162410691,"user":"nikos2wheels","uid":22437239}},{"type":"Feature","geometry":{"type":"Point","coordinates":[-77.0157249,38.9079586]},"properties":{"highway":"speed_camera","maxspeed":"25 mph","direction":"335","id":"node/12578283037","_lat":"38.90796602203616","_lon":"-77.0157265663147","timestamp":"2025-02-11T06:46:34Z","version":1,"changeset":162377730,"user":"nikos2wheels","uid":22437239}},{"type":"Feature","geometry":{"type":"Point","coordinates":[-77.0387159,38.9064807]},"properties":{"highway":"speed_camera","maxspeed":"25 mph","direction":"240","id":"node/12578228970","_lat":"38.90647993674858","_lon":"-77.0387077331543","timestamp":"2025-02-11T06:26:38Z","version":1,"changeset":162377203,"user":"nikos2wheels","uid":22437239}},{"type":"Feature","geometry":{"type":"Point","coordinates":[-77.0319531,38.9172464]},"properties":{"highway":"speed_camera","direction":"170","enforcement":"red_light_camera","id":"node/12543186481","_lat":"38.917249176429664","_lon":"-77.03194856643677","timestamp":"2025-10-26T02:28:30Z","version":3,"changeset":173778025,"user":"KB-01","uid":9509339}},{"type":"Feature","geometry":{"type":"Point","coordinates":[-77.0363378,38.9350504]},"properties":{"highway":"speed_camera","direction":"355","id":"node/12543190938","_lat":"38.93504405870718","_lon":"-77.03634738922119","timestamp":"2025-01-30T06:57:06Z","version":1,"changeset":161924996,"user":"nikos2wheels","uid":22437239}},{"type":"Feature","geometry":{"type":"Point","coordinates":[-77.0236808,38.9320924]},"properties":{"highway":"speed_camera","id":"node/12543182439","_lat":"38.93208968280135","_lon":"-77.0236873626709","timestamp":"2025-01-30T07:24:14Z","version":1,"changeset":161925680,"user":"nikos2wheels","uid":22437239}},{"type":"Feature","geometry":{"type":"Point","coordinates":[-77.027877,38.9302286]},"properties":{"highway":"speed_camera","id":"node/3139741799","_lat":"38.930236875800205","_lon":"-77.02787160873413","timestamp":"2022-05-26T01:10:52Z","version":2,"changeset":121497426,"user":"KB-01","uid":9509339}},{"type":"Feature","geometry":{"type":"Point","coordinates":[-77.0185564,38.9295388]},"properties":{"highway":"speed_camera","id":"node/12543113754","_lat":"38.92953580107039","_lon":"-77.01855897903442","timestamp":"2026-04-15T03:13:51Z","version":3,"changeset":181347508,"user":"snake21","uid":2591427}},{"type":"Feature","geometry":{"type":"Point","coordinates":[-77.0121943,38.9263177]},"properties":{"highway":"speed_camera","id":"node/12543217932","_lat":"38.92631410668423","_lon":"-77.01218605041504","timestamp":"2025-01-30T07:27:28Z","version":1,"changeset":161925762,"user":"nikos2wheels","uid":22437239}},{"type":"Feature","geometry":{"type":"Point","coordinates":[-77.0879191,38.8846684]},"properties":{"highway":"speed_camera","direction":"90","enforcement":"red_light_camera","id":"node/12578282472","_lat":"38.88466930998294","_lon":"-77.08791017532349","timestamp":"2025-02-11T07:11:48Z","version":1,"changeset":162378354,"user":"nikos2wheels","uid":22437239}},{"type":"Feature","geometry":{"type":"Point","coordinates":[-77.0876217,38.8846538]},"properties":{"highway":"speed_camera","direction":"265","enforcement":"red_light_camera","id":"node/12578282473","_lat":"38.88465260708986","_lon":"-77.08763122558594","timestamp":"2025-02-11T07:11:48Z","version":1,"changeset":162378354,"user":"nikos2wheels","uid":22437239}},{"type":"Feature","geometry":{"type":"Point","coordinates":[-77.01285,38.90541]},"properties":{"ele":"22","name":"Metropolitan Police Boys and Girls Clubs","source":"USGS Geonames","amenity":"police","addr:state":"DC","gnis:feature_id":"2335120","id":"node/367142183","_lat":"38.90539457390403","_lon":"-77.01287269592285","timestamp":"2024-08-12T19:22:16Z","version":2,"changeset":155164666,"user":"Mateusz Konieczny - bot account","uid":3199858}},{"type":"Feature","geometry":{"type":"Point","coordinates":[-77.0046717,38.9076991]},"properties":{"name":"Bureau of Alcohol, Tobacco, Firearms and Explosives","office":"government","source":"dcgis","amenity":"police","dataset":"address","name:en":"Bureau of Alcohol, Tobacco, Firearms and Explosives","website":"https://www.atf.gov/","alt_name":"ATF","wikidata":"Q434371","addr:city":"Washington","dcgis:lot":"0804","addr:state":"DC","government":"police","short_name":"BAFTE","addr:street":"New York Avenue Northeast","alt_name:en":"ATF","dcgis:square":"0710","addr:postcode":"20002","short_name:en":"BAFTE","addr:housenumber":"99","id":"node/810582033","_lat":"38.90773225787308","_lon":"-77.0046329498291","timestamp":"2023-09-29T12:12:41Z","version":4,"changeset":141909520,"user":"whammo","uid":1962542}},{"type":"Feature","geometry":{"type":"Point","coordinates":[-76.9521625,38.9379822]},"properties":{"ele":"15","name":"Cottage City Police Station","source":"USGS Geonames","amenity":"police","addr:state":"MD","gnis:feature_id":"2457505","id":"node/367798236","_lat":"38.937981621194524","_lon":"-76.95219039916992","timestamp":"2024-08-13T13:13:00Z","version":3,"changeset":155195145,"user":"Mateusz Konieczny - bot account","uid":3199858}},{"type":"Feature","geometry":{"type":"Point","coordinates":[-76.9141,38.8844]},"properties":{"ele":"39","name":"Capitol Heights Police Station","source":"USGS Geonames","amenity":"police","addr:state":"MD","gnis:feature_id":"2457460","id":"node/367798235","_lat":"38.88441876617421","_lon":"-76.91408157348633","timestamp":"2024-08-13T13:12:59Z","version":2,"changeset":155195145,"user":"Mateusz Konieczny - bot account","uid":3199858}},{"type":"Feature","geometry":{"type":"Point","coordinates":[-76.9618232,38.9357052]},"properties":{"name":"Mount Rainier Police","phone":"+1-301-985-6580","amenity":"police","website":"https://www.mountrainiermd.org/departments/police/contact-us","facebook":"https://www.facebook.com/mountrainierpolicedepartment/","addr:city":"Mount Rainier","addr:state":"MD","check_date":"2024-10-30","addr:street":"Rhode Island Avenue","addr:postcode":"20712","opening_hours":"24/7","gnis:feature_id":"2457357","addr:housenumber":"3249","id":"node/8757006564","_lat":"38.935711697230346","_lon":"-76.9618034362793","timestamp":"2024-10-31T00:55:14Z","version":3,"changeset":158563855,"user":"0x0000","uid":651903}},{"type":"Feature","geometry":{"type":"Point","coordinates":[-76.9911676,38.9086601]},"properties":{"name":"Department of Public Safety","amenity":"police","id":"node/939518175","_lat":"38.908667309906605","_lon":"-76.99115753173828","timestamp":"2010-10-06T19:47:05Z","version":1,"changeset":5972699,"user":"Kevin Cole","uid":73013}},{"type":"Feature","geometry":{"type":"Point","coordinates":[-76.9401168,38.8915627]},"properties":{"ele":"21","name":"Metropolitan Police Boys and Girls Clubs","source":"USGS Geonames","amenity":"police","addr:state":"DC","gnis:feature_id":"2335121","id":"node/367142181","_lat":"38.89156726911702","_lon":"-76.94008827209473","timestamp":"2024-08-12T19:22:16Z","version":2,"changeset":155164666,"user":"Mateusz Konieczny - bot account","uid":3199858}},{"type":"Feature","geometry":{"type":"Point","coordinates":[-76.9596519,38.8697828]},"properties":{"ele":"44","name":"Washington District of Columbia Police Department - Patrol Support Branch and Family Liaison","source":"USGS Geonames","amenity":"police","addr:state":"DC","gnis:feature_id":"2335145","id":"node/367142464","_lat":"38.86978547532709","_lon":"-76.95965766906738","timestamp":"2024-08-12T19:22:34Z","version":3,"changeset":155164666,"user":"Mateusz Konieczny - bot account","uid":3199858}},{"type":"Feature","geometry":{"type":"Point","coordinates":[-76.9687,38.87234]},"properties":{"ele":"18","name":"Washington District of Columbia Police Department District 6 Substation","source":"USGS Geonames","amenity":"police","addr:state":"DC","gnis:feature_id":"2335133","id":"node/367142215","_lat":"38.872324801209146","_lon":"-76.96866989135742","timestamp":"2024-08-12T19:22:25Z","version":4,"changeset":155164666,"user":"Mateusz Konieczny - bot account","uid":3199858}},{"type":"Feature","geometry":{"type":"Point","coordinates":[-77.0748469,38.9348396]},"properties":{"ele":"108","name":"Washington District of Columbia Police Department District 2","source":"USGS Geonames","amenity":"police","addr:state":"DC","gnis:feature_id":"2335138","id":"node/367142210","_lat":"38.9348437659246","_lon":"-77.07484245300293","timestamp":"2024-08-12T19:22:24Z","version":3,"changeset":155164666,"user":"Mateusz Konieczny - bot account","uid":3199858}},{"type":"Feature","geometry":{"type":"Point","coordinates":[-77.0832045,38.8899085]},"properties":{"ele":"71","name":"Arlington Police Station","source":"USGS Geonames","amenity":"police","addr:state":"VA","gnis:feature_id":"1491426","id":"node/367988417","_lat":"38.88989712255096","_lon":"-77.08316802978516","timestamp":"2024-05-15T15:58:33Z","version":3,"changeset":151368470,"user":"Mateusz Konieczny - bot account","uid":3199858}},{"type":"Feature","geometry":{"type":"Point","coordinates":[-77.0830812,38.8899223]},"properties":{"ele":"71","name":"Arlington County Sheriff's Office","source":"USGS Geonames","amenity":"police","addr:state":"VA","wheelchair":"yes","tiger:reviewed":"yes","gnis:feature_id":"2332060","id":"node/367989810","_lat":"38.88989712255096","_lon":"-77.08308219909668","timestamp":"2024-05-15T15:58:48Z","version":7,"changeset":151368470,"user":"Mateusz Konieczny - bot account","uid":3199858}},{"type":"Feature","geometry":{"type":"Point","coordinates":[-77.048122,38.9005399]},"properties":{"name":"Campus Police","amenity":"police","addr:city":"Washington","addr:state":"DC","addr:street":"22nd Street Northwest","addr:housenumber":"801","id":"node/3372389884","_lat":"38.900518585344315","_lon":"-77.04814910888672","timestamp":"2015-04-01T09:38:09Z","version":4,"changeset":29900287,"user":"user_5359","uid":5359}},{"type":"Feature","geometry":{"type":"Point","coordinates":[-77.0341759,38.8763875]},"properties":{"name":"National Capitol Region US Park Police Headquarters","amenity":"police","addr:city":"Washington","addr:state":"DC","addr:street":"Ohio Drive Southwest","addr:country":"US","addr:housenumber":"1100","id":"node/611150915","_lat":"38.87640089779765","_lon":"-77.03415870666504","timestamp":"2014-12-30T01:50:57Z","version":3,"changeset":27791036,"user":"RoadGeek_MD99","uid":475877}},{"type":"Feature","geometry":{"type":"Point","coordinates":[-77.0165408,38.8943664]},"properties":{"name":"Metropolitan Police Headquarters","phone":"+1-202-727-4218","amenity":"police","website":"https://mpdc.dc.gov/page/police-headquarters","operator":"Metropolitan Police Department","addr:street":"Indiana Avenue Northwest","operator:short":"MPD","addr:housenumber":"300","operator:wikidata":"Q1350854","id":"node/367142218","_lat":"38.894373026942446","_lon":"-77.01656341552734","timestamp":"2024-03-22T19:41:52Z","version":2,"changeset":149028601,"user":"ajashton","uid":135329}},{"type":"Feature","geometry":{"type":"Point","coordinates":[-77.0192215,38.8940284]},"properties":{"ele":"7","name":"Metropolitan Police Department Headquarters","source":"USGS Geonames","amenity":"police","operator":"Metropolitan Police Department","addr:state":"DC","operator:short":"MPD","gnis:feature_id":"2493049","operator:wikidata":"Q1350854","id":"node/367142467","_lat":"38.89403901396577","_lon":"-77.01922416687012","timestamp":"2024-08-12T19:22:35Z","version":4,"changeset":155164666,"user":"Mateusz Konieczny - bot account","uid":3199858}},{"type":"Feature","geometry":{"type":"Point","coordinates":[-77.05587,38.9173828]},"properties":{"access":"private","police":"checkpoint","barrier":"block","id":"node/13299882452","_lat":"38.917416128522774","_lon":"-77.05587387084961","timestamp":"2025-11-12T15:50:46Z","version":1,"changeset":174566204,"user":"willkmis","uid":11523236}},{"type":"Feature","geometry":{"type":"Point","coordinates":[-77.0529973,38.9189054]},"properties":{"access":"private","police":"checkpoint","barrier":"block","id":"node/9595983984","_lat":"38.918885290005534","_lon":"-77.0529556274414","timestamp":"2025-11-12T15:50:46Z","version":2,"changeset":174566204,"user":"willkmis","uid":11523236}},{"type":"Feature","geometry":{"type":"Point","coordinates":[-77.0378551,38.9179676]},"properties":{"ele":"32","name":"Washington DC Metropolitan Police Department - Third District","source":"USGS Geonames","amenity":"police","operator":"Metropolitan Police Department","addr:state":"DC","operator:short":"MPD","gnis:feature_id":"2335137","operator:wikidata":"Q1350854","id":"node/367142209","_lat":"38.91795037258129","_lon":"-77.03784942626953","timestamp":"2025-01-12T22:42:06Z","version":3,"changeset":161290177,"user":"willkmis","uid":11523236}},{"type":"Feature","geometry":{"type":"Point","coordinates":[-77.0256524,38.9326856]},"properties":{"name":"Fourth District Substation","amenity":"police","operator":"Metropolitan Police Department","check_date":"2026-03-25","operator:short":"MPD","operator:wikidata":"Q1350854","id":"node/2973421682","_lat":"38.932707274379595","_lon":"-77.02566146850586","timestamp":"2026-03-25T12:45:31Z","version":5,"changeset":180406007,"user":"Goofball5388","uid":20628603}},{"type":"Feature","geometry":{"type":"Point","coordinates":[-77.023787,38.9400962]},"properties":{"name":"Metropolitan Police Department Special Liaison Unit","amenity":"police","operator":"Metropolitan Police Department","operator:short":"MPD","operator:wikidata":"Q1350854","id":"node/13706772745","_lat":"38.940117953845345","_lon":"-77.02377319335938","timestamp":"2026-04-04T21:55:56Z","version":1,"changeset":180874622,"user":"willkmis","uid":11523236}},{"type":"Feature","geometry":{"type":"Polygon","coordinates":[[[-77.0205278,38.8739704],[-77.0205655,38.8740458],[-77.0206056,38.8741225],[-77.0207051,38.8742769],[-77.0213291,38.8735933],[-77.021372,38.873541],[-77.021372,38.8735076],[-77.0212594,38.8733009],[-77.0212218,38.8732842],[-77.0211789,38.8733051],[-77.0206183,38.8739482],[-77.0205278,38.8739704]]]},"properties":{"amenity":"police","man_made":"pier","id":"way/521118443","_lat":"38.873794894243645","_lon":"-77.02094078063965","timestamp":"2026-03-28T15:39:48Z","version":4,"changeset":180547625,"user":"KB-01","uid":9509339}},{"type":"Feature","geometry":{"type":"Polygon","coordinates":[[[-77.0207774,38.8738121],[-77.0205655,38.8740458],[-77.0206056,38.8741225],[-77.0206712,38.8741589],[-77.0206782,38.8741723],[-77.020898,38.8739301],[-77.0208919,38.8739184],[-77.0209128,38.8738954],[-77.0209301,38.8739051],[-77.0209747,38.8738559],[-77.0209677,38.8738521],[-77.0211317,38.8736714],[-77.0211121,38.8736606],[-77.0210891,38.8736165],[-77.021113,38.8736297],[-77.0211533,38.8735852],[-77.021071,38.8735397],[-77.0210277,38.8735874],[-77.0210474,38.8736016],[-77.0209962,38.873599],[-77.020978,38.8735889],[-77.0208847,38.8736917],[-77.0208958,38.8736979],[-77.0207914,38.8738129],[-77.0207774,38.8738121]]]},"properties":{"name":"Police Harbor Patrol","source":"dcgis","amenity":"police","dataset":"buildings","building":"yes","addr:street":"Water Street Southwest","addr:housenumber":"550","dcgis:captureyear":"19990331","id":"way/67255083","_lat":"38.87382830603367","_lon":"-77.02085494995117","timestamp":"2017-09-04T01:01:19Z","version":3,"changeset":51705148,"user":"RunTrails","uid":5215025}},{"type":"Feature","geometry":{"type":"Polygon","coordinates":[[[-77.0690239,38.8669826],[-77.0690035,38.8669336],[-77.0689893,38.8668995],[-77.0689486,38.8668017],[-77.0686942,38.866867],[-77.0684761,38.8669243],[-77.0684844,38.8669421],[-77.0685515,38.867102],[-77.0689205,38.8670087],[-77.0690239,38.8669826]]]},"properties":{"ele":"46","name":"Virginia State Police Division 7 Area 45 Office","email":"area45@vsp.virginia.gov","phone":"+1 703-845-6300","source":"USGS Geonames","amenity":"police","name:zh":"弗吉尼亚州警察局第7分局第45区办公室","website":"https://www.vsp.virginia.gov/Div7.shtm","building":"commercial","addr:city":"Arlington","addr:state":"VA","addr:street":"Columbia Pike","name:zh-Hans":"弗吉尼亚州警察局第7分局第45区办公室","addr:postcode":"22204","gnis:feature_id":"2332128","addr:housenumber":"1426","id":"way/80300536","_lat":"38.86694533213978","_lon":"-77.0687484741211","timestamp":"2024-06-13T11:00:53Z","version":6,"changeset":152627829,"user":"发光的电子管","uid":21023859}},{"type":"Feature","geometry":{"type":"Polygon","coordinates":[[[-77.0485998,38.8986467],[-77.0486801,38.8986466],[-77.0486817,38.8985114],[-77.0486822,38.8984623],[-77.0486824,38.8984479],[-77.0485994,38.8984474],[-77.0485998,38.8986467]]]},"properties":{"name":"Police Department, EMS","office":"university","source":"dcgis","amenity":"police","dataset":"buildings","smoking":"no","building":"yes","operator":"The George Washington University","dcgis:lot":"0808","addr:street":"G Street Northwest","dcgis:square":"0079","operator:type":"ngo","operator:short":"GW","addr:housenumber":"2145","dcgis:captureyear":"19990331","operator:wikidata":"Q432637","building:levels:aboveground":"2","id":"way/66409310","_lat":"38.8985480565386","_lon":"-77.04862117767334","timestamp":"2026-03-26T22:31:48Z","version":6,"changeset":180478267,"user":"brandonbds","uid":9883637}},{"type":"Feature","geometry":{"type":"Polygon","coordinates":[[[-77.0489914,38.897085],[-77.0491034,38.897085],[-77.0491035,38.8970739],[-77.0491724,38.8970731],[-77.0491732,38.8970417],[-77.0491512,38.8970416],[-77.0489912,38.8970404],[-77.0489914,38.897085]]]},"properties":{"name":"GW Community Policing Center","source":"dcgis","amenity":"police","dataset":"buildings","building":"yes","addr:city":"Washington","dcgis:lot":"0803","addr:state":"DC","addr:street":"22nd Street Northwest","dcgis:square":"0058","addr:postcode":"20052","building:levels":"3","addr:housenumber":"520","dcgis:captureyear":"19990331","id":"way/66409149","_lat":"38.897078474151655","_lon":"-77.04905033111572","timestamp":"2026-03-25T18:47:27Z","version":6,"changeset":180422793,"user":"brandonbds","uid":9883637}},{"type":"Feature","geometry":{"type":"Polygon","coordinates":[[[-77.0446767,38.8880759],[-77.0456123,38.8880673],[-77.0460861,38.8877333],[-77.046193,38.8873181],[-77.0460047,38.8873099],[-77.0456433,38.8872961],[-77.0448847,38.8872681],[-77.0446667,38.8876121],[-77.0446767,38.8880759]]]},"properties":{"lit":"yes","name":"National Park Service Stables","access":"private","indoor":"no","amenity":"police","covered":"no","addr:street":"Independence Avenue Southwest","id":"way/1266650314","_lat":"38.887692467822944","_lon":"-77.04540252685547","timestamp":"2024-09-29T02:38:24Z","version":2,"changeset":157234484,"user":"willkmis","uid":11523236}},{"type":"Feature","geometry":{"type":"Polygon","coordinates":[[[-77.0458493,38.8873915],[-77.0456923,38.8873662],[-77.0456453,38.8875426],[-77.0458023,38.887568],[-77.0458493,38.8873915]]]},"properties":{"name":"Park Police Riding Office","amenity":"police","building":"yes","operator":"United States Park Police","addr:street":"Independence Avenue Southwest","operator:short":"USPP","operator:wikidata":"Q2005254","id":"way/549439926","_lat":"38.887458637973225","_lon":"-77.04574584960938","timestamp":"2022-09-11T17:50:06Z","version":3,"changeset":126059329,"user":"SavageRainbow","uid":16411985}},{"type":"Feature","geometry":{"type":"Polygon","coordinates":[[[-77.037436,38.8880451],[-77.0373774,38.8880731],[-77.0373693,38.888077],[-77.0373597,38.8880815],[-77.0373029,38.8881087],[-77.0374277,38.888267],[-77.0374808,38.8882417],[-77.0374994,38.8882328],[-77.0375484,38.8882094],[-77.0375182,38.8881711],[-77.0375305,38.8881652],[-77.037436,38.8880451]]]},"properties":{"name":"Survey Lodge Ranger Station","source":"dcgis","amenity":"police","dataset":"buildings","building":"yes","operator":"National Park Service","dcgis:lot":"0000","dcgis:square":"0000","dcgis:captureyear":"19990331","id":"way/658565908","_lat":"38.888193532527126","_lon":"-77.03742027282715","timestamp":"2021-01-13T18:36:37Z","version":3,"changeset":97459524,"user":"ppjj","uid":6771650}},{"type":"Feature","geometry":{"type":"Polygon","coordinates":[[[-77.0123091,38.8771139],[-77.0125573,38.8771142],[-77.0125573,38.8771014],[-77.0129055,38.8771017],[-77.012917,38.8771018],[-77.0129171,38.8770163],[-77.0129594,38.877016],[-77.0129595,38.877022],[-77.0132299,38.8770203],[-77.0132396,38.8770202],[-77.0132398,38.8769061],[-77.0132399,38.876881],[-77.0131222,38.8768818],[-77.013122,38.8768651],[-77.0133741,38.8768635],[-77.0133744,38.8766881],[-77.0131178,38.8766897],[-77.0131177,38.8766825],[-77.0130581,38.8766824],[-77.0130234,38.8766823],[-77.012965,38.8766823],[-77.012965,38.8766894],[-77.0125897,38.876689],[-77.0125896,38.8766827],[-77.0125869,38.8766827],[-77.0125639,38.8766829],[-77.012564,38.8766918],[-77.0125451,38.8766919],[-77.0125443,38.8766152],[-77.0123039,38.8766149],[-77.0123072,38.8769279],[-77.0123074,38.8769475],[-77.0123091,38.8771139]]]},"properties":{"name":"Metropolitan Police Department First District Headquarters","source":"dcgis","amenity":"police","building":"yes","operator":"Metropolitan Police Department","dcgis:dataset":"buildings","mappingdc:gid":"973","operator:short":"MPD","dcgis:captureyear":"19990331","dcgis:featurecode":"2000","operator:wikidata":"Q1350854","id":"way/48036787","_lat":"38.876868631131615","_lon":"-77.01282978057861","timestamp":"2025-02-03T01:13:28Z","version":7,"changeset":162067861,"user":"Dogman15","uid":14845392}},{"type":"Feature","geometry":{"type":"Polygon","coordinates":[[[-77.0257779,38.8959766],[-77.0257789,38.89518],[-77.0256602,38.8951799],[-77.0256608,38.8947829],[-77.0256206,38.8947375],[-77.0255804,38.8946921],[-77.0255453,38.8946824],[-77.0254506,38.8946561],[-77.0253524,38.8946289],[-77.0252621,38.8946038],[-77.0251742,38.8945794],[-77.0250752,38.894552],[-77.0249716,38.8945233],[-77.0248796,38.8944978],[-77.0247827,38.8944709],[-77.0246845,38.8944436],[-77.0245879,38.8944169],[-77.0244729,38.894385],[-77.0244077,38.8943669],[-77.02435,38.8944004],[-77.0243003,38.8944277],[-77.0243003,38.8944572],[-77.0242996,38.8950991],[-77.0242995,38.895179],[-77.0241745,38.8951789],[-77.0241735,38.8959754],[-77.0257779,38.8959766]]]},"properties":{"name":"Federal Bureau of Investigation","office":"government","source":"dcgis","amenity":"police","name:be":"Федэральнае бюро расследванняў","name:el":"Κτίριο του Ομοσπονδιακού Γραφείου Ερευνών J Edgar Hoover","name:en":"Federal Bureau of Investigation","name:es":"Oficina Federal de Investigación Edificio J Edgar Hoover","name:pl":"Budynek Federalnego Biura Śledczego J Edgara Hoovera","name:ru":"Федеральное бюро расследований","website":"https://www.fbi.gov/","operator":"United States Department of Justice","wikidata":"Q8333","addr:city":"Washington","wikipedia":"en:Federal Bureau of Investigation","addr:state":"DC","government":"investigation","short_name":"FBI","addr:street":"Pennsylvania Avenue Northwest","addr:postcode":"20535","short_name:be":"ФБР","short_name:en":"FBI","short_name:ru":"ФБР","addr:housenumber":"935","air_conditioning":"yes","subject:wikidata":"Q8333","operator:wikidata":"Q1553390","not:operator:wikidata":"Q8333","id":"way/1086368696","_lat":"38.8951746471533","_lon":"-77.02497482299805","timestamp":"2024-01-05T15:26:56Z","version":24,"changeset":145926777,"user":"corrector_91","uid":3418742}},{"type":"Feature","geometry":{"type":"Polygon","coordinates":[[[-77.0473183,38.9280607],[-77.0473703,38.9281215],[-77.047374,38.9281258],[-77.0475482,38.9280352],[-77.0473844,38.9278433],[-77.0472102,38.9279339],[-77.0472647,38.9279978],[-77.047256,38.9280023],[-77.047283,38.928034],[-77.0473097,38.9280652],[-77.0473183,38.9280607]]]},"properties":{"name":"Zoo Police Station","source":"dcgis","amenity":"police","dataset":"buildings","building":"office","dcgis:lot":"0006","dcgis:gis_id":"22627","dcgis:square":"PAR","building:levels":"1","dcgis:captureyear":"19990331","id":"way/69754409","_lat":"38.92796670382165","_lon":"-77.04741954803467","timestamp":"2019-12-30T00:22:31Z","version":3,"changeset":78992828,"user":"Sparks","uid":80285}},{"type":"Feature","geometry":{"type":"Polygon","coordinates":[[[-76.9804048,38.9274185],[-76.9804107,38.9274882],[-76.9805614,38.9274805],[-76.9805529,38.9273804],[-76.9805711,38.9273795],[-76.9805582,38.9272263],[-76.9803715,38.9272359],[-76.9803727,38.9272503],[-76.9803844,38.9273891],[-76.9804023,38.9273882],[-76.9804028,38.9273949],[-76.9803761,38.9273963],[-76.980378,38.9274199],[-76.9804048,38.9274185]]]},"properties":{"ele":"49","name":"Washington District of Columbia Police Department - Youth Investigations and Family Violence","source":"USGS Geonames","amenity":"police","building":"yes","addr:state":"DC","addr:street":"Rhode Island Avenue Northeast","dcgis:gis_id":"70953","addr:postcode":"20018","gnis:feature_id":"2335141","addr:housenumber":"1700","id":"way/296286182","_lat":"38.92736576381678","_lon":"-76.98047161102295","timestamp":"2024-08-12T19:39:38Z","version":2,"changeset":155164666,"user":"Mateusz Konieczny - bot account","uid":3199858}},{"type":"Feature","geometry":{"type":"Polygon","coordinates":[[[-76.9734991,38.9148661],[-76.9735009,38.9153591],[-76.9738921,38.9153582],[-76.9738912,38.9151158],[-76.9738907,38.9149738],[-76.9738903,38.9148669],[-76.9737301,38.9148673],[-76.97373,38.9148202],[-76.973572,38.9148206],[-76.9735722,38.914866],[-76.9734991,38.9148661]]]},"properties":{"ele":"22","name":"Metropolitan Police Department Fifth District Headquarters","source":"USGS Geonames","amenity":"police","website":"https://mpdc.dc.gov/page/welcome-fifth-district","building":"yes","operator":"Metropolitan Police Department","addr:state":"DC","addr:street":"Bladensburg Road Northeast","dcgis:gis_id":"62128","addr:postcode":"20002","operator:short":"MPD","gnis:feature_id":"2335135","addr:housenumber":"1805","operator:wikidata":"Q1350854","id":"way/298560048","_lat":"38.915078762973636","_lon":"-76.9736909866333","timestamp":"2023-10-23T04:39:29Z","version":3,"changeset":142997640,"user":"Land1630","uid":20197784}},{"type":"Feature","geometry":{"type":"Polygon","coordinates":[[[-76.9992626,38.8835719],[-76.9993497,38.883572],[-76.9993502,38.8833734],[-76.9993503,38.8833452],[-76.9991423,38.8833449],[-76.9991417,38.8835457],[-76.9991417,38.8835717],[-76.9991779,38.8835717],[-76.9992626,38.8835719]]]},"properties":{"ele":"23","name":"Washington District of Columbia Police Department District 1 Substation","source":"dcgis;USGS Geonames","amenity":"police","building":"yes","addr:city":"Washington","addr:state":"DC","addr:street":"E Street Southeast","addr:country":"US","addr:postcode":"20003","dcgis:dataset":"buildings","mappingdc:gid":"8696","gnis:feature_id":"2335139","addr:housenumber":"500","dcgis:captureyear":"19990331","dcgis:featurecode":"2000","id":"way/48039178","_lat":"38.88344998839669","_lon":"-76.99922561645508","timestamp":"2024-08-12T19:29:40Z","version":6,"changeset":155164666,"user":"Mateusz Konieczny - bot account","uid":3199858}},{"type":"Feature","geometry":{"type":"Polygon","coordinates":[[[-76.9286167,38.9007173],[-76.9291451,38.9007163],[-76.9296252,38.9007205],[-76.92999,38.9007664],[-76.9307437,38.9007142],[-76.9311513,38.9007027],[-76.9311634,38.9002268],[-76.9311607,38.8999513],[-76.930631,38.90004],[-76.9300382,38.9000942],[-76.9295474,38.9001026],[-76.9292202,38.9000817],[-76.9288822,38.9000483],[-76.9286167,38.9000024],[-76.9286247,38.9003322],[-76.9286167,38.9007173]]]},"properties":{"name":"Metropolitan Police Department Sixth District Headquarters","amenity":"police","operator":"Metropolitan Police Department","addr:city":"Washington","addr:state":"DC","addr:street":"Hayes Street Northeast","addr:postcode":"20019","operator:short":"MPD","addr:housenumber":"5002","operator:wikidata":"Q1350854","id":"way/132668686","_lat":"38.90038499077278","_lon":"-76.92987442016602","timestamp":"2026-03-15T19:26:37Z","version":3,"changeset":179914650,"user":"KB-01","uid":9509339}},{"type":"Feature","geometry":{"type":"Polygon","coordinates":[[[-76.9436992,38.8929319],[-76.9436993,38.8929346],[-76.9437047,38.8929442],[-76.9437132,38.8929489],[-76.9437267,38.8929497],[-76.9437358,38.8929461],[-76.9437437,38.8929346],[-76.943744,38.8929065],[-76.9438613,38.8929067],[-76.9438624,38.8924608],[-76.9437909,38.8924607],[-76.943791,38.8924319],[-76.9433856,38.8924313],[-76.9433849,38.8927463],[-76.9433682,38.8927463],[-76.9433678,38.8929314],[-76.9436992,38.8929319]]]},"properties":{"ele":"18","name":"Washington District of Columbia Police Department District 6","source":"USGS Geonames","amenity":"police","building":"yes","addr:state":"DC","addr:street":"Benning Road Northeast","dcgis:gis_id":"49573","addr:postcode":"20019","gnis:feature_id":"2335134","addr:housenumber":"4103","id":"way/296075228","_lat":"38.89266954395353","_lon":"-76.94360733032227","timestamp":"2024-08-12T19:39:07Z","version":2,"changeset":155164666,"user":"Mateusz Konieczny - bot account","uid":3199858}},{"type":"Feature","geometry":{"type":"Polygon","coordinates":[[[-77.0567687,38.9369075],[-77.0567497,38.9369065],[-77.056748,38.9369269],[-77.056767,38.9369278],[-77.0567687,38.9369075]]]},"properties":{"barrier":"toll_booth","building":"yes","police":"checkpoint","id":"way/1333769173","_lat":"38.93691715","_lon":"-77.05675835","timestamp":"2025-01-19T12:42:25Z","version":2,"changeset":161522799,"user":"Mateusz Konieczny - bot account","uid":3199858}}]}